Workbook
Name Ext._Landed_COGS: #REF!
Name Ext._Proposed_Price: #REF!
Name Ext_Landed_Rebate_COGS: #REF!
Name Ext_Landed_Rebate_Value: #REF!
Name Multiplier_from_Dashboard: #REF!

Sheet SUMMARY
A1: CATEGORY | B1: SKU COUNT | C1: BLUE TRITON EXT | D1: PA EXT | E1: DIFF $ | F1: DIFF %
A2: BEARINGS | B2: =COUNTIF('Transaction Details'!W:W,A2) -> 19 | C2: =SUMPRODUCT( --($A2='Transaction Details'!$W:$W),'Transaction Details'!AC:AC) -> 6757.9877 | D2: =SUMPRODUCT( --($A2='Transaction Details'!$W:$W),'Transaction Details'!AD:AD) -> 4460.5801 | E2: =SUMPRODUCT( --($A2='Transaction Details'!$W:$W),'Transaction Details'!AE:AE) -> 2297.4076 | F2: =E2/C2 -> 0.33995439
A3: ELECTRICAL POWER TRANSMISSION | B3: =COUNTIF('Transaction Details'!W:W,A3) -> 28 | C3: =SUMPRODUCT( --($A3='Transaction Details'!$W:$W),'Transaction Details'!AC:AC) -> 18514.595 | D3: =SUMPRODUCT( --($A3='Transaction Details'!$W:$W),'Transaction Details'!AD:AD) -> 17339.095 | E3: =SUMPRODUCT( --($A3='Transaction Details'!$W:$W),'Transaction Details'!AE:AE) -> 1175.5002 | F3: =E3/C3 -> 0.063490461
A4: FLUID POWER | B4: =COUNTIF('Transaction Details'!W:W,A4) -> 106 | C4: =SUMPRODUCT( --($A4='Transaction Details'!$W:$W),'Transaction Details'!AC:AC) -> 93319.779 | D4: =SUMPRODUCT( --($A4='Transaction Details'!$W:$W),'Transaction Details'!AD:AD) -> 90936.941 | E4: =SUMPRODUCT( --($A4='Transaction Details'!$W:$W),'Transaction Details'!AE:AE) -> 2382.838 | F4: =E4/C4 -> 0.025534116
A5: GENERAL INDUSTRIAL SUPPLY | B5: =COUNTIF('Transaction Details'!W:W,A5) -> 3 | C5: =SUMPRODUCT( --($A5='Transaction Details'!$W:$W),'Transaction Details'!AC:AC) -> 929.07 | D5: =SUMPRODUCT( --($A5='Transaction Details'!$W:$W),'Transaction Details'!AD:AD) -> 711.9 | E5: =SUMPRODUCT( --($A5='Transaction Details'!$W:$W),'Transaction Details'!AE:AE) -> 217.17 | F5: =E5/C5 -> 0.23374988
A6: LINEAR MOTION PRODUCTS | B6: =COUNTIF('Transaction Details'!W:W,A6) -> 5 | C6: =SUMPRODUCT( --($A6='Transaction Details'!$W:$W),'Transaction Details'!AC:AC) -> 846.31632 | D6: =SUMPRODUCT( --($A6='Transaction Details'!$W:$W),'Transaction Details'!AD:AD) -> 956.08522 | E6: =SUMPRODUCT( --($A6='Transaction Details'!$W:$W),'Transaction Details'!AE:AE) -> -109.7689 | F6: =E6/C6 -> -0.12970197
A7: LUBRICANT PRODUCTS | B7: =COUNTIF('Transaction Details'!W:W,A7) -> 35 | C7: =SUMPRODUCT( --($A7='Transaction Details'!$W:$W),'Transaction Details'!AC:AC) -> 9480.1464 | D7: =SUMPRODUCT( --($A7='Transaction Details'!$W:$W),'Transaction Details'!AD:AD) -> 9691.9065 | E7: =SUMPRODUCT( --($A7='Transaction Details'!$W:$W),'Transaction Details'!AE:AE) -> -211.76013 | F7: =E7/C7 -> -0.022337222
A8: MATERIAL HANDLING | B8: =COUNTIF('Transaction Details'!W:W,A8) -> 8 | C8: =SUMPRODUCT( --($A8='Transaction Details'!$W:$W),'Transaction Details'!AC:AC) -> 12323.85 | D8: =SUMPRODUCT( --($A8='Transaction Details'!$W:$W),'Transaction Details'!AD:AD) -> 11506.812 | E8: =SUMPRODUCT( --($A8='Transaction Details'!$W:$W),'Transaction Details'!AE:AE) -> 817.03788 | F8: =E8/C8 -> 0.066297292
A9: MECHANICAL POWER TRANSMISSION | B9: =COUNTIF('Transaction Details'!W:W,A9) -> 61 | C9: =SUMPRODUCT( --($A9='Transaction Details'!$W:$W),'Transaction Details'!AC:AC) -> 20458.096 | D9: =SUMPRODUCT( --($A9='Transaction Details'!$W:$W),'Transaction Details'!AD:AD) -> 18950.914 | E9: =SUMPRODUCT( --($A9='Transaction Details'!$W:$W),'Transaction Details'!AE:AE) -> 1507.1817 | F9: =E9/C9 -> 0.073671654
A10: SAFETY PRODUCTS | B10: =COUNTIF('Transaction Details'!W:W,A10) -> 3 | C10: =SUMPRODUCT( --($A10='Transaction Details'!$W:$W),'Transaction Details'!AC:AC) -> 760.36 | D10: =SUMPRODUCT( --($A10='Transaction Details'!$W:$W),'Transaction Details'!AD:AD) -> 570.48 | E10: =SUMPRODUCT( --($A10='Transaction Details'!$W:$W),'Transaction Details'!AE:AE) -> 189.88 | F10: =E10/C10 -> 0.24972382
A11: SEALS PACKING ORINGS | B11: =COUNTIF('Transaction Details'!W:W,A11) -> 2 | C11: =SUMPRODUCT( --($A11='Transaction Details'!$W:$W),'Transaction Details'!AC:AC) -> 289.86 | D11: =SUMPRODUCT( --($A11='Transaction Details'!$W:$W),'Transaction Details'!AD:AD) -> 152.85 | E11: =SUMPRODUCT( --($A11='Transaction Details'!$W:$W),'Transaction Details'!AE:AE) -> 137.01 | F11: =E11/C11 -> 0.47267646
A12: TOOLS | B12: =COUNTIF('Transaction Details'!W:W,A12) -> 6 | C12: =SUMPRODUCT( --($A12='Transaction Details'!$W:$W),'Transaction Details'!AC:AC) -> 3795.4124 | D12: =SUMPRODUCT( --($A12='Transaction Details'!$W:$W),'Transaction Details'!AD:AD) -> 3561.732 | E12: =SUMPRODUCT( --($A12='Transaction Details'!$W:$W),'Transaction Details'!AE:AE) -> 233.68038 | F12: =E12/C12 -> 0.061569168
A13: TOTAL | B13: =SUM(B2:B12) -> 276 | C13: =SUM(C2:C12) -> 167475.47 | D13: =SUM(D2:D12) -> 158839.3 | E13: =SUM(E2:E12) -> 8636.1768 | F13: =E13/C13 -> 0.051566816

Sheet Transaction Details
S1: =COUNT(S3:S29891) -> 276 | AC1: =SUBTOTAL(9,AC3:AC39910) -> 167475.47 | AD1: =SUBTOTAL(9,AD3:AD39910) -> 158839.3 | AE1: =SUBTOTAL(9,AE3:AE39910) -> 8636.1768 | AF1: =AE1/AC1 -> 0.051566816
A2: SC | B2: Billing Document Number | C2: Billing Date | D2: Master Customer (Heading) | E2: Master Customer Division (Heading) | F2: Sold-To-Party | G2: Ship-To Party | H2: Ship-To Party (Heading) | I2: Street Address | J2: City | K2: State | L2: Postal Code | M2: Customer Material Number | N2: Customer Purchase Order Number | O2: MFG Code | P2: Manufacturer Part Number | Q2: Material | R2: UOM | S2: Billing Quantity | T2: 1ST SAP MFR | U2: 1ST SAP PN | V2: 1ST SAP MATERIAL# | W2: CATEGORY | X2: 1ST SAP DESCRIPTION | Y2: 1ST SAP UOM | Z2: 1ST SAP MATERIAL STATUS | AA2: PA PRICE | AB2: BLUE TRITON Price | AC2: BLUE TRITON EXT | AD2: PA EXT | AE2: DIFF $ | AF2: DIFF % | AG2: SAVINGS CATEGORY | AH2: AIT NOTES | AI2: CSPL | AJ2: ROLLING 12 | AK2: CODE
A3: 2842 | B3: 7020969688 | C3: 44257 | D3: NESTLE | E3: NESTLE - BOTTLED WATER | F3: 0001522689 | G3: 0001622857 | H3: NESTLE WATERS NORTH AMERICA | I3: 5772 JURUPA ST | J3: ONTARIO | K3: CA | L3: 91761-3672 | M3: . | N3: 4559249513 | O3: LUBR | P3: L0945-057 | Q3: 102070387 | R3: EA | S3: 1 | T3: LUBR | U3: L0945-057 | V3: 102070387 | W3: LUBRICANT PRODUCTS | X3: LUBR_L0945-057 | Y3: EA | AA3: 26.58525 | AB3: 25.25 | AC3: =AB3*S3 -> 25.25 | AD3: =AA3*S3 -> 26.58525 | AE3: =AC3-AD3 -> -1.3352496 | AF3: =AE3/AC3 -> -0.052881173 | AG3: =IF(AF3<0,"Negative",IF(AF3=0,"Same",IF(AF3>0.3,"30+%",IF(AF3>0.2,"20-30%",IF(AF3>0.1,"10-20%",IF(AF3<=0.1,"0-10%")))))) -> Negative | AI3: NO | AJ3: 0
A4: 2756 | B4: 7020980859 | C4: 44258 | D4: NESTLE | E4: NESTLE - BOTTLED WATER | F4: 0001522689 | G4: 0001621275 | H4: NESTLE WATERS / ICE MTN | I4: 19275 8 MILE RD US PL NW | J4: STANWOOD | K4: MI | L4: 49346-8806 | M4: 104450558 | N4: 4565658877 | O4: DONA | P4: 1C220048-25 | Q4: 110988151 | R4: EA | S4: 2 | T4: DONA | U4: 1C220048-25 | V4: 110988151 | W4: FLUID POWER | X4: DONA_1C220048-25 | Y4: EA | AA4: 243.49 | AB4: 237.11 | AC4: =AB4*S4 -> 474.22 | AD4: =AA4*S4 -> 486.98 | AE4: =AC4-AD4 -> -12.76 | AF4: =AE4/AC4 -> -0.026907343 | AG4: =IF(AF4<0,"Negative",IF(AF4=0,"Same",IF(AF4>0.3,"30+%",IF(AF4>0.2,"20-30%",IF(AF4>0.1,"10-20%",IF(AF4<=0.1,"0-10%")))))) -> Negative | AH4: SPECIAL PRICING. WILL NEED TO CONFIRM MFR WILL EXTEND. | AI4: NO | AJ4: 0
A5: 2756 | B5: 7020980859 | C5: 44258 | D5: NESTLE | E5: NESTLE - BOTTLED WATER | F5: 0001522689 | G5: 0001621275 | H5: NESTLE WATERS / ICE MTN | I5: 19275 8 MILE RD US PL NW | J5: STANWOOD | K5: MI | L5: 49346-8806 | M5: 101980156 | N5: 4565658877 | O5: DONA | P5: 1C125164 | Q5: 110223931 | R5: EA | S5: 2 | T5: DONA | U5: 1C125164 | V5: 110223931 | W5: FLUID POWER | X5: DONA_1C125164 | Y5: EA | AA5: 337.03774 | AB5: 359.33333 | AC5: =AB5*S5 -> 718.66667 | AD5: =AA5*S5 -> 674.07547 | AE5: =AC5-AD5 -> 44.591195 | AF5: =AE5/AC5 -> 0.062047117 | AG5: =IF(AF5<0,"Negative",IF(AF5=0,"Same",IF(AF5>0.3,"30+%",IF(AF5>0.2,"20-30%",IF(AF5>0.1,"10-20%",IF(AF5<=0.1,"0-10%")))))) -> 0-10% | AH5: SPECIAL PRICING. WILL NEED TO CONFIRM MFR WILL EXTEND. | AI5: NO | AJ5: 0
A6: 2756 | B6: 7020980859 | C6: 44258 | D6: NESTLE | E6: NESTLE - BOTTLED WATER | F6: 0001522689 | G6: 0001621275 | H6: NESTLE WATERS / ICE MTN | I6: 19275 8 MILE RD US PL NW | J6: STANWOOD | K6: MI | L6: 49346-8806 | M6: 104333951 | N6: 4565658877 | O6: DONA | P6: 1C125764 | Q6: 110224139 | R6: EA | S6: 2 | T6: DONA | U6: 1C125764 | V6: 110224139 | W6: FLUID POWER | X6: DONA_1C125764 | Y6: EA | AA6: 381.77358 | AB6: 407 | AC6: =AB6*S6 -> 814 | AD6: =AA6*S6 -> 763.54717 | AE6: =AC6-AD6 -> 50.45283 | AF6: =AE6/AC6 -> 0.061981364 | AG6: =IF(AF6<0,"Negative",IF(AF6=0,"Same",IF(AF6>0.3,"30+%",IF(AF6>0.2,"20-30%",IF(AF6>0.1,"10-20%",IF(AF6<=0.1,"0-10%")))))) -> 0-10% | AH6: SPECIAL PRICING. WILL NEED TO CONFIRM MFR WILL EXTEND. | AI6: YES | AJ6: 4
A7: 2756 | B7: 7020980859 | C7: 44258 | D7: NESTLE | E7: NESTLE - BOTTLED WATER | F7: 0001522689 | G7: 0001621275 | H7: NESTLE WATERS / ICE MTN | I7: 19275 8 MILE RD US PL NW | J7: STANWOOD | K7: MI | L7: 49346-8806 | M7: 101131844 | N7: 4565658877 | O7: DONA | P7: 1C122164 | Q7: 103674709 | R7: EA | S7: 2 | T7: DONA | U7: 1C122164 | V7: 103674709 | W7: FLUID POWER | X7: DONA_1C122164 | Y7: EA | AA7: 378.88679 | AB7: 404.06667 | AC7: =AB7*S7 -> 808.13333 | AD7: =AA7*S7 -> 757.77358 | AE7: =AC7-AD7 -> 50.359748 | AF7: =AE7/AC7 -> 0.062316138 | AG7: =IF(AF7<0,"Negative",IF(AF7=0,"Same",IF(AF7>0.3,"30+%",IF(AF7>0.2,"20-30%",IF(AF7>0.1,"10-20%",IF(AF7<=0.1,"0-10%")))))) -> 0-10% | AH7: SPECIAL PRICING. WILL NEED TO CONFIRM MFR WILL EXTEND. | AI7: NO | AJ7: 0
A8: 2756 | B8: 7020980859 | C8: 44258 | D8: NESTLE | E8: NESTLE - BOTTLED WATER | F8: 0001522689 | G8: 0001621275 | H8: NESTLE WATERS / ICE MTN | I8: 19275 8 MILE RD US PL NW | J8: STANWOOD | K8: MI | L8: 49346-8806 | M8: 101163015 | N8: 4565658877 | O8: DONA | P8: 1C124364 | Q8: 103720400 | R8: EA | S8: 4 | T8: DONA | U8: 1C124364 | V8: 103720400 | W8: FLUID POWER | X8: DONA_1C124364 | Y8: EA | AA8: 461.16981 | AB8: 489.86667 | AC8: =AB8*S8 -> 1959.4667 | AD8: =AA8*S8 -> 1844.6792 | AE8: =AC8-AD8 -> 114.78742 | AF8: =AE8/AC8 -> 0.058580951 | AG8: =IF(AF8<0,"Negative",IF(AF8=0,"Same",IF(AF8>0.3,"30+%",IF(AF8>0.2,"20-30%",IF(AF8>0.1,"10-20%",IF(AF8<=0.1,"0-10%")))))) -> 0-10% | AH8: SPECIAL PRICING. WILL NEED TO CONFIRM MFR WILL EXTEND. | AI8: NO | AJ8: 0
A9: 2842 | B9: 7020983873 | C9: 44258 | D9: NESTLE | E9: NESTLE - BOTTLED WATER | F9: 0001522689 | G9: 0001622857 | H9: NESTLE WATERS NORTH AMERICA | I9: 5772 JURUPA ST | J9: ONTARIO | K9: CA | L9: 91761-3672 | M9: . | N9: 4559249513 | O9: LUBR | P9: L0879-057 | Q9: 101936230 | R9: EA | S9: 2 | T9: LUBR | U9: L0879-057 | V9: 101936230 | W9: LUBRICANT PRODUCTS | X9: LUBR_L0879-057 | Y9: EA | AA9: 37.99 | AB9: 37.94 | AC9: =AB9*S9 -> 75.88 | AD9: =AA9*S9 -> 75.98 | AE9: =AC9-AD9 -> -0.1 | AF9: =AE9/AC9 -> -0.0013178703 | AG9: =IF(AF9<0,"Negative",IF(AF9=0,"Same",IF(AF9>0.3,"30+%",IF(AF9>0.2,"20-30%",IF(AF9>0.1,"10-20%",IF(AF9<=0.1,"0-10%")))))) -> Negative | AI9: YES | AJ9: 24
A10: 2842 | B10: 7020983939 | C10: 44258 | D10: NESTLE | E10: NESTLE - BOTTLED WATER | F10: 0001522689 | G10: 0001622857 | H10: NESTLE WATERS NORTH AMERICA | I10: 5772 JURUPA ST | J10: ONTARIO | K10: CA | L10: 91761-3672 | M10: STOCK FONTANA | N10: 4565538859 | O10: GOLD | P10: CFK1-7/16X48 | Q10: 101718970 | R10: EA | S10: 1 | T10: GOLD | U10: CFK1-7/16X48 | V10: 101718970 | W10: LINEAR MOTION PRODUCTS | X10: GOLD_CFK1-7/16X48 | Y10: EA | AA10: 76.025038 | AB10: 67.29 | AC10: =AB10*S10 -> 67.29 | AD10: =AA10*S10 -> 76.025038 | AE10: =AC10-AD10 -> -8.7350384 | AF10: =AE10/AC10 -> -0.12981183 | AG10: =IF(AF10<0,"Negative",IF(AF10=0,"Same",IF(AF10>0.3,"30+%",IF(AF10>0.2,"20-30%",IF(AF10>0.1,"10-20%",IF(AF10<=0.1,"0-10%")))))) -> Negative | AI10: NO | AJ10: 8
A11: 2842 | B11: 7020984018 | C11: 44258 | D11: NESTLE | E11: NESTLE - BOTTLED WATER | F11: 0001522689 | G11: 0001622857 | H11: NESTLE WATERS NORTH AMERICA | I11: 5772 JURUPA ST | J11: ONTARIO | K11: CA | L11: 91761-3672 | M11: . | N11: 4559249513 | O11: LUBR | P11: L0912-063 | Q11: 102070819 | R11: EA | S11: 12 | T11: LUBR | U11: L0931-063 | V11: 118643487 | W11: LUBRICANT PRODUCTS | X11: LUBR_L0931-063 | Y11: EA | AA11: 14.829004 | AB11: 14.09 | AC11: =AB11*S11 -> 169.08 | AD11: =AA11*S11 -> 177.94805 | AE11: =AC11-AD11 -> -8.8680521 | AF11: =AE11/AC11 -> -0.052448853 | AG11: =IF(AF11<0,"Negative",IF(AF11=0,"Same",IF(AF11>0.3,"30+%",IF(AF11>0.2,"20-30%",IF(AF11>0.1,"10-20%",IF(AF11<=0.1,"0-10%")))))) -> Negative | AI11: NO | AJ11: 48
A12: 2842 | B12: 7020984018 | C12: 44258 | D12: NESTLE | E12: NESTLE - BOTTLED WATER | F12: 0001522689 | G12: 0001622857 | H12: NESTLE WATERS NORTH AMERICA | I12: 5772 JURUPA ST | J12: ONTARIO | K12: CA | L12: 91761-3672 | M12: . | N12: 4559249513 | O12: LUBR | P12: L0311-098 | Q12: 112510875 | R12: EA | S12: 4 | T12: LUBR | U12: L0311-098 | V12: 112510875 | W12: LUBRICANT PRODUCTS | X12: LUBR_L0311-098 | Y12: EA | AA12: 16.804579 | AB12: 15.97 | AC12: =AB12*S12 -> 63.88 | AD12: =AA12*S12 -> 67.218316 | AE12: =AC12-AD12 -> -3.3383157 | AF12: =AE12/AC12 -> -0.052259169 | AG12: =IF(AF12<0,"Negative",IF(AF12=0,"Same",IF(AF12>0.3,"30+%",IF(AF12>0.2,"20-30%",IF(AF12>0.1,"10-20%",IF(AF12<=0.1,"0-10%")))))) -> Negative | AI12: NO | AJ12: 0
A13: 2842 | B13: 7020989500 | C13: 44259 | D13: NESTLE | E13: NESTLE - BOTTLED WATER | F13: 0001522689 | G13: 0001622857 | H13: NESTLE WATERS NORTH AMERICA | I13: 5772 JURUPA ST | J13: ONTARIO | K13: CA | L13: 91761-3672 | M13: . | N13: 4559249513 | O13: LUBR | P13: L0917-057 | Q13: 101352292 | R13: EA | S13: 1 | T13: LUBR | U13: L0917-057 | V13: 101352292 | W13: LUBRICANT PRODUCTS | X13: LUBR_L0917-057 | Y13: EA | AA13: 59.81 | AB13: 62.08 | AC13: =AB13*S13 -> 62.08 | AD13: =AA13*S13 -> 59.81 | AE13: =AC13-AD13 -> 2.27 | AF13: =AE13/AC13 -> 0.036565722 | AG13: =IF(AF13<0,"Negative",IF(AF13=0,"Same",IF(AF13>0.3,"30+%",IF(AF13>0.2,"20-30%",IF(AF13>0.1,"10-20%",IF(AF13<=0.1,"0-10%")))))) -> 0-10% | AI13: YES | AJ13: 24
A14: 2756 | B14: 7021021723 | C14: 44264 | D14: NESTLE | E14: NESTLE - BOTTLED WATER | F14: 0001522689 | G14: 0001621275 | H14: NESTLE WATERS / ICE MTN | I14: 19275 8 MILE RD US PL NW | J14: STANWOOD | K14: MI | L14: 49346-8806 | M14: 104450558 | N14: 4565700572 | O14: DONA | P14: 1C220048-25 | Q14: 110988151 | R14: EA | S14: 2 | T14: DONA | U14: 1C220048-25 | V14: 110988151 | W14: FLUID POWER | X14: DONA_1C220048-25 | Y14: EA | AA14: 243.49 | AB14: 237.11 | AC14: =AB14*S14 -> 474.22 | AD14: =AA14*S14 -> 486.98 | AE14: =AC14-AD14 -> -12.76 | AF14: =AE14/AC14 -> -0.026907343 | AG14: =IF(AF14<0,"Negative",IF(AF14=0,"Same",IF(AF14>0.3,"30+%",IF(AF14>0.2,"20-30%",IF(AF14>0.1,"10-20%",IF(AF14<=0.1,"0-10%")))))) -> Negative | AH14: SPECIAL PRICING. WILL NEED TO CONFIRM MFR WILL EXTEND. | AI14: NO | AJ14: 0
A15: 2154 | B15: 7021031552 | C15: 44265 | D15: NESTLE | E15: NESTLE - BOTTLED WATER | F15: 0001522689 | G15: 0001602753 | H15: NESTLE WATERS NORTH AMERICA | I15: 305 NESTLE WAY | J15: BREINIGSVILLE | K15: PA | L15: 18031-1422 | M15: 103268278 | N15: 4565334831 | O15: MAGT | P15: SI-N3/V | Q15: 105081744 | R15: EA | S15: 1 | T15: MAGT | U15: SI-N3/V | V15: 105081744 | W15: ELECTRICAL POWER TRANSMISSION | X15: MAGT_SI-N3/V | Y15: EA | Z15: FPA/POR | AA15: 150.5 | AB15: 150.28758 | AC15: =AB15*S15 -> 150.28758 | AD15: =AA15*S15 -> 150.5 | AE15: =AC15-AD15 -> -0.21242077 | AF15: =AE15/AC15 -> -0.0014134286 | AG15: =IF(AF15<0,"Negative",IF(AF15=0,"Same",IF(AF15>0.3,"30+%",IF(AF15>0.2,"20-30%",IF(AF15>0.1,"10-20%",IF(AF15<=0.1,"0-10%")))))) -> Negative | AI15: NO | AJ15: 0
A16: 2842 | B16: 7021036374 | C16: 44265 | D16: NESTLE | E16: NESTLE - BOTTLED WATER | F16: 0001522689 | G16: 0001622857 | H16: NESTLE WATERS NORTH AMERICA | I16: 5772 JURUPA ST | J16: ONTARIO | K16: CA | L16: 91761-3672 | M16: 102020187 | N16: 4565728191 | O16: BALD | P16: VM3538 | Q16: 101002986 | R16: EA | S16: 1 | T16: BALD | U16: VM3538 | V16: 101002986 | W16: ELECTRICAL POWER TRANSMISSION | X16: BALD_VM3538 | Y16: EA | AA16: 276.84 | AB16: 309.08 | AC16: =AB16*S16 -> 309.08 | AD16: =AA16*S16 -> 276.84 | AE16: =AC16-AD16 -> 32.24 | AF16: =AE16/AC16 -> 0.10430956 | AG16: =IF(AF16<0,"Negative",IF(AF16=0,"Same",IF(AF16>0.3,"30+%",IF(AF16>0.2,"20-30%",IF(AF16>0.1,"10-20%",IF(AF16<=0.1,"0-10%")))))) -> 10-20% | AI16: YES | AJ16: 161
A17: 2842 | B17: 7021055909 | C17: 44267 | D17: NESTLE | E17: NESTLE - BOTTLED WATER | F17: 0001522689 | G17: 0001622857 | H17: NESTLE WATERS NORTH AMERICA | I17: 5772 JURUPA ST | J17: ONTARIO | K17: CA | L17: 91761-3672 | M17: . | N17: 4565728191 | O17: BOST | P17: HF724-50-B5-H-P23 | Q17: 110277525 | R17: EA | S17: 1 | T17: BOST | U17: HF724-50-B5-H-P23 | V17: 110277525 | W17: MECHANICAL POWER TRANSMISSION | X17: BOST_HF724-50-B5-H-P23 | Y17: EA | AA17: 862.98 | AB17: 1044.78 | AC17: =AB17*S17 -> 1044.78 | AD17: =AA17*S17 -> 862.98 | AE17: =AC17-AD17 -> 181.8 | AF17: =AE17/AC17 -> 0.17400793 | AG17: =IF(AF17<0,"Negative",IF(AF17=0,"Same",IF(AF17>0.3,"30+%",IF(AF17>0.2,"20-30%",IF(AF17>0.1,"10-20%",IF(AF17<=0.1,"0-10%")))))) -> 10-20% | AI17: NO | AJ17: 0
A18: 2258 | B18: 7021060498 | C18: 44267 | D18: NESTLE | E18: NESTLE - BOTTLED WATER | F18: 0001505447 | G18: 0001505447 | H18: ZEPHYRHILLS BOTTLED WATER | I18: 4330 20TH ST | J18: ZEPHYRHILLS | K18: FL | L18: 33542-6797 | M18: . | N18: 4565319604 | O18: RADC | P18: C09-0F | Q18: 105797530 | R18: EA | S18: 1 | T18: RADC | U18: C09-0F | V18: 105797530 | W18: MECHANICAL POWER TRANSMISSION | X18: RADC_C09-0F | Y18: EA | AA18: 447.85 | AB18: 608.00552 | AC18: =AB18*S18 -> 608.00552 | AD18: =AA18*S18 -> 447.85 | AE18: =AC18-AD18 -> 160.15552 | AF18: =AE18/AC18 -> 0.26341129 | AG18: =IF(AF18<0,"Negative",IF(AF18=0,"Same",IF(AF18>0.3,"30+%",IF(AF18>0.2,"20-30%",IF(AF18>0.1,"10-20%",IF(AF18<=0.1,"0-10%")))))) -> 20-30% | AI18: NO | AJ18: 0
A19: 2842 | B19: 7021067060 | C19: 44270 | D19: NESTLE | E19: NESTLE - BOTTLED WATER | F19: 0001522689 | G19: 0001622857 | H19: NESTLE WATERS NORTH AMERICA | I19: 5772 JURUPA ST | J19: ONTARIO | K19: CA | L19: 91761-3672 | M19: 7-10 DAYS ARO | N19: 4565641034 | O19: HYDR | P19: L2K-3648 | Q19: 118062645 | R19: EA | S19: 1 | T19: HYDR | U19: L2K-3648 | V19: 118062645 | W19: TOOLS | X19: HYDR_L2K-3648 | Y19: EA | Z19: FPA/POR | AA19: 2204.715 | AB19: 2325.3 | AC19: =AB19*S19 -> 2325.3 | AD19: =AA19*S19 -> 2204.715 | AE19: =AC19-AD19 -> 120.585 | AF19: =AE19/AC19 -> 0.051857826 | AG19: =IF(AF19<0,"Negative",IF(AF19=0,"Same",IF(AF19>0.3,"30+%",IF(AF19>0.2,"20-30%",IF(AF19>0.1,"10-20%",IF(AF19<=0.1,"0-10%")))))) -> 0-10% | AI19: NO | AJ19: 0
A20: 2842 | B20: 7021084449 | C20: 44271 | D20: NESTLE | E20: NESTLE - BOTTLED WATER | F20: 0001522689 | G20: 0001622857 | H20: NESTLE WATERS NORTH AMERICA | I20: 5772 JURUPA ST | J20: ONTARIO | K20: CA | L20: 91761-3672 | M20: . | N20: 4565788529 | O20: UST | P20: 50 2RIV | Q20: 100800671 | R20: FT | S20: 120 | T20: UST | U20: 50 2RIV | V20: 100800671 | W20: MECHANICAL POWER TRANSMISSION | X20: UST_50 2RIV | Y20: FT | AA20: 20.06 | AB20: 19.67 | AC20: =AB20*S20 -> 2360.4 | AD20: =AA20*S20 -> 2407.2 | AE20: =AC20-AD20 -> -46.8 | AF20: =AE20/AC20 -> -0.019827148 | AG20: =IF(AF20<0,"Negative",IF(AF20=0,"Same",IF(AF20>0.3,"30+%",IF(AF20>0.2,"20-30%",IF(AF20>0.1,"10-20%",IF(AF20<=0.1,"0-10%")))))) -> Negative | AI20: YES | AJ20: 570
A21: 2842 | B21: 7021084502 | C21: 44271 | D21: NESTLE | E21: NESTLE - BOTTLED WATER | F21: 0001522689 | G21: 0001622857 | H21: NESTLE WATERS NORTH AMERICA | I21: 5772 JURUPA ST | J21: ONTARIO | K21: CA | L21: 91761-3672 | M21: SUB FOR 4ZM15 | N21: 4565702409 | O21: PARK | P21: 06R218AC | Q21: 100493731 | R21: EA | S21: 2 | T21: PARK | U21: 06R218AC | V21: 100493731 | W21: FLUID POWER | X21: PARK_06R218AC | Y21: EA | AA21: 62.389966 | AB21: 60.75 | AC21: =AB21*S21 -> 121.5 | AD21: =AA21*S21 -> 124.77993 | AE21: =AC21-AD21 -> -3.2799328 | AF21: =AE21/AC21 -> -0.026995332 | AG21: =IF(AF21<0,"Negative",IF(AF21=0,"Same",IF(AF21>0.3,"30+%",IF(AF21>0.2,"20-30%",IF(AF21>0.1,"10-20%",IF(AF21<=0.1,"0-10%")))))) -> Negative | AI21: YES | AJ21: 11
A22: 2756 | B22: 7021090480 | C22: 44272 | D22: NESTLE | E22: NESTLE - BOTTLED WATER | F22: 0001522689 | G22: 0001621275 | H22: NESTLE WATERS / ICE MTN | I22: 19275 8 MILE RD US PL NW | J22: STANWOOD | K22: MI | L22: 49346-8806 | M22: 101980156 | N22: 4565764009 | O22: DONA | P22: 1C125164 | Q22: 110223931 | R22: EA | S22: 2 | T22: DONA | U22: 1C125164 | V22: 110223931 | W22: FLUID POWER | X22: DONA_1C125164 | Y22: EA | AA22: 337.03774 | AB22: 359.33333 | AC22: =AB22*S22 -> 718.66667 | AD22: =AA22*S22 -> 674.07547 | AE22: =AC22-AD22 -> 44.591195 | AF22: =AE22/AC22 -> 0.062047117 | AG22: =IF(AF22<0,"Negative",IF(AF22=0,"Same",IF(AF22>0.3,"30+%",IF(AF22>0.2,"20-30%",IF(AF22>0.1,"10-20%",IF(AF22<=0.1,"0-10%")))))) -> 0-10% | AH22: SPECIAL PRICING. WILL NEED TO CONFIRM MFR WILL EXTEND. | AI22: NO | AJ22: 0
A23: 2756 | B23: 7021090480 | C23: 44272 | D23: NESTLE | E23: NESTLE - BOTTLED WATER | F23: 0001522689 | G23: 0001621275 | H23: NESTLE WATERS / ICE MTN | I23: 19275 8 MILE RD US PL NW | J23: STANWOOD | K23: MI | L23: 49346-8806 | M23: 104333951 | N23: 4565764009 | O23: DONA | P23: 1C125764 | Q23: 110224139 | R23: EA | S23: 2 | T23: DONA | U23: 1C125764 | V23: 110224139 | W23: FLUID POWER | X23: DONA_1C125764 | Y23: EA | AA23: 381.77358 | AB23: 407 | AC23: =AB23*S23 -> 814 | AD23: =AA23*S23 -> 763.54717 | AE23: =AC23-AD23 -> 50.45283 | AF23: =AE23/AC23 -> 0.061981364 | AG23: =IF(AF23<0,"Negative",IF(AF23=0,"Same",IF(AF23>0.3,"30+%",IF(AF23>0.2,"20-30%",IF(AF23>0.1,"10-20%",IF(AF23<=0.1,"0-10%")))))) -> 0-10% | AH23: SPECIAL PRICING. WILL NEED TO CONFIRM MFR WILL EXTEND. | AI23: YES | AJ23: 4
A24: 2756 | B24: 7021090480 | C24: 44272 | D24: NESTLE | E24: NESTLE - BOTTLED WATER | F24: 0001522689 | G24: 0001621275 | H24: NESTLE WATERS / ICE MTN | I24: 19275 8 MILE RD US PL NW | J24: STANWOOD | K24: MI | L24: 49346-8806 | M24: 101131844 | N24: 4565764009 | O24: DONA | P24: 1C122164 | Q24: 103674709 | R24: EA | S24: 2 | T24: DONA | U24: 1C122164 | V24: 103674709 | W24: FLUID POWER | X24: DONA_1C122164 | Y24: EA | AA24: 378.88679 | AB24: 404.06667 | AC24: =AB24*S24 -> 808.13333 | AD24: =AA24*S24 -> 757.77358 | AE24: =AC24-AD24 -> 50.359748 | AF24: =AE24/AC24 -> 0.062316138 | AG24: =IF(AF24<0,"Negative",IF(AF24=0,"Same",IF(AF24>0.3,"30+%",IF(AF24>0.2,"20-30%",IF(AF24>0.1,"10-20%",IF(AF24<=0.1,"0-10%")))))) -> 0-10% | AH24: SPECIAL PRICING. WILL NEED TO CONFIRM MFR WILL EXTEND. | AI24: NO | AJ24: 0
A25: 2756 | B25: 7021090480 | C25: 44272 | D25: NESTLE | E25: NESTLE - BOTTLED WATER | F25: 0001522689 | G25: 0001621275 | H25: NESTLE WATERS / ICE MTN | I25: 19275 8 MILE RD US PL NW | J25: STANWOOD | K25: MI | L25: 49346-8806 | M25: 101163015 | N25: 4565764009 | O25: DONA | P25: 1C124364 | Q25: 103720400 | R25: EA | S25: 4 | T25: DONA | U25: 1C124364 | V25: 103720400 | W25: FLUID POWER | X25: DONA_1C124364 | Y25: EA | AA25: 461.16981 | AB25: 489.86667 | AC25: =AB25*S25 -> 1959.4667 | AD25: =AA25*S25 -> 1844.6792 | AE25: =AC25-AD25 -> 114.78742 | AF25: =AE25/AC25 -> 0.058580951 | AG25: =IF(AF25<0,"Negative",IF(AF25=0,"Same",IF(AF25>0.3,"30+%",IF(AF25>0.2,"20-30%",IF(AF25>0.1,"10-20%",IF(AF25<=0.1,"0-10%")))))) -> 0-10% | AH25: SPECIAL PRICING. WILL NEED TO CONFIRM MFR WILL EXTEND. | AI25: NO | AJ25: 0
A26: 2842 | B26: 7021092278 | C26: 44272 | D26: NESTLE | E26: NESTLE - BOTTLED WATER | F26: 0001522689 | G26: 0001622857 | H26: NESTLE WATERS NORTH AMERICA | I26: 5772 JURUPA ST | J26: ONTARIO | K26: CA | L26: 91761-3672 | M26: . | N26: 4559249513 | O26: LUBR | P26: L0815-057 | Q26: 101644298 | R26: EA | S26: 2 | T26: LUBR | U26: L0815-057 | V26: 101644298 | W26: LUBRICANT PRODUCTS | X26: LUBR_L0815-057 | Y26: EA | AA26: 74.073581 | AB26: 70.36 | AC26: =AB26*S26 -> 140.72 | AD26: =AA26*S26 -> 148.14716 | AE26: =AC26-AD26 -> -7.4271617 | AF26: =AE26/AC26 -> -0.052779716 | AG26: =IF(AF26<0,"Negative",IF(AF26=0,"Same",IF(AF26>0.3,"30+%",IF(AF26>0.2,"20-30%",IF(AF26>0.1,"10-20%",IF(AF26<=0.1,"0-10%")))))) -> Negative | AI26: NO | AJ26: 0
A27: 2842 | B27: 7021112279 | C27: 44274 | D27: NESTLE | E27: NESTLE - BOTTLED WATER | F27: 0001522689 | G27: 0001622857 | H27: NESTLE WATERS NORTH AMERICA | I27: 5772 JURUPA ST | J27: ONTARIO | K27: CA | L27: 91761-3672 | M27: . | N27: 4565788529 | O27: CONT | P27: 2/B173 | Q27: 100774314 | R27: EA | S27: 1 | T27: CONT | U27: 2/B173 | V27: 100774314 | W27: MECHANICAL POWER TRANSMISSION | X27: CONT_2/B173 | Y27: EA | AA27: 57.49 | AB27: 75.937774 | AC27: =AB27*S27 -> 75.937774 | AD27: =AA27*S27 -> 57.49 | AE27: =AC27-AD27 -> 18.447774 | AF27: =AE27/AC27 -> 0.24293277 | AG27: =IF(AF27<0,"Negative",IF(AF27=0,"Same",IF(AF27>0.3,"30+%",IF(AF27>0.2,"20-30%",IF(AF27>0.1,"10-20%",IF(AF27<=0.1,"0-10%")))))) -> 20-30% | AI27: NO | AJ27: 0
A28: 2842 | B28: 7021112301 | C28: 44274 | D28: NESTLE | E28: NESTLE - BOTTLED WATER | F28: 0001522689 | G28: 0001622857 | H28: NESTLE WATERS NORTH AMERICA | I28: 5772 JURUPA ST | J28: ONTARIO | K28: CA | L28: 91761-3672 | M28: . | N28: 4565338850 | O28: EURO | P28: FA47 DRN90S4/BE2HR | Q28: 117987332 | R28: EA | S28: 1 | T28: EURO | U28: FA47 DRN90S4/BE2HR | V28: 117987332 | W28: MECHANICAL POWER TRANSMISSION | X28: EURO_FA47 DRN90S4/BE2HR | Y28: EA | Z28: FPA/POR | AA28: 1062.5682 | AB28: 1128.89 | AC28: =AB28*S28 -> 1128.89 | AD28: =AA28*S28 -> 1062.5682 | AE28: =AC28-AD28 -> 66.321818 | AF28: =AE28/AC28 -> 0.058749584 | AG28: =IF(AF28<0,"Negative",IF(AF28=0,"Same",IF(AF28>0.3,"30+%",IF(AF28>0.2,"20-30%",IF(AF28>0.1,"10-20%",IF(AF28<=0.1,"0-10%")))))) -> 0-10% | AI28: NO | AJ28: 0
A29: 2842 | B29: 7021134683 | C29: 44278 | D29: NESTLE | E29: NESTLE - BOTTLED WATER | F29: 0001522689 | G29: 0001622857 | H29: NESTLE WATERS NORTH AMERICA | I29: 5772 JURUPA ST | J29: ONTARIO | K29: CA | L29: 91761-3672 | M29: . | N29: 4565788529 | O29: MART | P29: D50B18HX1 3/4W/KW | Q29: 103986911 | R29: EA | S29: 4 | T29: MART | U29: D50B18HX1 3/4W/KW | V29: 103986911 | W29: MECHANICAL POWER TRANSMISSION | X29: MART_D50B18HX1 3/4W/KW | Y29: EA | Z29: FPA/POR | AA29: 105.99953 | AB29: 94.62 | AC29: =AB29*S29 -> 378.48 | AD29: =AA29*S29 -> 423.99811 | AE29: =AC29-AD29 -> -45.518114 | AF29: =AE29/AC29 -> -0.12026557 | AG29: =IF(AF29<0,"Negative",IF(AF29=0,"Same",IF(AF29>0.3,"30+%",IF(AF29>0.2,"20-30%",IF(AF29>0.1,"10-20%",IF(AF29<=0.1,"0-10%")))))) -> Negative | AI29: NO | AJ29: 0
A30: 2842 | B30: 7021134683 | C30: 44278 | D30: NESTLE | E30: NESTLE - BOTTLED WATER | F30: 0001522689 | G30: 0001622857 | H30: NESTLE WATERS NORTH AMERICA | I30: 5772 JURUPA ST | J30: ONTARIO | K30: CA | L30: 91761-3672 | M30: . | N30: 4565788529 | O30: MART | P30: D50B15H/1 3/4"BORE | Q30: 105647539 | R30: EA | S30: 6 | T30: MART | U30: D50B15H/1 3/4"BORE | V30: 105647539 | W30: MECHANICAL POWER TRANSMISSION | X30: MART_D50B15H/1 3/4"BORE | Y30: EA | Z30: FPA/POR | AA30: 101.69467 | AB30: 90.78 | AC30: =AB30*S30 -> 544.68 | AD30: =AA30*S30 -> 610.16802 | AE30: =AC30-AD30 -> -65.488018 | AF30: =AE30/AC30 -> -0.1202321 | AG30: =IF(AF30<0,"Negative",IF(AF30=0,"Same",IF(AF30>0.3,"30+%",IF(AF30>0.2,"20-30%",IF(AF30>0.1,"10-20%",IF(AF30<=0.1,"0-10%")))))) -> Negative | AI30: NO | AJ30: 0
A31: 2842 | B31: 7021158052 | C31: 44280 | D31: NESTLE | E31: NESTLE - BOTTLED WATER | F31: 0001522689 | G31: 0001622857 | H31: NESTLE WATERS NORTH AMERICA | I31: 5772 JURUPA ST | J31: ONTARIO | K31: CA | L31: 91761-3672 | M31: . | N31: 4565472905 | O31: SKF | P31: LAPT 1000SW | Q31: 116164215 | R31: EA | S31: 1 | T31: SKF | U31: LAPT 1000SW | V31: 116164215 | W31: FLUID POWER | X31: SKF_LAPT 1000SW | Y31: EA | Z31: FPA/POR | AA31: 23.194869 | AB31: 22.59 | AC31: =AB31*S31 -> 22.59 | AD31: =AA31*S31 -> 23.194869 | AE31: =AC31-AD31 -> -0.60486928 | AF31: =AE31/AC31 -> -0.026775975 | AG31: =IF(AF31<0,"Negative",IF(AF31=0,"Same",IF(AF31>0.3,"30+%",IF(AF31>0.2,"20-30%",IF(AF31>0.1,"10-20%",IF(AF31<=0.1,"0-10%")))))) -> Negative | AI31: NO | AJ31: 0
A32: 2756 | B32: 7021158877 | C32: 44280 | D32: NESTLE | E32: NESTLE - BOTTLED WATER | F32: 0001522689 | G32: 0001621275 | H32: NESTLE WATERS / ICE MTN | I32: 19275 8 MILE RD US PL NW | J32: STANWOOD | K32: MI | L32: 49346-8806 | M32: 101163040 | N32: 4565832251 | O32: DONA | P32: 1C120032-25 | Q32: 110986844 | R32: EA | S32: 7 | T32: DONA | U32: 1C120032-25 | V32: 110986844 | W32: FLUID POWER | X32: DONA_1C120032-25 | Y32: EA | AA32: 125.01 | AB32: 121.74 | AC32: =AB32*S32 -> 852.18 | AD32: =AA32*S32 -> 875.07 | AE32: =AC32-AD32 -> -22.89 | AF32: =AE32/AC32 -> -0.026860522 | AG32: =IF(AF32<0,"Negative",IF(AF32=0,"Same",IF(AF32>0.3,"30+%",IF(AF32>0.2,"20-30%",IF(AF32>0.1,"10-20%",IF(AF32<=0.1,"0-10%")))))) -> Negative | AH32: SPECIAL PRICING. WILL NEED TO CONFIRM MFR WILL EXTEND. | AI32: NO | AJ32: 0
A33: 2756 | B33: 7021170281 | C33: 44281 | D33: NESTLE | E33: NESTLE - BOTTLED WATER | F33: 0001522689 | G33: 0001621275 | H33: NESTLE WATERS / ICE MTN | I33: 19275 8 MILE RD US PL NW | J33: STANWOOD | K33: MI | L33: 49346-8806 | M33: 104450558 | N33: 4565799568 | O33: DONA | P33: 1C220048-25 | Q33: 110988151 | R33: EA | S33: 2 | T33: DONA | U33: 1C220048-25 | V33: 110988151 | W33: FLUID POWER | X33: DONA_1C220048-25 | Y33: EA | AA33: 243.49 | AB33: 237.11 | AC33: =AB33*S33 -> 474.22 | AD33: =AA33*S33 -> 486.98 | AE33: =AC33-AD33 -> -12.76 | AF33: =AE33/AC33 -> -0.026907343 | AG33: =IF(AF33<0,"Negative",IF(AF33=0,"Same",IF(AF33>0.3,"30+%",IF(AF33>0.2,"20-30%",IF(AF33>0.1,"10-20%",IF(AF33<=0.1,"0-10%")))))) -> Negative | AH33: SPECIAL PRICING. WILL NEED TO CONFIRM MFR WILL EXTEND. | AI33: NO | AJ33: 0
A34: 2756 | B34: 7021170281 | C34: 44281 | D34: NESTLE | E34: NESTLE - BOTTLED WATER | F34: 0001522689 | G34: 0001621275 | H34: NESTLE WATERS / ICE MTN | I34: 19275 8 MILE RD US PL NW | J34: STANWOOD | K34: MI | L34: 49346-8806 | M34: 101163015 | N34: 4565799568 | O34: DONA | P34: 1C124364 | Q34: 103720400 | R34: EA | S34: 2 | T34: DONA | U34: 1C124364 | V34: 103720400 | W34: FLUID POWER | X34: DONA_1C124364 | Y34: EA | AA34: 461.16981 | AB34: 489.86667 | AC34: =AB34*S34 -> 979.73333 | AD34: =AA34*S34 -> 922.33962 | AE34: =AC34-AD34 -> 57.393711 | AF34: =AE34/AC34 -> 0.058580951 | AG34: =IF(AF34<0,"Negative",IF(AF34=0,"Same",IF(AF34>0.3,"30+%",IF(AF34>0.2,"20-30%",IF(AF34>0.1,"10-20%",IF(AF34<=0.1,"0-10%")))))) -> 0-10% | AH34: SPECIAL PRICING. WILL NEED TO CONFIRM MFR WILL EXTEND. | AI34: NO | AJ34: 0
A35: 2842 | B35: 7021181450 | C35: 44284 | D35: NESTLE | E35: NESTLE - BOTTLED WATER | F35: 0001522689 | G35: 0001622857 | H35: NESTLE WATERS NORTH AMERICA | I35: 5772 JURUPA ST | J35: ONTARIO | K35: CA | L35: 91761-3672 | M35: . | N35: 4565472905 | O35: SKF | P35: LAPF M1/8 | Q35: 101169783 | R35: EA | S35: 10 | T35: SKF | U35: LAPF M1/8 | V35: 101169783 | W35: LUBRICANT PRODUCTS | X35: SKF_LAPF M1/8 | Y35: EA | AA35: 12.268361 | AB35: 11.65 | AC35: =AB35*S35 -> 116.5 | AD35: =AA35*S35 -> 122.68361 | AE35: =AC35-AD35 -> -6.1836061 | AF35: =AE35/AC35 -> -0.053078164 | AG35: =IF(AF35<0,"Negative",IF(AF35=0,"Same",IF(AF35>0.3,"30+%",IF(AF35>0.2,"20-30%",IF(AF35>0.1,"10-20%",IF(AF35<=0.1,"0-10%")))))) -> Negative | AI35: NO | AJ35: 0
A36: 2842 | B36: 7021181450 | C36: 44284 | D36: NESTLE | E36: NESTLE - BOTTLED WATER | F36: 0001522689 | G36: 0001622857 | H36: NESTLE WATERS NORTH AMERICA | I36: 5772 JURUPA ST | J36: ONTARIO | K36: CA | L36: 91761-3672 | M36: . | N36: 4565472905 | O36: SKF | P36: LAPP 4 | Q36: 105988901 | R36: EA | S36: 4 | T36: SKF | U36: LAPP 4 | V36: 105988901 | W36: LUBRICANT PRODUCTS | X36: SKF_LAPP 4 | Y36: EA | AA36: 41.414356 | AB36: 39.33 | AC36: =AB36*S36 -> 157.32 | AD36: =AA36*S36 -> 165.65742 | AE36: =AC36-AD36 -> -8.3374237 | AF36: =AE36/AC36 -> -0.052996591 | AG36: =IF(AF36<0,"Negative",IF(AF36=0,"Same",IF(AF36>0.3,"30+%",IF(AF36>0.2,"20-30%",IF(AF36>0.1,"10-20%",IF(AF36<=0.1,"0-10%")))))) -> Negative | AI36: NO | AJ36: 0
A37: 2842 | B37: 7021181565 | C37: 44281 | D37: NESTLE | E37: NESTLE - BOTTLED WATER | F37: 0001522689 | G37: 0001622857 | H37: NESTLE WATERS NORTH AMERICA | I37: 5772 JURUPA ST | J37: ONTARIO | K37: CA | L37: 91761-3672 | M37: STOCK FONTANA | N37: 4565882360 | O37: GENE | P37: 99R10 | Q37: 102056192 | R37: EA | S37: 7 | T37: GENE | U37: 99R10 | V37: 102056192 | W37: BEARINGS | X37: GENE_99R10 | Y37: EA | AA37: 7.66 | AB37: 7.69 | AC37: =AB37*S37 -> 53.83 | AD37: =AA37*S37 -> 53.62 | AE37: =AC37-AD37 -> 0.21 | AF37: =AE37/AC37 -> 0.0039011704 | AG37: =IF(AF37<0,"Negative",IF(AF37=0,"Same",IF(AF37>0.3,"30+%",IF(AF37>0.2,"20-30%",IF(AF37>0.1,"10-20%",IF(AF37<=0.1,"0-10%")))))) -> 0-10% | AI37: NO | AJ37: 142
A38: 2842 | B38: 7021278120 | C38: 44295 | D38: NESTLE | E38: NESTLE - BOTTLED WATER | F38: 0001522689 | G38: 0001622857 | H38: NESTLE WATERS NORTH AMERICA | I38: 5772 JURUPA ST | J38: ONTARIO | K38: CA | L38: 91761-3672 | M38: . | N38: 4566035007 | O38: CHPN | P38: 2PLY BLK R/T 12" WIDE | Q38: 117560324 | R38: FT | S38: 100 | T38: CHPN | U38: 2PLY BLK R/T 12" WIDE | V38: 117560324 | W38: MATERIAL HANDLING | X38: CHPN_2PLY BLK R/T 12" WIDE | Y38: FT | Z38: FPA/POR | AA38: 3.4 | AB38: 3.5 | AC38: =AB38*S38 -> 350 | AD38: =AA38*S38 -> 340 | AE38: =AC38-AD38 -> 10 | AF38: =AE38/AC38 -> 0.028571429 | AG38: =IF(AF38<0,"Negative",IF(AF38=0,"Same",IF(AF38>0.3,"30+%",IF(AF38>0.2,"20-30%",IF(AF38>0.1,"10-20%",IF(AF38<=0.1,"0-10%")))))) -> 0-10% | AI38: NO | AJ38: 0
A39: 2154 | B39: 7021283977 | C39: 44298 | D39: NESTLE | E39: NESTLE - BOTTLED WATER | F39: 0001522689 | G39: 0001602753 | H39: NESTLE WATERS NORTH AMERICA | I39: 305 NESTLE WAY | J39: BREINIGSVILLE | K39: PA | L39: 18031-1422 | M39: 103268278 | N39: 4565894673 | O39: MAGT | P39: SI-N3/V | Q39: 105081744 | R39: EA | S39: 1 | T39: MAGT | U39: SI-N3/V | V39: 105081744 | W39: ELECTRICAL POWER TRANSMISSION | X39: MAGT_SI-N3/V | Y39: EA | Z39: FPA/POR | AA39: 150.5 | AB39: 150.28758 | AC39: =AB39*S39 -> 150.28758 | AD39: =AA39*S39 -> 150.5 | AE39: =AC39-AD39 -> -0.21242077 | AF39: =AE39/AC39 -> -0.0014134286 | AG39: =IF(AF39<0,"Negative",IF(AF39=0,"Same",IF(AF39>0.3,"30+%",IF(AF39>0.2,"20-30%",IF(AF39>0.1,"10-20%",IF(AF39<=0.1,"0-10%")))))) -> Negative | AI39: NO | AJ39: 0
A40: 2756 | B40: 7021285567 | C40: 44298 | D40: NESTLE | E40: NESTLE - BOTTLED WATER | F40: 0001522689 | G40: 0001621275 | H40: NESTLE WATERS / ICE MTN | I40: 19275 8 MILE RD US PL NW | J40: STANWOOD | K40: MI | L40: 49346-8806 | M40: 101163044 | N40: 4565933404 | O40: DONA | P40: 1C121732 | Q40: 113480827 | R40: EA | S40: 1 | T40: DONA | U40: 1C121732 | V40: 113480827 | W40: FLUID POWER | X40: DONA_1C121732 | Y40: EA | AA40: 131.34906 | AB40: 140.06667 | AC40: =AB40*S40 -> 140.06667 | AD40: =AA40*S40 -> 131.34906 | AE40: =AC40-AD40 -> 8.7176101 | AF40: =AE40/AC40 -> 0.062239006 | AG40: =IF(AF40<0,"Negative",IF(AF40=0,"Same",IF(AF40>0.3,"30+%",IF(AF40>0.2,"20-30%",IF(AF40>0.1,"10-20%",IF(AF40<=0.1,"0-10%")))))) -> 0-10% | AH40: SPECIAL PRICING. WILL NEED TO CONFIRM MFR WILL EXTEND. | AI40: NO | AJ40: 0
A41: 2756 | B41: 7021285567 | C41: 44298 | D41: NESTLE | E41: NESTLE - BOTTLED WATER | F41: 0001522689 | G41: 0001621275 | H41: NESTLE WATERS / ICE MTN | I41: 19275 8 MILE RD US PL NW | J41: STANWOOD | K41: MI | L41: 49346-8806 | M41: 101080668 | N41: 4565933404 | O41: DONA | P41: 1C122132 | Q41: 110223280 | R41: EA | S41: 4 | T41: DONA | U41: 1C122132 | V41: 110223280 | W41: FLUID POWER | X41: DONA_1C122132 | Y41: EA | AA41: 118.35849 | AB41: 126.13333 | AC41: =AB41*S41 -> 504.53333 | AD41: =AA41*S41 -> 473.43396 | AE41: =AC41-AD41 -> 31.099371 | AF41: =AE41/AC41 -> 0.061639874 | AG41: =IF(AF41<0,"Negative",IF(AF41=0,"Same",IF(AF41>0.3,"30+%",IF(AF41>0.2,"20-30%",IF(AF41>0.1,"10-20%",IF(AF41<=0.1,"0-10%")))))) -> 0-10% | AH41: SPECIAL PRICING. WILL NEED TO CONFIRM MFR WILL EXTEND. | AI41: NO | AJ41: 0
A42: 2756 | B42: 7021285567 | C42: 44298 | D42: NESTLE | E42: NESTLE - BOTTLED WATER | F42: 0001522689 | G42: 0001621275 | H42: NESTLE WATERS / ICE MTN | I42: 19275 8 MILE RD US PL NW | J42: STANWOOD | K42: MI | L42: 49346-8806 | M42: 101163042 | N42: 4565933404 | O42: DONA | P42: 1C224332 | Q42: 103145410 | R42: EA | S42: 1 | T42: DONA | U42: 1C224332 | V42: 103145410 | W42: FLUID POWER | X42: DONA_1C224332 | Y42: EA | AA42: 215.79245 | AB42: 229.53333 | AC42: =AB42*S42 -> 229.53333 | AD42: =AA42*S42 -> 215.79245 | AE42: =AC42-AD42 -> 13.740881 | AF42: =AE42/AC42 -> 0.059864423 | AG42: =IF(AF42<0,"Negative",IF(AF42=0,"Same",IF(AF42>0.3,"30+%",IF(AF42>0.2,"20-30%",IF(AF42>0.1,"10-20%",IF(AF42<=0.1,"0-10%")))))) -> 0-10% | AH42: SPECIAL PRICING. WILL NEED TO CONFIRM MFR WILL EXTEND. | AI42: NO | AJ42: 0
A43: 2842 | B43: 7021295753 | C43: 44299 | D43: NESTLE | E43: NESTLE - BOTTLED WATER | F43: 0001522689 | G43: 0001622857 | H43: NESTLE WATERS NORTH AMERICA | I43: 5772 JURUPA ST | J43: ONTARIO | K43: CA | L43: 91761-3672 | M43: . | N43: 4565806896 | O43: EURO | P43: SAF57 DRN80M4/DH | Q43: 114024455 | R43: EA | S43: 1 | T43: EURO | U43: SAF57 DRN80M4/DH | V43: 114024455 | W43: ELECTRICAL POWER TRANSMISSION | X43: EURO_SAF57 DRN80M4/DH | Y43: EA | Z43: FPA/POR | AA43: 1074.2292 | AB43: 976.67 | AC43: =AB43*S43 -> 976.67 | AD43: =AA43*S43 -> 1074.2292 | AE43: =AC43-AD43 -> -97.559197 | AF43: =AE43/AC43 -> -0.099889622 | AG43: =IF(AF43<0,"Negative",IF(AF43=0,"Same",IF(AF43>0.3,"30+%",IF(AF43>0.2,"20-30%",IF(AF43>0.1,"10-20%",IF(AF43<=0.1,"0-10%")))))) -> Negative | AI43: NO | AJ43: 0
A44: 2756 | B44: 7021296445 | C44: 44299 | D44: NESTLE | E44: NESTLE - BOTTLED WATER | F44: 0001522689 | G44: 0001621275 | H44: NESTLE WATERS / ICE MTN | I44: 19275 8 MILE RD US PL NW | J44: STANWOOD | K44: MI | L44: 49346-8806 | M44: 101165521 | N44: 4566032940 | O44: DONA | P44: 1C122156 | Q44: 110223298 | R44: EA | S44: 2 | T44: DONA | U44: 1C122156 | V44: 110223298 | W44: FLUID POWER | X44: DONA_1C122156 | Y44: EA | AA44: 306.71698 | AB44: 327.06667 | AC44: =AB44*S44 -> 654.13333 | AD44: =AA44*S44 -> 613.43396 | AE44: =AC44-AD44 -> 40.699371 | AF44: =AE44/AC44 -> 0.062218769 | AG44: =IF(AF44<0,"Negative",IF(AF44=0,"Same",IF(AF44>0.3,"30+%",IF(AF44>0.2,"20-30%",IF(AF44>0.1,"10-20%",IF(AF44<=0.1,"0-10%")))))) -> 0-10% | AH44: SPECIAL PRICING. WILL NEED TO CONFIRM MFR WILL EXTEND. | AI44: NO | AJ44: 0
A45: 2756 | B45: 7021296445 | C45: 44299 | D45: NESTLE | E45: NESTLE - BOTTLED WATER | F45: 0001522689 | G45: 0001621275 | H45: NESTLE WATERS / ICE MTN | I45: 19275 8 MILE RD US PL NW | J45: STANWOOD | K45: MI | L45: 49346-8806 | M45: 101164917 | N45: 4566032940 | O45: DONA | P45: 1C124356 | Q45: 110988168 | R45: EA | S45: 4 | T45: DONA | U45: 1C124356 | V45: 110988168 | W45: FLUID POWER | X45: DONA_1C124356 | Y45: EA | AA45: 394.04717 | AB45: 418.73333 | AC45: =AB45*S45 -> 1674.9333 | AD45: =AA45*S45 -> 1576.1887 | AE45: =AC45-AD45 -> 98.744654 | AF45: =AE45/AC45 -> 0.058954379 | AG45: =IF(AF45<0,"Negative",IF(AF45=0,"Same",IF(AF45>0.3,"30+%",IF(AF45>0.2,"20-30%",IF(AF45>0.1,"10-20%",IF(AF45<=0.1,"0-10%")))))) -> 0-10% | AH45: SPECIAL PRICING. WILL NEED TO CONFIRM MFR WILL EXTEND. | AI45: NO | AJ45: 0
A46: 2756 | B46: 7021308331 | C46: 44300 | D46: NESTLE | E46: NESTLE - BOTTLED WATER | F46: 0001522689 | G46: 0001621275 | H46: NESTLE WATERS / ICE MTN | I46: 19275 8 MILE RD US PL NW | J46: STANWOOD | K46: MI | L46: 49346-8806 | M46: 101163041 | N46: 4566032940 | O46: DONA | P46: 1C120056-05 | Q46: 110224133 | R46: EA | S46: 5 | T46: DONA | U46: 1C120056-05 | V46: 110224133 | W46: FLUID POWER | X46: DONA_1C120056-05 | Y46: EA | AA46: 169.60377 | AB46: 181.13333 | AC46: =AB46*S46 -> 905.66667 | AD46: =AA46*S46 -> 848.01887 | AE46: =AC46-AD46 -> 57.647799 | AF46: =AE46/AC46 -> 0.063652336 | AG46: =IF(AF46<0,"Negative",IF(AF46=0,"Same",IF(AF46>0.3,"30+%",IF(AF46>0.2,"20-30%",IF(AF46>0.1,"10-20%",IF(AF46<=0.1,"0-10%")))))) -> 0-10% | AH46: SPECIAL PRICING. WILL NEED TO CONFIRM MFR WILL EXTEND. | AI46: NO | AJ46: 0
A47: 2842 | B47: 7021349731 | C47: 44306 | D47: NESTLE | E47: NESTLE - BOTTLED WATER | F47: 0001522689 | G47: 0001622857 | H47: NESTLE WATERS NORTH AMERICA | I47: 5772 JURUPA ST | J47: ONTARIO | K47: CA | L47: 91761-3672 | M47: . | N47: 4565881892 | O47: MCPL | P47: L100X7/8 | Q47: 105624540 | R47: EA | S47: 2 | T47: MCPL | U47: L100X7/8 | V47: 105624540 | W47: MECHANICAL POWER TRANSMISSION | X47: MCPL_L100X7/8 | Y47: EA | Z47: FPA/POR | AA47: 6.48 | AB47: 6.33 | AC47: =AB47*S47 -> 12.66 | AD47: =AA47*S47 -> 12.96 | AE47: =AC47-AD47 -> -0.3 | AF47: =AE47/AC47 -> -0.023696682 | AG47: =IF(AF47<0,"Negative",IF(AF47=0,"Same",IF(AF47>0.3,"30+%",IF(AF47>0.2,"20-30%",IF(AF47>0.1,"10-20%",IF(AF47<=0.1,"0-10%")))))) -> Negative | AI47: NO | AJ47: 0
A48: 2842 | B48: 7021349731 | C48: 44306 | D48: NESTLE | E48: NESTLE - BOTTLED WATER | F48: 0001522689 | G48: 0001622857 | H48: NESTLE WATERS NORTH AMERICA | I48: 5772 JURUPA ST | J48: ONTARIO | K48: CA | L48: 91761-3672 | M48: . | N48: 4565881892 | O48: MCPL | P48: L099/L100U | Q48: 115732344 | R48: EA | S48: 1 | T48: MCPL | U48: L099/L100U | V48: 115732344 | W48: MECHANICAL POWER TRANSMISSION | X48: MCPL_L099/L100U | Y48: EA | Z48: FPA/POR | AA48: 3.38 | AB48: 3.31 | AC48: =AB48*S48 -> 3.31 | AD48: =AA48*S48 -> 3.38 | AE48: =AC48-AD48 -> -0.07 | AF48: =AE48/AC48 -> -0.021148036 | AG48: =IF(AF48<0,"Negative",IF(AF48=0,"Same",IF(AF48>0.3,"30+%",IF(AF48>0.2,"20-30%",IF(AF48>0.1,"10-20%",IF(AF48<=0.1,"0-10%")))))) -> Negative | AI48: NO | AJ48: 0
A49: 2842 | B49: 7021369509 | C49: 44307 | D49: NESTLE | E49: NESTLE - BOTTLED WATER | F49: 0001522689 | G49: 0001622857 | H49: NESTLE WATERS NORTH AMERICA | I49: 5772 JURUPA ST | J49: ONTARIO | K49: CA | L49: 91761-3672 | M49: . | N49: 4565881892 | O49: WEG | P49: 00536ET3E184T-W22 | Q49: 101522167 | R49: EA | S49: 1 | T49: WEG | U49: 00536ET3E184T-W22 | V49: 101522167 | W49: ELECTRICAL POWER TRANSMISSION | X49: WEG_00536ET3E184T-W22 | Y49: EA | AA49: 643.95058 | AB49: 585.48 | AC49: =AB49*S49 -> 585.48 | AD49: =AA49*S49 -> 643.95058 | AE49: =AC49-AD49 -> -58.470578 | AF49: =AE49/AC49 -> -0.099867763 | AG49: =IF(AF49<0,"Negative",IF(AF49=0,"Same",IF(AF49>0.3,"30+%",IF(AF49>0.2,"20-30%",IF(AF49>0.1,"10-20%",IF(AF49<=0.1,"0-10%")))))) -> Negative | AI49: YES | AJ49: 5
A50: 2842 | B50: 7021374483 | C50: 44308 | D50: NESTLE | E50: NESTLE - BOTTLED WATER | F50: 0001522689 | G50: 0001622857 | H50: NESTLE WATERS NORTH AMERICA | I50: 5772 JURUPA ST | J50: ONTARIO | K50: CA | L50: 91761-3672 | M50: STOCK TENNESSEE | N50: 4566146758 | O50: INA | P50: NATV6-PP-A | Q50: 101963961 | R50: EA | S50: 25 | T50: INA | U50: NATV6-PP-A | V50: 101963961 | W50: BEARINGS | X50: INA_NATV6-PP-A | Y50: EA | AA50: 27.031915 | AB50: 54.64 | AC50: =AB50*S50 -> 1366 | AD50: =AA50*S50 -> 675.79787 | AE50: =AC50-AD50 -> 690.20213 | AF50: =AE50/AC50 -> 0.50527242 | AG50: =IF(AF50<0,"Negative",IF(AF50=0,"Same",IF(AF50>0.3,"30+%",IF(AF50>0.2,"20-30%",IF(AF50>0.1,"10-20%",IF(AF50<=0.1,"0-10%")))))) -> 30+% | AI50: NO | AJ50: 21
A51: 2842 | B51: 7021374507 | C51: 44308 | D51: NESTLE | E51: NESTLE - BOTTLED WATER | F51: 0001522689 | G51: 0001622857 | H51: NESTLE WATERS NORTH AMERICA | I51: 5772 JURUPA ST | J51: ONTARIO | K51: CA | L51: 91761-3672 | M51: STOCK LOS ANGELES | N51: 4565950099 | O51: HYDR | P51: 81T-1" | Q51: 118233405 | R51: EA | S51: 1 | T51: HYDR | U51: 81T-1" | V51: 118233405 | W51: FLUID POWER | X51: HYDR_81T-1" | Y51: EA | Z51: FPA/POR | AA51: 103.60863 | AB51: 100.89 | AC51: =AB51*S51 -> 100.89 | AD51: =AA51*S51 -> 103.60863 | AE51: =AC51-AD51 -> -2.7186275 | AF51: =AE51/AC51 -> -0.026946451 | AG51: =IF(AF51<0,"Negative",IF(AF51=0,"Same",IF(AF51>0.3,"30+%",IF(AF51>0.2,"20-30%",IF(AF51>0.1,"10-20%",IF(AF51<=0.1,"0-10%")))))) -> Negative | AI51: NO | AJ51: 0
A52: 2842 | B52: 7021388437 | C52: 44309 | D52: NESTLE | E52: NESTLE - BOTTLED WATER | F52: 0001522689 | G52: 0001622857 | H52: NESTLE WATERS NORTH AMERICA | I52: 5772 JURUPA ST | J52: ONTARIO | K52: CA | L52: 91761-3672 | M52: . | N52: 4565881892 | O52: MART | P52: ML100 1 1/8 | Q52: 100813837 | R52: EA | S52: 2 | T52: MART | U52: ML100 1 1/8 | V52: 100813837 | W52: MECHANICAL POWER TRANSMISSION | X52: MART_ML100 1 1/8 | Y52: EA | AA52: 24.662921 | AB52: 24.99 | AC52: =AB52*S52 -> 49.98 | AD52: =AA52*S52 -> 49.325843 | AE52: =AC52-AD52 -> 0.6541573 | AF52: =AE52/AC52 -> 0.013088381 | AG52: =IF(AF52<0,"Negative",IF(AF52=0,"Same",IF(AF52>0.3,"30+%",IF(AF52>0.2,"20-30%",IF(AF52>0.1,"10-20%",IF(AF52<=0.1,"0-10%")))))) -> 0-10% | AI52: NO | AJ52: 2
A53: 2842 | B53: 7021388437 | C53: 44309 | D53: NESTLE | E53: NESTLE - BOTTLED WATER | F53: 0001522689 | G53: 0001622857 | H53: NESTLE WATERS NORTH AMERICA | I53: 5772 JURUPA ST | J53: ONTARIO | K53: CA | L53: 91761-3672 | M53: . | N53: 4565881892 | O53: LOVJ | P53: L099/L100HYT OCT | Q53: 102115834 | R53: EA | S53: 2 | T53: LOVJ | U53: L099/L100HYT OCT | V53: 102115834 | W53: MECHANICAL POWER TRANSMISSION | X53: LOVJ_L099/L100HYT OCT | Y53: EA | AA53: 46.32 | AB53: 53.74 | AC53: =AB53*S53 -> 107.48 | AD53: =AA53*S53 -> 92.64 | AE53: =AC53-AD53 -> 14.84 | AF53: =AE53/AC53 -> 0.1380722 | AG53: =IF(AF53<0,"Negative",IF(AF53=0,"Same",IF(AF53>0.3,"30+%",IF(AF53>0.2,"20-30%",IF(AF53>0.1,"10-20%",IF(AF53<=0.1,"0-10%")))))) -> 10-20% | AI53: YES | AJ53: 63
A54: 2842 | B54: 7021393613 | C54: 44310 | D54: NESTLE | E54: NESTLE - BOTTLED WATER | F54: 0001522689 | G54: 0001622857 | H54: NESTLE WATERS NORTH AMERICA | I54: 5772 JURUPA ST | J54: ONTARIO | K54: CA | L54: 91761-3672 | M54: STOCK TENNESSEE | N54: 4566146758 | O54: INA | P54: NATV6-PP-A | Q54: 101963961 | R54: EA | S54: 15 | T54: INA | U54: NATV6-PP-A | V54: 101963961 | W54: BEARINGS | X54: INA_NATV6-PP-A | Y54: EA | AA54: 27.031915 | AB54: 54.64 | AC54: =AB54*S54 -> 819.6 | AD54: =AA54*S54 -> 405.47872 | AE54: =AC54-AD54 -> 414.12128 | AF54: =AE54/AC54 -> 0.50527242 | AG54: =IF(AF54<0,"Negative",IF(AF54=0,"Same",IF(AF54>0.3,"30+%",IF(AF54>0.2,"20-30%",IF(AF54>0.1,"10-20%",IF(AF54<=0.1,"0-10%")))))) -> 30+% | AI54: NO | AJ54: 21
A55: 2842 | B55: 7021393615 | C55: 44310 | D55: NESTLE | E55: NESTLE - BOTTLED WATER | F55: 0001522689 | G55: 0001622857 | H55: NESTLE WATERS NORTH AMERICA | I55: 5772 JURUPA ST | J55: ONTARIO | K55: CA | L55: 91761-3672 | M55: . | N55: 4566150796 | O55: NORD | P55: 32610012 | Q55: 101880282 | R55: EA | S55: 1 | T55: NORD | U55: 32610012 | V55: 101880282 | W55: MECHANICAL POWER TRANSMISSION | X55: NORD_32610012 | Y55: EA | Z55: FPA/POR | AA55: 228.33 | AB55: 223.47 | AC55: =AB55*S55 -> 223.47 | AD55: =AA55*S55 -> 228.33 | AE55: =AC55-AD55 -> -4.86 | AF55: =AE55/AC55 -> -0.021747886 | AG55: =IF(AF55<0,"Negative",IF(AF55=0,"Same",IF(AF55>0.3,"30+%",IF(AF55>0.2,"20-30%",IF(AF55>0.1,"10-20%",IF(AF55<=0.1,"0-10%")))))) -> Negative | AI55: NO | AJ55: 3
A56: 2842 | B56: 7021393627 | C56: 44310 | D56: NESTLE | E56: NESTLE - BOTTLED WATER | F56: 0001522689 | G56: 0001622857 | H56: NESTLE WATERS NORTH AMERICA | I56: 5772 JURUPA ST | J56: ONTARIO | K56: CA | L56: 91761-3672 | M56: . | N56: 4565472905 | O56: SKF | P56: LAPF M1/4 | Q56: 101174228 | R56: EA | S56: 10 | T56: SKF | U56: LAPF M1/4 | V56: 101174228 | W56: LUBRICANT PRODUCTS | X56: SKF_LAPF M1/4 | Y56: EA | AA56: 13.329031 | AB56: 12.668121 | AC56: =AB56*S56 -> 126.68121 | AD56: =AA56*S56 -> 133.29031 | AE56: =AC56-AD56 -> -6.6090983 | AF56: =AE56/AC56 -> -0.052171101 | AG56: =IF(AF56<0,"Negative",IF(AF56=0,"Same",IF(AF56>0.3,"30+%",IF(AF56>0.2,"20-30%",IF(AF56>0.1,"10-20%",IF(AF56<=0.1,"0-10%")))))) -> Negative | AI56: NO | AJ56: 0
A57: 2842 | B57: 7021393630 | C57: 44310 | D57: NESTLE | E57: NESTLE - BOTTLED WATER | F57: 0001522689 | G57: 0001622857 | H57: NESTLE WATERS NORTH AMERICA | I57: 5772 JURUPA ST | J57: ONTARIO | K57: CA | L57: 91761-3672 | M57: STOCK NORTH CAROLINA | N57: 4565950099 | O57: HYDR | P57: 76-ARS-64 | Q57: 118233407 | R57: EA | S57: 1 | T57: HYDR | U57: 76-ARS-64 | V57: 118233407 | W57: FLUID POWER | X57: HYDR_76-ARS-64 | Y57: EA | Z57: FPA/POR | AA57: 142.56977 | AB57: 145.6 | AC57: =AB57*S57 -> 145.6 | AD57: =AA57*S57 -> 142.56977 | AE57: =AC57-AD57 -> 3.0302326 | AF57: =AE57/AC57 -> 0.020812037 | AG57: =IF(AF57<0,"Negative",IF(AF57=0,"Same",IF(AF57>0.3,"30+%",IF(AF57>0.2,"20-30%",IF(AF57>0.1,"10-20%",IF(AF57<=0.1,"0-10%")))))) -> 0-10% | AI57: NO | AJ57: 0
A58: 2756 | B58: 7021409906 | C58: 44313 | D58: NESTLE | E58: NESTLE - BOTTLED WATER | F58: 0001522689 | G58: 0001621275 | H58: NESTLE WATERS / ICE MTN | I58: 19275 8 MILE RD US PL NW | J58: STANWOOD | K58: MI | L58: 49346-8806 | M58: 104450558 | N58: 4566084285 | O58: DONA | P58: 1C220048-25 | Q58: 110988151 | R58: EA | S58: 2 | T58: DONA | U58: 1C220048-25 | V58: 110988151 | W58: FLUID POWER | X58: DONA_1C220048-25 | Y58: EA | AA58: 243.49 | AB58: 237.11 | AC58: =AB58*S58 -> 474.22 | AD58: =AA58*S58 -> 486.98 | AE58: =AC58-AD58 -> -12.76 | AF58: =AE58/AC58 -> -0.026907343 | AG58: =IF(AF58<0,"Negative",IF(AF58=0,"Same",IF(AF58>0.3,"30+%",IF(AF58>0.2,"20-30%",IF(AF58>0.1,"10-20%",IF(AF58<=0.1,"0-10%")))))) -> Negative | AH58: SPECIAL PRICING. WILL NEED TO CONFIRM MFR WILL EXTEND. | AI58: NO | AJ58: 0
A59: 2842 | B59: 7021413496 | C59: 44313 | D59: NESTLE | E59: NESTLE - BOTTLED WATER | F59: 0001522689 | G59: 0001622857 | H59: NESTLE WATERS NORTH AMERICA | I59: 5772 JURUPA ST | J59: ONTARIO | K59: CA | L59: 91761-3672 | M59: . | N59: 4566087542 | O59: HYDR | P59: SDC-25-4025 | Q59: 117111487 | R59: EA | S59: 40 | T59: HYDR | U59: SDC-25-4025 | V59: 117111487 | W59: FLUID POWER | X59: HYDR_SDC-25-4025 | Y59: EA | Z59: FPA/POR | AA59: 8.79 | AB59: 9.88 | AC59: =AB59*S59 -> 395.2 | AD59: =AA59*S59 -> 351.6 | AE59: =AC59-AD59 -> 43.6 | AF59: =AE59/AC59 -> 0.11032389 | AG59: =IF(AF59<0,"Negative",IF(AF59=0,"Same",IF(AF59>0.3,"30+%",IF(AF59>0.2,"20-30%",IF(AF59>0.1,"10-20%",IF(AF59<=0.1,"0-10%")))))) -> 10-20% | AI59: NO | AJ59: 0
A60: 2842 | B60: 7021413888 | C60: 44313 | D60: NESTLE | E60: NESTLE - BOTTLED WATER | F60: 0001522689 | G60: 0001622857 | H60: NESTLE WATERS NORTH AMERICA | I60: 5772 JURUPA ST | J60: ONTARIO | K60: CA | L60: 91761-3672 | M60: STOCK FONTANA | N60: 4566013381 | O60: GOLD | P60: SSK1-1/2X48 | Q60: 101719746 | R60: EA | S60: 1 | T60: GOLD | U60: SSK1-1/2X48 | V60: 101719746 | W60: LINEAR MOTION PRODUCTS | X60: GOLD_SSK1-1/2X48 | Y60: EA | AA60: 274.80368 | AB60: 243.25629 | AC60: =AB60*S60 -> 243.25629 | AD60: =AA60*S60 -> 274.80368 | AE60: =AC60-AD60 -> -31.547386 | AF60: =AE60/AC60 -> -0.12968785 | AG60: =IF(AF60<0,"Negative",IF(AF60=0,"Same",IF(AF60>0.3,"30+%",IF(AF60>0.2,"20-30%",IF(AF60>0.1,"10-20%",IF(AF60<=0.1,"0-10%")))))) -> Negative | AI60: NO | AJ60: 0
A61: 2842 | B61: 7021427041 | C61: 44314 | D61: NESTLE | E61: NESTLE - BOTTLED WATER | F61: 0001522689 | G61: 0001622857 | H61: NESTLE WATERS NORTH AMERICA | I61: 5772 JURUPA ST | J61: ONTARIO | K61: CA | L61: 91761-3672 | M61: . | N61: 4566190137 | O61: GOLD | P61: CFK1X48 | Q61: 101719304 | R61: EA | S61: 1 | T61: GOLD | U61: CFK1X48 | V61: 101719304 | W61: LINEAR MOTION PRODUCTS | X61: GOLD_CFK1X48 | Y61: EA | AA61: 45.572847 | AB61: 40.350031 | AC61: =AB61*S61 -> 40.350031 | AD61: =AA61*S61 -> 45.572847 | AE61: =AC61-AD61 -> -5.2228154 | AF61: =AE61/AC61 -> -0.1294377 | AG61: =IF(AF61<0,"Negative",IF(AF61=0,"Same",IF(AF61>0.3,"30+%",IF(AF61>0.2,"20-30%",IF(AF61>0.1,"10-20%",IF(AF61<=0.1,"0-10%")))))) -> Negative | AI61: YES | AJ61: 21
A62: 2842 | B62: 7021427041 | C62: 44314 | D62: NESTLE | E62: NESTLE - BOTTLED WATER | F62: 0001522689 | G62: 0001622857 | H62: NESTLE WATERS NORTH AMERICA | I62: 5772 JURUPA ST | J62: ONTARIO | K62: CA | L62: 91761-3672 | M62: . | N62: 4566190137 | O62: MART | P62: 50BS12 1 | Q62: 100807914 | R62: EA | S62: 1 | T62: MART | U62: 50BS12 1 | V62: 100807914 | W62: MECHANICAL POWER TRANSMISSION | X62: MART_50BS12 1 | Y62: EA | AA62: 16.719438 | AB62: 14.92 | AC62: =AB62*S62 -> 14.92 | AD62: =AA62*S62 -> 16.719438 | AE62: =AC62-AD62 -> -1.7994378 | AF62: =AE62/AC62 -> -0.12060575 | AG62: =IF(AF62<0,"Negative",IF(AF62=0,"Same",IF(AF62>0.3,"30+%",IF(AF62>0.2,"20-30%",IF(AF62>0.1,"10-20%",IF(AF62<=0.1,"0-10%")))))) -> Negative | AI62: YES | AJ62: 61
A63: 2842 | B63: 7021427041 | C63: 44314 | D63: NESTLE | E63: NESTLE - BOTTLED WATER | F63: 0001522689 | G63: 0001622857 | H63: NESTLE WATERS NORTH AMERICA | I63: 5772 JURUPA ST | J63: ONTARIO | K63: CA | L63: 91761-3672 | M63: . | N63: 4566190137 | O63: MART | P63: 50BS13 1 | Q63: 100807928 | R63: EA | S63: 1 | T63: MART | U63: 50BS13 1 | V63: 100807928 | W63: MECHANICAL POWER TRANSMISSION | X63: MART_50BS13 1 | Y63: EA | AA63: 17.402362 | AB63: 15.537163 | AC63: =AB63*S63 -> 15.537163 | AD63: =AA63*S63 -> 17.402362 | AE63: =AC63-AD63 -> -1.865199 | AF63: =AE63/AC63 -> -0.1200476 | AG63: =IF(AF63<0,"Negative",IF(AF63=0,"Same",IF(AF63>0.3,"30+%",IF(AF63>0.2,"20-30%",IF(AF63>0.1,"10-20%",IF(AF63<=0.1,"0-10%")))))) -> Negative | AI63: YES | AJ63: 33
A64: 2842 | B64: 7021427041 | C64: 44314 | D64: NESTLE | E64: NESTLE - BOTTLED WATER | F64: 0001522689 | G64: 0001622857 | H64: NESTLE WATERS NORTH AMERICA | I64: 5772 JURUPA ST | J64: ONTARIO | K64: CA | L64: 91761-3672 | M64: . | N64: 4566190137 | O64: DODG | P64: F2BSC100 | Q64: 100733529 | R64: EA | S64: 2 | T64: DODG | U64: F2BSC100 | V64: 100733529 | W64: BEARINGS | X64: DODG_F2BSC100 | Y64: EA | AA64: 48.16 | AB64: 49.45 | AC64: =AB64*S64 -> 98.9 | AD64: =AA64*S64 -> 96.32 | AE64: =AC64-AD64 -> 2.58 | AF64: =AE64/AC64 -> 0.026086957 | AG64: =IF(AF64<0,"Negative",IF(AF64=0,"Same",IF(AF64>0.3,"30+%",IF(AF64>0.2,"20-30%",IF(AF64>0.1,"10-20%",IF(AF64<=0.1,"0-10%")))))) -> 0-10% | AI64: YES | AJ64: 263
A65: 2842 | B65: 7021444504 | C65: 44316 | D65: NESTLE | E65: NESTLE - BOTTLED WATER | F65: 0001522689 | G65: 0001622857 | H65: NESTLE WATERS NORTH AMERICA | I65: 5772 JURUPA ST | J65: ONTARIO | K65: CA | L65: 91761-3672 | M65: 2-3 WEEKS ARO | N65: 4565882360 | O65: ASCO | P65: 272612-132-* | Q65: 103375534 | R65: EA | S65: 2 | T65: ASCO | U65: 272612-132-* | V65: 103375534 | W65: FLUID POWER | X65: ASCO_272612-132-* | Y65: EA | AA65: 280.06 | AB65: 331.13 | AC65: =AB65*S65 -> 662.26 | AD65: =AA65*S65 -> 560.12 | AE65: =AC65-AD65 -> 102.14 | AF65: =AE65/AC65 -> 0.15422946 | AG65: =IF(AF65<0,"Negative",IF(AF65=0,"Same",IF(AF65>0.3,"30+%",IF(AF65>0.2,"20-30%",IF(AF65>0.1,"10-20%",IF(AF65<=0.1,"0-10%")))))) -> 10-20% | AI65: NO | AJ65: 0
A66: 2842 | B66: 7021462399 | C66: 44319 | D66: NESTLE | E66: NESTLE - BOTTLED WATER | F66: 0001522689 | G66: 0001622857 | H66: NESTLE WATERS NORTH AMERICA | I66: 5772 JURUPA ST | J66: ONTARIO | K66: CA | L66: 91761-3672 | M66: . | N66: 456567876 | O66: HYDR | P66: LX-PU | Q66: 112156565 | R66: EA | S66: 1 | T66: HYDR | U66: LX-PU | V66: 112156565 | W66: FLUID POWER | X66: HYDR_LX-PU | Y66: EA | Z66: FPA/POR | AA66: 1128.9529 | AB66: 1258.52 | AC66: =AB66*S66 -> 1258.52 | AD66: =AA66*S66 -> 1128.9529 | AE66: =AC66-AD66 -> 129.56706 | AF66: =AE66/AC66 -> 0.10295193 | AG66: =IF(AF66<0,"Negative",IF(AF66=0,"Same",IF(AF66>0.3,"30+%",IF(AF66>0.2,"20-30%",IF(AF66>0.1,"10-20%",IF(AF66<=0.1,"0-10%")))))) -> 10-20% | AI66: NO | AJ66: 0
A67: 2756 | B67: 7021479353 | C67: 44321 | D67: NESTLE | E67: NESTLE - BOTTLED WATER | F67: 0001522689 | G67: 0001621275 | H67: NESTLE WATERS / ICE MTN | I67: 19275 8 MILE RD US PL NW | J67: STANWOOD | K67: MI | L67: 49346-8806 | M67: 104450558 | N67: 4566175258 | O67: DONA | P67: 1C220048-25 | Q67: 110988151 | R67: EA | S67: 2 | T67: DONA | U67: 1C220048-25 | V67: 110988151 | W67: FLUID POWER | X67: DONA_1C220048-25 | Y67: EA | AA67: 243.49 | AB67: 237.11 | AC67: =AB67*S67 -> 474.22 | AD67: =AA67*S67 -> 486.98 | AE67: =AC67-AD67 -> -12.76 | AF67: =AE67/AC67 -> -0.026907343 | AG67: =IF(AF67<0,"Negative",IF(AF67=0,"Same",IF(AF67>0.3,"30+%",IF(AF67>0.2,"20-30%",IF(AF67>0.1,"10-20%",IF(AF67<=0.1,"0-10%")))))) -> Negative | AH67: SPECIAL PRICING. WILL NEED TO CONFIRM MFR WILL EXTEND. | AI67: NO | AJ67: 0
A68: 2183 | B68: 7021503997 | C68: 44323 | F68: 0001347536 | G68: 0001347536 | H68: NESTLE WATERS NORTH AMERICA INC | I68: 900 COMMERCE PARKWAY WEST DR | J68: GREENWOOD | K68: IN | L68: 46143-9802 | M68: . | N68: 4566205495 | O68: DODG | P68: 21BQ30R56 | Q68: 116176728 | R68: EA | S68: 1 | T68: DODG | U68: 21BQ30R56 | V68: 116176728 | W68: MECHANICAL POWER TRANSMISSION | X68: DODG_21BQ30R56 | Y68: EA | Z68: FPA/POR | AA68: 535.19 | AB68: 634.21093 | AC68: =AB68*S68 -> 634.21093 | AD68: =AA68*S68 -> 535.19 | AE68: =AC68-AD68 -> 99.020926 | AF68: =AE68/AC68 -> 0.15613248 | AG68: =IF(AF68<0,"Negative",IF(AF68=0,"Same",IF(AF68>0.3,"30+%",IF(AF68>0.2,"20-30%",IF(AF68>0.1,"10-20%",IF(AF68<=0.1,"0-10%")))))) -> 10-20% | AI68: NO | AJ68: 0
A69: 2842 | B69: 7021527710 | C69: 44327 | D69: NESTLE | E69: NESTLE - BOTTLED WATER | F69: 0001522689 | G69: 0001622857 | H69: NESTLE WATERS NORTH AMERICA | I69: 5772 JURUPA ST | J69: ONTARIO | K69: CA | L69: 91761-3672 | M69: STOCK FONTANA | N69: 4566059936 | O69: LOVJ | P69: L090/L095SOX | Q69: 102118734 | R69: EA | S69: 2 | T69: LOVJ | U69: L090/L095SOX | V69: 102118734 | W69: MECHANICAL POWER TRANSMISSION | X69: LOVJ_L090/L095SOX | Y69: EA | AA69: 6.39 | AB69: 7.45 | AC69: =AB69*S69 -> 14.9 | AD69: =AA69*S69 -> 12.78 | AE69: =AC69-AD69 -> 2.12 | AF69: =AE69/AC69 -> 0.14228188 | AG69: =IF(AF69<0,"Negative",IF(AF69=0,"Same",IF(AF69>0.3,"30+%",IF(AF69>0.2,"20-30%",IF(AF69>0.1,"10-20%",IF(AF69<=0.1,"0-10%")))))) -> 10-20% | AI69: YES | AJ69: 385
A70: 2842 | B70: 7021527710 | C70: 44327 | D70: NESTLE | E70: NESTLE - BOTTLED WATER | F70: 0001522689 | G70: 0001622857 | H70: NESTLE WATERS NORTH AMERICA | I70: 5772 JURUPA ST | J70: ONTARIO | K70: CA | L70: 91761-3672 | M70: STOCK FONTANA | N70: 4566059936 | O70: BALD | P70: CEWDM3546 | Q70: 101004044 | R70: EA | S70: 1 | T70: BALD | U70: CEWDM3546 | V70: 101004044 | W70: ELECTRICAL POWER TRANSMISSION | X70: BALD_CEWDM3546 | Y70: EA | AA70: 715.02 | AB70: 888.45 | AC70: =AB70*S70 -> 888.45 | AD70: =AA70*S70 -> 715.02 | AE70: =AC70-AD70 -> 173.43 | AF70: =AE70/AC70 -> 0.19520513 | AG70: =IF(AF70<0,"Negative",IF(AF70=0,"Same",IF(AF70>0.3,"30+%",IF(AF70>0.2,"20-30%",IF(AF70>0.1,"10-20%",IF(AF70<=0.1,"0-10%")))))) -> 10-20% | AI70: YES | AJ70: 58
A71: 2842 | B71: 7021527710 | C71: 44327 | D71: NESTLE | E71: NESTLE - BOTTLED WATER | F71: 0001522689 | G71: 0001622857 | H71: NESTLE WATERS NORTH AMERICA | I71: 5772 JURUPA ST | J71: ONTARIO | K71: CA | L71: 91761-3672 | M71: STOCK FONTANA | N71: 4566059936 | O71: CONT | P71: B158 | Q71: 100771224 | R71: EA | S71: 3 | T71: CONT | U71: B158 | V71: 100771224 | W71: MECHANICAL POWER TRANSMISSION | X71: CONT_B158 | Y71: EA | AA71: 18.02 | AB71: 24.86 | AC71: =AB71*S71 -> 74.58 | AD71: =AA71*S71 -> 54.06 | AE71: =AC71-AD71 -> 20.52 | AF71: =AE71/AC71 -> 0.27514079 | AG71: =IF(AF71<0,"Negative",IF(AF71=0,"Same",IF(AF71>0.3,"30+%",IF(AF71>0.2,"20-30%",IF(AF71>0.1,"10-20%",IF(AF71<=0.1,"0-10%")))))) -> 20-30% | AI71: YES | AJ71: 87
A72: 2183 | B72: 7021531636 | C72: 44328 | F72: 0001347536 | G72: 0001347536 | H72: NESTLE WATERS NORTH AMERICA INC | I72: 900 COMMERCE PARKWAY WEST DR | J72: GREENWOOD | K72: IN | L72: 46143-9802 | M72: .. | N72: KEVIN SANCHEZ | O72: STLY | P72: 11-911A | Q72: 106012546 | R72: EA | S72: 2 | T72: STLY | U72: 11-911A | V72: 106012546 | W72: TOOLS | X72: STLY_11-911A | Y72: EA | AA72: 18.65 | AB72: 24.141181 | AC72: =AB72*S72 -> 48.282362 | AD72: =AA72*S72 -> 37.3 | AE72: =AC72-AD72 -> 10.982362 | AF72: =AE72/AC72 -> 0.22746115 | AG72: =IF(AF72<0,"Negative",IF(AF72=0,"Same",IF(AF72>0.3,"30+%",IF(AF72>0.2,"20-30%",IF(AF72>0.1,"10-20%",IF(AF72<=0.1,"0-10%")))))) -> 20-30% | AI72: NO | AJ72: 1
A73: 2842 | B73: 7021532544 | C73: 44328 | D73: NESTLE | E73: NESTLE - BOTTLED WATER | F73: 0001522689 | G73: 0001622857 | H73: NESTLE WATERS NORTH AMERICA | I73: 5772 JURUPA ST | J73: ONTARIO | K73: CA | L73: 91761-3672 | M73: 1 DAY ARO | N73: 4566059936 | O73: UST | P73: RS12B SS CONN LK | Q73: 101547983 | R73: EA | S73: 10 | T73: UST | U73: RS12B SS CONN LK | V73: 101547983 | W73: MECHANICAL POWER TRANSMISSION | X73: UST_RS12B SS CONN LK | Y73: EA | AA73: 6.1555556 | AB73: 6.3 | AC73: =AB73*S73 -> 63 | AD73: =AA73*S73 -> 61.555556 | AE73: =AC73-AD73 -> 1.4444444 | AF73: =AE73/AC73 -> 0.02292769 | AG73: =IF(AF73<0,"Negative",IF(AF73=0,"Same",IF(AF73>0.3,"30+%",IF(AF73>0.2,"20-30%",IF(AF73>0.1,"10-20%",IF(AF73<=0.1,"0-10%")))))) -> 0-10% | AI73: NO | AJ73: 26
A74: 2183 | B74: 7021563069 | C74: 44333 | F74: 0001347536 | G74: 0001347536 | H74: NESTLE WATERS NORTH AMERICA INC | I74: 900 COMMERCE PARKWAY WEST DR | J74: GREENWOOD | K74: IN | L74: 46143-9802 | M74: .. | N74: KEVIN SANCHEZ | O74: MSP | P74: 696688 | Q74: 118373844 | R74: EA | S74: 10 | T74: MSP | U74: 696688 | V74: 118373844 | W74: SAFETY PRODUCTS | X74: MSP_696688 | Y74: EA | Z74: FPA/POR | AA74: 10.53 | AB74: 15.22 | AC74: =AB74*S74 -> 152.2 | AD74: =AA74*S74 -> 105.3 | AE74: =AC74-AD74 -> 46.9 | AF74: =AE74/AC74 -> 0.30814717 | AG74: =IF(AF74<0,"Negative",IF(AF74=0,"Same",IF(AF74>0.3,"30+%",IF(AF74>0.2,"20-30%",IF(AF74>0.1,"10-20%",IF(AF74<=0.1,"0-10%")))))) -> 30+% | AI74: NO | AJ74: 0
A75: 2183 | B75: 7021568236 | C75: 44333 | F75: 0001347536 | G75: 0001347536 | H75: NESTLE WATERS NORTH AMERICA INC | I75: 900 COMMERCE PARKWAY WEST DR | J75: GREENWOOD | K75: IN | L75: 46143-9802 | M75: .. | N75: KEVIN SANCHEZ | O75: AEN | P75: 855T-L10 120V | Q75: 118374134 | R75: EA | S75: 2 | T75: AEN | U75: 855T-L10 120V | V75: 118374134 | W75: SAFETY PRODUCTS | X75: AEN_855T-L10 120V | Y75: EA | Z75: FPA/POR | AA75: 10.88 | AB75: 13.48 | AC75: =AB75*S75 -> 26.96 | AD75: =AA75*S75 -> 21.76 | AE75: =AC75-AD75 -> 5.2 | AF75: =AE75/AC75 -> 0.19287834 | AG75: =IF(AF75<0,"Negative",IF(AF75=0,"Same",IF(AF75>0.3,"30+%",IF(AF75>0.2,"20-30%",IF(AF75>0.1,"10-20%",IF(AF75<=0.1,"0-10%")))))) -> 10-20% | AI75: NO | AJ75: 0
A76: 2756 | B76: 7021587900 | C76: 44335 | D76: NESTLE | E76: NESTLE - BOTTLED WATER | F76: 0001522689 | G76: 0001621275 | H76: NESTLE WATERS / ICE MTN | I76: 19275 8 MILE RD US PL NW | J76: STANWOOD | K76: MI | L76: 49346-8806 | M76: 104450558 | N76: 4566306982 | O76: DONA | P76: 1C220048-25 | Q76: 110988151 | R76: EA | S76: 2 | T76: DONA | U76: 1C220048-25 | V76: 110988151 | W76: FLUID POWER | X76: DONA_1C220048-25 | Y76: EA | AA76: 243.49 | AB76: 237.11 | AC76: =AB76*S76 -> 474.22 | AD76: =AA76*S76 -> 486.98 | AE76: =AC76-AD76 -> -12.76 | AF76: =AE76/AC76 -> -0.026907343 | AG76: =IF(AF76<0,"Negative",IF(AF76=0,"Same",IF(AF76>0.3,"30+%",IF(AF76>0.2,"20-30%",IF(AF76>0.1,"10-20%",IF(AF76<=0.1,"0-10%")))))) -> Negative | AH76: SPECIAL PRICING. WILL NEED TO CONFIRM MFR WILL EXTEND. | AI76: NO | AJ76: 0
A77: 2756 | B77: 7021598599 | C77: 44336 | D77: NESTLE | E77: NESTLE - BOTTLED WATER | F77: 0001522689 | G77: 0001621275 | H77: NESTLE WATERS / ICE MTN | I77: 19275 8 MILE RD US PL NW | J77: STANWOOD | K77: MI | L77: 49346-8806 | M77: 101163045 | N77: 4566342937 | O77: DONA | P77: 1C121756 | Q77: 113532866 | R77: EA | S77: 5 | T77: DONA | U77: 1C121756 | V77: 113532866 | W77: FLUID POWER | X77: DONA_1C121756 | Y77: EA | AA77: 199.18868 | AB77: 212.66667 | AC77: =AB77*S77 -> 1063.3333 | AD77: =AA77*S77 -> 995.9434 | AE77: =AC77-AD77 -> 67.389937 | AF77: =AE77/AC77 -> 0.063376116 | AG77: =IF(AF77<0,"Negative",IF(AF77=0,"Same",IF(AF77>0.3,"30+%",IF(AF77>0.2,"20-30%",IF(AF77>0.1,"10-20%",IF(AF77<=0.1,"0-10%")))))) -> 0-10% | AH77: SPECIAL PRICING. WILL NEED TO CONFIRM MFR WILL EXTEND. | AI77: NO | AJ77: 0
A78: 2756 | B78: 7021598599 | C78: 44336 | D78: NESTLE | E78: NESTLE - BOTTLED WATER | F78: 0001522689 | G78: 0001621275 | H78: NESTLE WATERS / ICE MTN | I78: 19275 8 MILE RD US PL NW | J78: STANWOOD | K78: MI | L78: 49346-8806 | M78: 101165521 | N78: 4566342937 | O78: DONA | P78: 1C122156 | Q78: 110223298 | R78: EA | S78: 2 | T78: DONA | U78: 1C122156 | V78: 110223298 | W78: FLUID POWER | X78: DONA_1C122156 | Y78: EA | AA78: 306.71698 | AB78: 327.06667 | AC78: =AB78*S78 -> 654.13333 | AD78: =AA78*S78 -> 613.43396 | AE78: =AC78-AD78 -> 40.699371 | AF78: =AE78/AC78 -> 0.062218769 | AG78: =IF(AF78<0,"Negative",IF(AF78=0,"Same",IF(AF78>0.3,"30+%",IF(AF78>0.2,"20-30%",IF(AF78>0.1,"10-20%",IF(AF78<=0.1,"0-10%")))))) -> 0-10% | AH78: SPECIAL PRICING. WILL NEED TO CONFIRM MFR WILL EXTEND. | AI78: NO | AJ78: 0
A79: 2183 | B79: 7021663345 | C79: 44344 | F79: 0001347536 | G79: 0001347536 | H79: NESTLE WATERS NORTH AMERICA INC | I79: 900 COMMERCE PARKWAY WEST DR | J79: GREENWOOD | K79: IN | L79: 46143-9802 | M79: .. | N79: KEVIN SANCHEZ | O79: MELP | P79: LC-14-20-C | Q79: 118341845 | R79: EA | S79: 1 | T79: MELP | U79: LC-14-20-C | V79: 118341845 | W79: ELECTRICAL POWER TRANSMISSION | X79: MELP_LC-14-20-C | Y79: EA | Z79: FPA/POR | AA79: 27.91 | AB79: 38.2 | AC79: =AB79*S79 -> 38.2 | AD79: =AA79*S79 -> 27.91 | AE79: =AC79-AD79 -> 10.29 | AF79: =AE79/AC79 -> 0.26937173 | AG79: =IF(AF79<0,"Negative",IF(AF79=0,"Same",IF(AF79>0.3,"30+%",IF(AF79>0.2,"20-30%",IF(AF79>0.1,"10-20%",IF(AF79<=0.1,"0-10%")))))) -> 20-30% | AI79: NO | AJ79: 0
A80: 2842 | B80: 7021683368 | C80: 44348 | D80: NESTLE | E80: NESTLE - BOTTLED WATER | F80: 0001522689 | G80: 0001622857 | H80: NESTLE WATERS NORTH AMERICA | I80: 5772 JURUPA ST | J80: ONTARIO | K80: CA | L80: 91761-3672 | M80: STOCK FONTANA | N80: 4566411584 | O80: CONT | P80: B180 | Q80: 100771235 | R80: EA | S80: 4 | T80: CONT | U80: B180 | V80: 100771235 | W80: MECHANICAL POWER TRANSMISSION | X80: CONT_B180 | Y80: EA | AA80: 20.65 | AB80: 28.51 | AC80: =AB80*S80 -> 114.04 | AD80: =AA80*S80 -> 82.6 | AE80: =AC80-AD80 -> 31.44 | AF80: =AE80/AC80 -> 0.27569274 | AG80: =IF(AF80<0,"Negative",IF(AF80=0,"Same",IF(AF80>0.3,"30+%",IF(AF80>0.2,"20-30%",IF(AF80>0.1,"10-20%",IF(AF80<=0.1,"0-10%")))))) -> 20-30% | AI80: YES | AJ80: 8
A81: 2842 | B81: 7021691854 | C81: 44349 | D81: NESTLE | E81: NESTLE - BOTTLED WATER | F81: 0001522689 | G81: 0001622857 | H81: NESTLE WATERS NORTH AMERICA | I81: 5772 JURUPA ST | J81: ONTARIO | K81: CA | L81: 91761-3672 | M81: STOCK KENTUCKY | N81: 4566419773 | O81: REX | P81: LF879TK3 1/4 | Q81: 101819031 | R81: FT | S81: 80 | T81: REX | U81: LF879TK3 1/4 | V81: 101819031 | W81: MECHANICAL POWER TRANSMISSION | X81: REX_LF879TK3 1/4 | Y81: FT | AA81: 15.355556 | AB81: 15.736727 | AC81: =AB81*S81 -> 1258.9382 | AD81: =AA81*S81 -> 1228.4444 | AE81: =AC81-AD81 -> 30.493737 | AF81: =AE81/AC81 -> 0.024221791 | AG81: =IF(AF81<0,"Negative",IF(AF81=0,"Same",IF(AF81>0.3,"30+%",IF(AF81>0.2,"20-30%",IF(AF81>0.1,"10-20%",IF(AF81<=0.1,"0-10%")))))) -> 0-10% | AI81: NO | AJ81: 340
A82: 2842 | B82: 7021741225 | C82: 44356 | D82: NESTLE | E82: NESTLE - BOTTLED WATER | F82: 0001522689 | G82: 0001622857 | H82: NESTLE WATERS NORTH AMERICA | I82: 5772 JURUPA ST | J82: ONTARIO | K82: CA | L82: 91761-3672 | M82: 6-8 WEEKS ARO | N82: 4565675876 | O82: EURO | P82: FA47/G DRN80MK4/BE1HF | Q82: 118167202 | R82: EA | S82: 1 | T82: EURO | U82: FA47/G DRN80MK4/BE1HF | V82: 118167202 | W82: MECHANICAL POWER TRANSMISSION | X82: EURO_FA47/G DRN80MK4/BE1HF | Y82: EA | Z82: FPA/POR | AA82: 878.70455 | AB82: 933.55 | AC82: =AB82*S82 -> 933.55 | AD82: =AA82*S82 -> 878.70455 | AE82: =AC82-AD82 -> 54.845455 | AF82: =AE82/AC82 -> 0.058749349 | AG82: =IF(AF82<0,"Negative",IF(AF82=0,"Same",IF(AF82>0.3,"30+%",IF(AF82>0.2,"20-30%",IF(AF82>0.1,"10-20%",IF(AF82<=0.1,"0-10%")))))) -> 0-10% | AI82: NO | AJ82: 0
A83: 2842 | B83: 7021769097 | C83: 44358 | D83: NESTLE | E83: NESTLE - BOTTLED WATER | F83: 0001522689 | G83: 0001622857 | H83: NESTLE WATERS NORTH AMERICA | I83: 5772 JURUPA ST | J83: ONTARIO | K83: CA | L83: 91761-3672 | M83: . | N83: 4566411612 | O83: AVEN | P83: 0822334202 | Q83: 113528578 | R83: EA | S83: 1 | T83: AVEN | U83: 0822334202 | V83: 113528578 | W83: FLUID POWER | X83: AVEN_0822334202 | Y83: EA | Z83: FPA/POR | AA83: 83.657625 | AB83: 81.46 | AC83: =AB83*S83 -> 81.46 | AD83: =AA83*S83 -> 83.657625 | AE83: =AC83-AD83 -> -2.1976253 | AF83: =AE83/AC83 -> -0.026977968 | AG83: =IF(AF83<0,"Negative",IF(AF83=0,"Same",IF(AF83>0.3,"30+%",IF(AF83>0.2,"20-30%",IF(AF83>0.1,"10-20%",IF(AF83<=0.1,"0-10%")))))) -> Negative | AI83: NO | AJ83: 0
A84: 2842 | B84: 7021769097 | C84: 44358 | D84: NESTLE | E84: NESTLE - BOTTLED WATER | F84: 0001522689 | G84: 0001622857 | H84: NESTLE WATERS NORTH AMERICA | I84: 5772 JURUPA ST | J84: ONTARIO | K84: CA | L84: 91761-3672 | M84: . | N84: 4566411612 | O84: AVEN | P84: 0820024996 | Q84: 101875652 | R84: EA | S84: 1 | T84: AVEN | U84: 0820024996 | V84: 101875652 | W84: FLUID POWER | X84: AVEN_0820024996 | Y84: EA | Z84: FPA/POR | AA84: 110.4866 | AB84: 107.59 | AC84: =AB84*S84 -> 107.59 | AD84: =AA84*S84 -> 110.4866 | AE84: =AC84-AD84 -> -2.8966013 | AF84: =AE84/AC84 -> -0.026922589 | AG84: =IF(AF84<0,"Negative",IF(AF84=0,"Same",IF(AF84>0.3,"30+%",IF(AF84>0.2,"20-30%",IF(AF84>0.1,"10-20%",IF(AF84<=0.1,"0-10%")))))) -> Negative | AI84: NO | AJ84: 0
A85: 2842 | B85: 7021769164 | C85: 44358 | D85: NESTLE | E85: NESTLE - BOTTLED WATER | F85: 0001522689 | G85: 0001622857 | H85: NESTLE WATERS NORTH AMERICA | I85: 5772 JURUPA ST | J85: ONTARIO | K85: CA | L85: 91761-3672 | M85: . | N85: 4566485746 | O85: LUBR | P85: L0230-035 | Q85: 102074243 | R85: EA | S85: 3 | T85: LUBR | U85: L0230-035 | V85: 102074243 | W85: LUBRICANT PRODUCTS | X85: LUBR_L0230-035 | Y85: EA | AA85: 297.97 | AB85: 297.72 | AC85: =AB85*S85 -> 893.16 | AD85: =AA85*S85 -> 893.91 | AE85: =AC85-AD85 -> -0.75 | AF85: =AE85/AC85 -> -0.00083971517 | AG85: =IF(AF85<0,"Negative",IF(AF85=0,"Same",IF(AF85>0.3,"30+%",IF(AF85>0.2,"20-30%",IF(AF85>0.1,"10-20%",IF(AF85<=0.1,"0-10%")))))) -> Negative | AI85: YES | AJ85: 16
A86: 2842 | B86: 7021806425 | C86: 44364 | D86: NESTLE | E86: NESTLE - BOTTLED WATER | F86: 0001522689 | G86: 0001622857 | H86: NESTLE WATERS NORTH AMERICA | I86: 5772 JURUPA ST | J86: ONTARIO | K86: CA | L86: 91761-3672 | M86: . | N86: 4566087542 | O86: HYDR | P86: HO3A3X21/2A-25-400-C1-1MX-3TRI-X | Q86: 118255168 | R86: EA | S86: 1 | T86: HYDR | U86: HO3A3X21/2A-25-400-C1-1MX-3TRI-X | V86: 118255168 | W86: FLUID POWER | X86: HYDR_HO3A3X21/2A-25-400-C1-1MX-3TRI-X | Y86: EA | Z86: FPA/POR | AA86: 2578.9773 | AB86: 2695.1 | AC86: =AB86*S86 -> 2695.1 | AD86: =AA86*S86 -> 2578.9773 | AE86: =AC86-AD86 -> 116.12273 | AF86: =AE86/AC86 -> 0.043086612 | AG86: =IF(AF86<0,"Negative",IF(AF86=0,"Same",IF(AF86>0.3,"30+%",IF(AF86>0.2,"20-30%",IF(AF86>0.1,"10-20%",IF(AF86<=0.1,"0-10%")))))) -> 0-10% | AI86: NO | AJ86: 0
A87: 2842 | B87: 7021806509 | C87: 44364 | D87: NESTLE | E87: NESTLE - BOTTLED WATER | F87: 0001522689 | G87: 0001622857 | H87: NESTLE WATERS NORTH AMERICA | I87: 5772 JURUPA ST | J87: ONTARIO | K87: CA | L87: 91761-3672 | M87: . | N87: 4566399759 | O87: BOST | P87: BKCF715-10KP-B5-GS1 | Q87: 114051559 | R87: EA | S87: 1 | T87: BOST | U87: BKCF715-10KP-B5-GS1 | V87: 114051559 | W87: MECHANICAL POWER TRANSMISSION | X87: BOST_BKCF715-10KP-B5-GS1 | Y87: EA | AA87: 694.91 | AB87: 841.3 | AC87: =AB87*S87 -> 841.3 | AD87: =AA87*S87 -> 694.91 | AE87: =AC87-AD87 -> 146.39 | AF87: =AE87/AC87 -> 0.17400452 | AG87: =IF(AF87<0,"Negative",IF(AF87=0,"Same",IF(AF87>0.3,"30+%",IF(AF87>0.2,"20-30%",IF(AF87>0.1,"10-20%",IF(AF87<=0.1,"0-10%")))))) -> 10-20% | AI87: NO | AJ87: 0
A88: 2183 | B88: 7021808208 | C88: 44364 | F88: 0001347536 | G88: 0001347536 | H88: NESTLE WATERS NORTH AMERICA INC | I88: 900 COMMERCE PARKWAY WEST DR | J88: GREENWOOD | K88: IN | L88: 46143-9802 | M88: 6843 | N88: KEVIN SANDCHEZ | O88: FEST | P88: U-3/8-B | Q88: 103423605 | R88: EA | S88: 1 | T88: FEST | U88: U-3/8-B | V88: 103423605 | W88: FLUID POWER | X88: FEST_U-3/8-B | Y88: EA | AA88: 6.4 | AB88: 9.3719512 | AC88: =AB88*S88 -> 9.3719512 | AD88: =AA88*S88 -> 6.4 | AE88: =AC88-AD88 -> 2.9719512 | AF88: =AE88/AC88 -> 0.31711126 | AG88: =IF(AF88<0,"Negative",IF(AF88=0,"Same",IF(AF88>0.3,"30+%",IF(AF88>0.2,"20-30%",IF(AF88>0.1,"10-20%",IF(AF88<=0.1,"0-10%")))))) -> 30+% | AI88: NO | AJ88: 2
A89: 2842 | B89: 7021815868 | C89: 44365 | D89: NESTLE | E89: NESTLE - BOTTLED WATER | F89: 0001522689 | G89: 0001622857 | H89: NESTLE WATERS NORTH AMERICA | I89: 5772 JURUPA ST | J89: ONTARIO | K89: CA | L89: 91761-3672 | M89: . | N89: 4566087542 | O89: MACV | P89: 130B-501JJ=5168 | Q89: 118253515 | R89: EA | S89: 6 | T89: MACV | U89: 130B-501JJ=5168 | V89: 118253515 | W89: FLUID POWER | X89: MACV_130B-501JJ=5168 | Y89: EA | Z89: FPA/POR | AA89: 47.865332 | AB89: 46.6 | AC89: =AB89*S89 -> 279.6 | AD89: =AA89*S89 -> 287.19199 | AE89: =AC89-AD89 -> -7.5919935 | AF89: =AE89/AC89 -> -0.027153052 | AG89: =IF(AF89<0,"Negative",IF(AF89=0,"Same",IF(AF89>0.3,"30+%",IF(AF89>0.2,"20-30%",IF(AF89>0.1,"10-20%",IF(AF89<=0.1,"0-10%")))))) -> Negative | AI89: NO | AJ89: 0
A90: 2842 | B90: 7021816463 | C90: 44365 | D90: NESTLE | E90: NESTLE - BOTTLED WATER | F90: 0001522689 | G90: 0001622857 | H90: NESTLE WATERS NORTH AMERICA | I90: 5772 JURUPA ST | J90: ONTARIO | K90: CA | L90: 91761-3672 | M90: . | N90: 4566376447 | O90: BODI | P90: 0468 | Q90: 104124516 | R90: EA | S90: 2 | T90: BODI | U90: 0468 | V90: 104124516 | W90: MECHANICAL POWER TRANSMISSION | X90: BODI_0468 | Y90: EA | Z90: FPA/POR | AA90: 396.98 | AB90: 388.53 | AC90: =AB90*S90 -> 777.06 | AD90: =AA90*S90 -> 793.96 | AE90: =AC90-AD90 -> -16.9 | AF90: =AE90/AC90 -> -0.021748642 | AG90: =IF(AF90<0,"Negative",IF(AF90=0,"Same",IF(AF90>0.3,"30+%",IF(AF90>0.2,"20-30%",IF(AF90>0.1,"10-20%",IF(AF90<=0.1,"0-10%")))))) -> Negative | AI90: NO | AJ90: 0
A91: 2842 | B91: 7021816464 | C91: 44365 | D91: NESTLE | E91: NESTLE - BOTTLED WATER | F91: 0001522689 | G91: 0001622857 | H91: NESTLE WATERS NORTH AMERICA | I91: 5772 JURUPA ST | J91: ONTARIO | K91: CA | L91: 91761-3672 | M91: . | N91: 4566376447 | O91: BODI | P91: S49401054 | Q91: 112089918 | R91: EA | S91: 2 | T91: BODI | U91: S49401054 | V91: 112089918 | W91: MECHANICAL POWER TRANSMISSION | X91: BODI_S49401054 | Y91: EA | Z91: FPA/POR | AA91: 15.59 | AB91: 15.26 | AC91: =AB91*S91 -> 30.52 | AD91: =AA91*S91 -> 31.18 | AE91: =AC91-AD91 -> -0.66 | AF91: =AE91/AC91 -> -0.021625164 | AG91: =IF(AF91<0,"Negative",IF(AF91=0,"Same",IF(AF91>0.3,"30+%",IF(AF91>0.2,"20-30%",IF(AF91>0.1,"10-20%",IF(AF91<=0.1,"0-10%")))))) -> Negative | AI91: NO | AJ91: 0
A92: 2756 | B92: 7021819446 | C92: 44365 | D92: NESTLE | E92: NESTLE - BOTTLED WATER | F92: 0001522689 | G92: 0001621275 | H92: NESTLE WATERS / ICE MTN | I92: 19275 8 MILE RD US PL NW | J92: STANWOOD | K92: MI | L92: 49346-8806 | M92: 103560989 | N92: 4566583682 | O92: DONA | P92: 1C123388 | Q92: 110988171 | R92: EA | S92: 5 | T92: DONA | U92: 1C123388 | V92: 110988171 | W92: FLUID POWER | X92: DONA_1C123388 | Y92: EA | AA92: 613.4434 | AB92: 654.86667 | AC92: =AB92*S92 -> 3274.3333 | AD92: =AA92*S92 -> 3067.217 | AE92: =AC92-AD92 -> 207.11635 | AF92: =AE92/AC92 -> 0.06325451 | AG92: =IF(AF92<0,"Negative",IF(AF92=0,"Same",IF(AF92>0.3,"30+%",IF(AF92>0.2,"20-30%",IF(AF92>0.1,"10-20%",IF(AF92<=0.1,"0-10%")))))) -> 0-10% | AH92: SPECIAL PRICING. WILL NEED TO CONFIRM MFR WILL EXTEND. | AI92: NO | AJ92: 0
A93: 2842 | B93: 7021820488 | C93: 44365 | D93: NESTLE | E93: NESTLE - BOTTLED WATER | F93: 0001522689 | G93: 0001622857 | H93: NESTLE WATERS NORTH AMERICA | I93: 5772 JURUPA ST | J93: ONTARIO | K93: CA | L93: 91761-3672 | M93: STOCK KENTUCKY | N93: 4566649635 | O93: THK | P93: SHS20C1SS | Q93: 101791845 | R93: EA | S93: 4 | T93: THK | U93: SHS20C1SS | V93: 101791845 | W93: LINEAR MOTION PRODUCTS | X93: THK_SHS20C1SS | Y93: EA | AA93: 78.365511 | AB93: 69.37 | AC93: =AB93*S93 -> 277.48 | AD93: =AA93*S93 -> 313.46204 | AE93: =AC93-AD93 -> -35.982044 | AF93: =AE93/AC93 -> -0.12967437 | AG93: =IF(AF93<0,"Negative",IF(AF93=0,"Same",IF(AF93>0.3,"30+%",IF(AF93>0.2,"20-30%",IF(AF93>0.1,"10-20%",IF(AF93<=0.1,"0-10%")))))) -> Negative | AI93: YES | AJ93: 334
A94: 2842 | B94: 7021831473 | C94: 44368 | D94: NESTLE | E94: NESTLE - BOTTLED WATER | F94: 0001522689 | G94: 0001622857 | H94: NESTLE WATERS NORTH AMERICA | I94: 5772 JURUPA ST | J94: ONTARIO | K94: CA | L94: 91761-3672 | M94: . | N94: 4566176019 | O94: HYDR | P94: 7736505867 | Q94: 118363515 | R94: EA | S94: 3 | T94: HYDR | U94: 7736505867 | V94: 118363515 | W94: FLUID POWER | X94: HYDR_7736505867 | Y94: EA | Z94: FPA/POR | AA94: 245.11628 | AB94: 250.34 | AC94: =AB94*S94 -> 751.02 | AD94: =AA94*S94 -> 735.34884 | AE94: =AC94-AD94 -> 15.671163 | AF94: =AE94/AC94 -> 0.020866505 | AG94: =IF(AF94<0,"Negative",IF(AF94=0,"Same",IF(AF94>0.3,"30+%",IF(AF94>0.2,"20-30%",IF(AF94>0.1,"10-20%",IF(AF94<=0.1,"0-10%")))))) -> 0-10% | AI94: NO | AJ94: 0
A95: 2842 | B95: 7021838363 | C95: 44369 | D95: NESTLE | E95: NESTLE - BOTTLED WATER | F95: 0001522689 | G95: 0001622857 | H95: NESTLE WATERS NORTH AMERICA | I95: 5772 JURUPA ST | J95: ONTARIO | K95: CA | L95: 91761-3672 | M95: . | N95: 4566468515 | O95: HUBC | P95: 0230-14797 | Q95: 110548648 | R95: EA | S95: 1 | T95: HUBC | U95: 0230-14797 | V95: 110548648 | W95: MECHANICAL POWER TRANSMISSION | X95: HUBC_0230-14797 | Y95: EA | AA95: 1116.0889 | AB95: 1143.15 | AC95: =AB95*S95 -> 1143.15 | AD95: =AA95*S95 -> 1116.0889 | AE95: =AC95-AD95 -> 27.061111 | AF95: =AE95/AC95 -> 0.023672406 | AG95: =IF(AF95<0,"Negative",IF(AF95=0,"Same",IF(AF95>0.3,"30+%",IF(AF95>0.2,"20-30%",IF(AF95>0.1,"10-20%",IF(AF95<=0.1,"0-10%")))))) -> 0-10% | AI95: NO | AJ95: 0
A96: 2842 | B96: 7021848027 | C96: 44370 | D96: NESTLE | E96: NESTLE - BOTTLED WATER | F96: 0001522689 | G96: 0001622857 | H96: NESTLE WATERS NORTH AMERICA | I96: 5772 JURUPA ST | J96: ONTARIO | K96: CA | L96: 91761-3672 | M96: STOCK TENNESSEE | N96: 4566146758 | O96: INA | P96: NATV6-PP-A | Q96: 101963961 | R96: EA | S96: 7 | T96: INA | U96: NATV6-PP-A | V96: 101963961 | W96: BEARINGS | X96: INA_NATV6-PP-A | Y96: EA | AA96: 27.031915 | AB96: 54.64 | AC96: =AB96*S96 -> 382.48 | AD96: =AA96*S96 -> 189.2234 | AE96: =AC96-AD96 -> 193.2566 | AF96: =AE96/AC96 -> 0.50527242 | AG96: =IF(AF96<0,"Negative",IF(AF96=0,"Same",IF(AF96>0.3,"30+%",IF(AF96>0.2,"20-30%",IF(AF96>0.1,"10-20%",IF(AF96<=0.1,"0-10%")))))) -> 30+% | AI96: NO | AJ96: 21
A97: 2756 | B97: 7021850576 | C97: 44370 | D97: NESTLE | E97: NESTLE - BOTTLED WATER | F97: 0001522689 | G97: 0001621275 | H97: NESTLE WATERS / ICE MTN | I97: 19275 8 MILE RD US PL NW | J97: STANWOOD | K97: MI | L97: 49346-8806 | M97: 104450558 | N97: 4566554277 | O97: DONA | P97: 1C220048-25 | Q97: 110988151 | R97: EA | S97: 1 | T97: DONA | U97: 1C220048-25 | V97: 110988151 | W97: FLUID POWER | X97: DONA_1C220048-25 | Y97: EA | AA97: 243.49 | AB97: 237.11 | AC97: =AB97*S97 -> 237.11 | AD97: =AA97*S97 -> 243.49 | AE97: =AC97-AD97 -> -6.38 | AF97: =AE97/AC97 -> -0.026907343 | AG97: =IF(AF97<0,"Negative",IF(AF97=0,"Same",IF(AF97>0.3,"30+%",IF(AF97>0.2,"20-30%",IF(AF97>0.1,"10-20%",IF(AF97<=0.1,"0-10%")))))) -> Negative | AH97: SPECIAL PRICING. WILL NEED TO CONFIRM MFR WILL EXTEND. | AI97: NO | AJ97: 0
A98: 2011 | B98: 7021851656 | C98: 44370 | D98: NESTLE | E98: NESTLE - BOTTLED WATER | F98: 0001522689 | G98: 0001601037 | H98: NESTLE WATERS NORTH AMERICA | I98: 4718 MOUNTAIN CREEK PKWY | J98: DALLAS | K98: TX | L98: 75236-4604 | M98: . | N98: 4566643244 | O98: MART | P98: 7JEM | Q98: 100814377 | R98: EA | S98: 1 | T98: MART | U98: 7JEM | V98: 100814377 | W98: MECHANICAL POWER TRANSMISSION | X98: MART_7JEM | Y98: EA | AA98: 28.28 | AB98: 38.561273 | AC98: =AB98*S98 -> 38.561273 | AD98: =AA98*S98 -> 28.28 | AE98: =AC98-AD98 -> 10.281273 | AF98: =AE98/AC98 -> 0.26662172 | AG98: =IF(AF98<0,"Negative",IF(AF98=0,"Same",IF(AF98>0.3,"30+%",IF(AF98>0.2,"20-30%",IF(AF98>0.1,"10-20%",IF(AF98<=0.1,"0-10%")))))) -> 20-30% | AI98: YES | AJ98: 87
A99: 2011 | B99: 7021851656 | C99: 44370 | D99: NESTLE | E99: NESTLE - BOTTLED WATER | F99: 0001522689 | G99: 0001601037 | H99: NESTLE WATERS NORTH AMERICA | I99: 4718 MOUNTAIN CREEK PKWY | J99: DALLAS | K99: TX | L99: 75236-4604 | M99: . | N99: 4566643244 | O99: MART | P99: 7S 28MM | Q99: 100814392 | R99: EA | S99: 1 | T99: MART | U99: 7S 28MM | V99: 100814392 | W99: MECHANICAL POWER TRANSMISSION | X99: MART_7S 28MM | Y99: EA | AA99: 30.48 | AB99: 42.034274 | AC99: =AB99*S99 -> 42.034274 | AD99: =AA99*S99 -> 30.48 | AE99: =AC99-AD99 -> 11.554274 | AF99: =AE99/AC99 -> 0.27487745 | AG99: =IF(AF99<0,"Negative",IF(AF99=0,"Same",IF(AF99>0.3,"30+%",IF(AF99>0.2,"20-30%",IF(AF99>0.1,"10-20%",IF(AF99<=0.1,"0-10%")))))) -> 20-30% | AI99: NO | AJ99: 0
A100: 2011 | B100: 7021851656 | C100: 44370 | D100: NESTLE | E100: NESTLE - BOTTLED WATER | F100: 0001522689 | G100: 0001601037 | H100: NESTLE WATERS NORTH AMERICA | I100: 4718 MOUNTAIN CREEK PKWY | J100: DALLAS | K100: TX | L100: 75236-4604 | M100: . | N100: 4566643244 | O100: MART | P100: 7S 38MM | Q100: 100814395 | R100: EA | S100: 1 | T100: MART | U100: 7S 38MM | V100: 100814395 | W100: MECHANICAL POWER TRANSMISSION | X100: MART_7S 38MM | Y100: EA | AA100: 30.48 | AB100: 42.034274 | AC100: =AB100*S100 -> 42.034274 | AD100: =AA100*S100 -> 30.48 | AE100: =AC100-AD100 -> 11.554274 | AF100: =AE100/AC100 -> 0.27487745 | AG100: =IF(AF100<0,"Negative",IF(AF100=0,"Same",IF(AF100>0.3,"30+%",IF(AF100>0.2,"20-30%",IF(AF100>0.1,"10-20%",IF(AF100<=0.1,"0-10%")))))) -> 20-30% | AI100: NO | AJ100: 0
...
