Workbook

Sheet SUMMARY
A1: 44631
A2: CATEGORY | B2: SKU COUNT | C2: APPVION EXT | D2: PA EXT | E2: DIFF $ | F2: DIFF %
A3: BEARINGS; | B3: =COUNTIF('Transaction Details'!R:R,SUMMARY!A3) -> 225 | C3: =SUMPRODUCT( --($A3='Transaction Details'!$R:$R),'Transaction Details'!AD:AD) -> 57312.5 | D3: =SUMPRODUCT( --($A3='Transaction Details'!$R:$R),'Transaction Details'!AE:AE) -> 54302.9 | E3: =SUMPRODUCT( --($A3='Transaction Details'!$R:$R),'Transaction Details'!AF:AF) -> 3009.6 | F3: =E3/C3 -> 0.052512105
A4: CHEMICALS; | B4: =COUNTIF('Transaction Details'!R:R,SUMMARY!A4) -> 97 | C4: =SUMPRODUCT( --($A4='Transaction Details'!$R:$R),'Transaction Details'!AD:AD) -> 184354.08 | D4: =SUMPRODUCT( --($A4='Transaction Details'!$R:$R),'Transaction Details'!AE:AE) -> 184324.53 | E4: =SUMPRODUCT( --($A4='Transaction Details'!$R:$R),'Transaction Details'!AF:AF) -> 29.55 | F4: =E4/C4 -> 0.00016028937
A5: ELECTRICAL POWER TRANSMISSION; | B5: =COUNTIF('Transaction Details'!R:R,SUMMARY!A5) -> 25 | C5: =SUMPRODUCT( --($A5='Transaction Details'!$R:$R),'Transaction Details'!AD:AD) -> 21250.36 | D5: =SUMPRODUCT( --($A5='Transaction Details'!$R:$R),'Transaction Details'!AE:AE) -> 19623 | E5: =SUMPRODUCT( --($A5='Transaction Details'!$R:$R),'Transaction Details'!AF:AF) -> 1627.36 | F5: =E5/C5 -> 0.07658035
A6: FLUID POWER; | B6: =COUNTIF('Transaction Details'!R:R,SUMMARY!A6) -> 201 | C6: =SUMPRODUCT( --($A6='Transaction Details'!$R:$R),'Transaction Details'!AD:AD) -> 108966.27 | D6: =SUMPRODUCT( --($A6='Transaction Details'!$R:$R),'Transaction Details'!AE:AE) -> 105794.88 | E6: =SUMPRODUCT( --($A6='Transaction Details'!$R:$R),'Transaction Details'!AF:AF) -> 3171.39 | F6: =E6/C6 -> 0.029104327
A7: GENERAL INDUSTRIAL SUPPLY; | B7: =COUNTIF('Transaction Details'!R:R,SUMMARY!A7) -> 142 | C7: =SUMPRODUCT( --($A7='Transaction Details'!$R:$R),'Transaction Details'!AD:AD) -> 422545.62 | D7: =SUMPRODUCT( --($A7='Transaction Details'!$R:$R),'Transaction Details'!AE:AE) -> 406081.63 | E7: =SUMPRODUCT( --($A7='Transaction Details'!$R:$R),'Transaction Details'!AF:AF) -> 16463.99 | F7: =E7/C7 -> 0.038963816
A8: HOSE PRODUCTS; | B8: =COUNTIF('Transaction Details'!R:R,SUMMARY!A8) -> 26 | C8: =SUMPRODUCT( --($A8='Transaction Details'!$R:$R),'Transaction Details'!AD:AD) -> 10754.44 | D8: =SUMPRODUCT( --($A8='Transaction Details'!$R:$R),'Transaction Details'!AE:AE) -> 10269.04 | E8: =SUMPRODUCT( --($A8='Transaction Details'!$R:$R),'Transaction Details'!AF:AF) -> 485.4 | F8: =E8/C8 -> 0.045134847
A9: JANITORIAL; | B9: =COUNTIF('Transaction Details'!R:R,SUMMARY!A9) -> 54 | C9: =SUMPRODUCT( --($A9='Transaction Details'!$R:$R),'Transaction Details'!AD:AD) -> 12257.9 | D9: =SUMPRODUCT( --($A9='Transaction Details'!$R:$R),'Transaction Details'!AE:AE) -> 12705.25 | E9: =SUMPRODUCT( --($A9='Transaction Details'!$R:$R),'Transaction Details'!AF:AF) -> -447.35 | F9: =E9/C9 -> -0.036494832
A10: LINEAR MOTION PRODUCTS; | B10: =COUNTIF('Transaction Details'!R:R,SUMMARY!A10) -> 6 | C10: =SUMPRODUCT( --($A10='Transaction Details'!$R:$R),'Transaction Details'!AD:AD) -> 2442.65 | D10: =SUMPRODUCT( --($A10='Transaction Details'!$R:$R),'Transaction Details'!AE:AE) -> 2561.23 | E10: =SUMPRODUCT( --($A10='Transaction Details'!$R:$R),'Transaction Details'!AF:AF) -> -118.58 | F10: =E10/C10 -> -0.048545637
A11: LUBRICANT PRODUCTS; | B11: =COUNTIF('Transaction Details'!R:R,SUMMARY!A11) -> 45 | C11: =SUMPRODUCT( --($A11='Transaction Details'!$R:$R),'Transaction Details'!AD:AD) -> 4078.71 | D11: =SUMPRODUCT( --($A11='Transaction Details'!$R:$R),'Transaction Details'!AE:AE) -> 3929.74 | E11: =SUMPRODUCT( --($A11='Transaction Details'!$R:$R),'Transaction Details'!AF:AF) -> 148.97 | F11: =E11/C11 -> 0.036523803
A12: MATERIAL HANDLING; | B12: =COUNTIF('Transaction Details'!R:R,SUMMARY!A12) -> 19 | C12: =SUMPRODUCT( --($A12='Transaction Details'!$R:$R),'Transaction Details'!AD:AD) -> 13621.38 | D12: =SUMPRODUCT( --($A12='Transaction Details'!$R:$R),'Transaction Details'!AE:AE) -> 12513.9 | E12: =SUMPRODUCT( --($A12='Transaction Details'!$R:$R),'Transaction Details'!AF:AF) -> 1107.48 | F12: =E12/C12 -> 0.081304537
A13: MECHANICAL POWER TRANSMISSION; | B13: =COUNTIF('Transaction Details'!R:R,SUMMARY!A13) -> 223 | C13: =SUMPRODUCT( --($A13='Transaction Details'!$R:$R),'Transaction Details'!AD:AD) -> 84848.88 | D13: =SUMPRODUCT( --($A13='Transaction Details'!$R:$R),'Transaction Details'!AE:AE) -> 82111.2 | E13: =SUMPRODUCT( --($A13='Transaction Details'!$R:$R),'Transaction Details'!AF:AF) -> 2737.68 | F13: =E13/C13 -> 0.032265364
A14: SAFETY PRODUCTS; | B14: =COUNTIF('Transaction Details'!R:R,SUMMARY!A14) -> 44 | C14: =SUMPRODUCT( --($A14='Transaction Details'!$R:$R),'Transaction Details'!AD:AD) -> 6747.93 | D14: =SUMPRODUCT( --($A14='Transaction Details'!$R:$R),'Transaction Details'!AE:AE) -> 6860.5 | E14: =SUMPRODUCT( --($A14='Transaction Details'!$R:$R),'Transaction Details'!AF:AF) -> -112.57 | F14: =E14/C14 -> -0.016682153
... A16: TOOLS; | B16: =COUNTIF('Transaction Details'!R:R,SUMMARY!A16) -> 28 | C16: =SUMPRODUCT( --($A16='Transaction Details'!$R:$R),'Transaction Details'!AD:AD) -> 5884.43 | D16: =SUMPRODUCT( --($A16='Transaction Details'!$R:$R),'Transaction Details'!AE:AE) -> 5900.59 | E16: =SUMPRODUCT( --($A16='Transaction Details'!$R:$R),'Transaction Details'!AF:AF) -> -16.16 | F16: =E16/C16 -> -0.0027462303
A17: TOTAL | B17: =SUM(B3:B16) -> 1230 | C17: =SUM(C3:C16) -> 944219.43 | D17: =SUM(D3:D16) -> 915116.13 | E17: =SUM(E3:E16) -> 29103.3 | F17: =E17/C17 -> 0.030822602

Sheet Transaction Details
A2: SC | B2: Billing Document Number | C2: Billing Date | D2: Master Customer (Heading) | E2: Master Customer Division (Heading) | F2: Sold-To-Party | G2: Ship-To Party | H2: Ship-To Party (Heading) | I2: Street Address | J2: City | K2: State | L2: Postal Code | M2: Customer Material Number | N2: Customer Purchase Order Number | O2: MFG Code | P2: Manufacturer Part Number | Q2: Material | R2: Product hierarchy level 1 (Heading) | S2: UOM | T2: Billing Quantity | U2: 1ST SAP MFR | V2: 1ST SAP PN | W2: 1ST SAP MATERIAL# | X2: 1ST SAP HIERARCHY | Y2: 1ST SAP DESCRIPTION | Z2: 1ST SAP UOM | AA2: 1ST SAP MATERIAL STATUS | AB2: PA PRICE | AC2: APPVION PRICE | AD2: APPVION EXT | AE2: PA EXT | AF2: DIFF $ | AG2: DIFF % | AH2: SAVINGS CATEGORY | AI2: AIT NOTES | AJ2: CSPL | AK2: CODE
A3: 2301 | B3: 7023197619 | C3: 44558 | D3: APPVION | E3: APPVION - APPVION | F3: 0001302558 | G3: 0001607822 | H3: APPVION OPERATIONS INC | I3: 825 E WISCONSIN AVE | J3: APPLETON | K3: WI | L3: 54911-3873 | M3: 78-30-311 | N3: 652320 OH | O3: GRAC | P3: 188603 | Q3: 100332444 | R3: FLUID POWER; | S3: EA | T3: 4 | U3: GRAC | V3: 188603 | W3: 100332444 | X3: 12020301 | Y3: GRAC_188603 | Z3: EA | AB3: 2.8 | AC3: 3.08 | AD3: =AC3*T3 -> 12.32 | AE3: =AB3*T3 -> 11.2 | AF3: =AD3-AE3 -> 1.12 | AG3: =AF3/AD3 -> 0.090909091 | AH3: =IF(AG3<0,"Negative",IF(AG3=0,"Same",IF(AG3>0.3,"30+%",IF(AG3>0.2,"20-30%",IF(AG3>0.1,"10-20%",IF(AG3<=0.1,"0-10%")))))) -> 0-10% | AJ3: NO
A4: 2301 | B4: 7023019074 | C4: 44530 | D4: APPVION | E4: APPVION - APPVION | F4: 0001302558 | G4: 0001607822 | H4: APPVION OPERATIONS INC | I4: 825 E WISCONSIN AVE | J4: APPLETON | K4: WI | L4: 54911-3873 | M4: 78-30-311 | N4: 651743 OH | O4: GRAC | P4: 188603 | Q4: 100332444 | R4: FLUID POWER; | S4: EA | T4: 4 | U4: GRAC | V4: 188603 | W4: 100332444 | X4: 12020301 | Y4: GRAC_188603 | Z4: EA | AB4: 2.8 | AC4: 3.08 | AD4: =AC4*T4 -> 12.32 | AE4: =AB4*T4 -> 11.2 | AF4: =AD4-AE4 -> 1.12 | AG4: =AF4/AD4 -> 0.090909091 | AH4: =IF(AG4<0,"Negative",IF(AG4=0,"Same",IF(AG4>0.3,"30+%",IF(AG4>0.2,"20-30%",IF(AG4>0.1,"10-20%",IF(AG4<=0.1,"0-10%")))))) -> 0-10% | AJ4: NO
A5: 2301 | B5: 7022076609 | C5: 44400 | D5: APPVION | E5: APPVION - APPVION | F5: 0001302558 | G5: 0001607822 | H5: APPVION OPERATIONS INC | I5: 825 E WISCONSIN AVE | J5: APPLETON | K5: WI | L5: 54911-3873 | M5: 78-30-311 | N5: 648627 OH | O5: GRAC | P5: 188603 | Q5: 100332444 | R5: FLUID POWER; | S5: EA | T5: 8 | U5: GRAC | V5: 188603 | W5: 100332444 | X5: 12020301 | Y5: GRAC_188603 | Z5: EA | AB5: 2.8 | AC5: 3.08 | AD5: =AC5*T5 -> 24.64 | AE5: =AB5*T5 -> 22.4 | AF5: =AD5-AE5 -> 2.24 | AG5: =AF5/AD5 -> 0.090909091 | AH5: =IF(AG5<0,"Negative",IF(AG5=0,"Same",IF(AG5>0.3,"30+%",IF(AG5>0.2,"20-30%",IF(AG5>0.1,"10-20%",IF(AG5<=0.1,"0-10%")))))) -> 0-10% | AJ5: NO
A6: 2301 | B6: 7020882180 | C6: 44245 | D6: APPVION | E6: APPVION - APPVION | F6: 0001302558 | G6: 0001607822 | H6: APPVION OPERATIONS INC | I6: 825 E WISCONSIN AVE | J6: APPLETON | K6: WI | L6: 54911-3873 | M6: 50-70-045 | N6: 644864 OH | O6: MISC | P6: 7FXR80Z/196 | Q6: 112198575 | R6: JANITORIAL; | S6: EA | T6: 24 | U6: MISC | V6: 7FXR80Z/196 | W6: 112198575 | X6: 06010008 | Y6: MISC_7FXR80Z/196 | Z6: EA | AA6: FPA/POR | AB6: 2.17 | AC6: 2.09 | AD6: =AC6*T6 -> 50.16 | AE6: =AB6*T6 -> 52.08 | AF6: =AD6-AE6 -> -1.92 | AG6: =AF6/AD6 -> -0.038277512 | AH6: =IF(AG6<0,"Negative",IF(AG6=0,"Same",IF(AG6>0.3,"30+%",IF(AG6>0.2,"20-30%",IF(AG6>0.1,"10-20%",IF(AG6<=0.1,"0-10%")))))) -> Negative | AJ6: NO
A7: 2301 | B7: 7023229730 | C7: 44565 | D7: APPVION | E7: APPVION - APPVION | F7: 0001302558 | G7: 0001607822 | H7: APPVION OPERATIONS INC | I7: 825 E WISCONSIN AVE | J7: APPLETON | K7: WI | L7: 54911-3873 | M7: 50-70-045 | N7: 652420 OH | O7: MISC | P7: 7FXR80Z/196 | Q7: 112198575 | R7: JANITORIAL; | S7: EA | T7: 24 | U7: MISC | V7: 7FXR80Z/196 | W7: 112198575 | X7: 06010008 | Y7: MISC_7FXR80Z/196 | Z7: EA | AA7: FPA/POR | AB7: 2.17 | AC7: 2.09 | AD7: =AC7*T7 -> 50.16 | AE7: =AB7*T7 -> 52.08 | AF7: =AD7-AE7 -> -1.92 | AG7: =AF7/AD7 -> -0.038277512 | AH7: =IF(AG7<0,"Negative",IF(AG7=0,"Same",IF(AG7>0.3,"30+%",IF(AG7>0.2,"20-30%",IF(AG7>0.1,"10-20%",IF(AG7<=0.1,"0-10%")))))) -> Negative | AJ7: NO
A8: 2301 | B8: 7023397946 | C8: 44588 | D8: APPVION | E8: APPVION - APPVION | F8: 0001302558 | G8: 0001607822 | H8: APPVION OPERATIONS INC | I8: 825 E WISCONSIN AVE | J8: APPLETON | K8: WI | L8: 54911-3873 | M8: 12-75-400 | N8: 653147 OH | O8: KOYO | P8: BH-1616 | Q8: 101737922 | R8: BEARINGS; | S8: EA | T8: 2 | U8: KOYO | V8: BH-1616 | W8: 101737922 | X8: 01010610 | Y8: KOYO_BH-1616 | Z8: EA | AB8: 5.56 | AC8: 5.68 | AD8: =AC8*T8 -> 11.36 | AE8: =AB8*T8 -> 11.12 | AF8: =AD8-AE8 -> 0.24 | AG8: =AF8/AD8 -> 0.021126761 | AH8: =IF(AG8<0,"Negative",IF(AG8=0,"Same",IF(AG8>0.3,"30+%",IF(AG8>0.2,"20-30%",IF(AG8>0.1,"10-20%",IF(AG8<=0.1,"0-10%")))))) -> 0-10% | AJ8: NO
A9: 2301 | B9: 7023333770 | C9: 44580 | D9: APPVION | E9: APPVION - APPVION | F9: 0001302558 | G9: 0001607822 | H9: APPVION OPERATIONS INC | I9: 825 E WISCONSIN AVE | J9: APPLETON | K9: WI | L9: 54911-3873 | M9: 12-75-400 | N9: 652958 OH | O9: KOYO | P9: BH-1616 | Q9: 101737922 | R9: BEARINGS; | S9: EA | T9: 2 | U9: KOYO | V9: BH-1616 | W9: 101737922 | X9: 01010610 | Y9: KOYO_BH-1616 | Z9: EA | AB9: 5.56 | AC9: 5.68 | AD9: =AC9*T9 -> 11.36 | AE9: =AB9*T9 -> 11.12 | AF9: =AD9-AE9 -> 0.24 | AG9: =AF9/AD9 -> 0.021126761 | AH9: =IF(AG9<0,"Negative",IF(AG9=0,"Same",IF(AG9>0.3,"30+%",IF(AG9>0.2,"20-30%",IF(AG9>0.1,"10-20%",IF(AG9<=0.1,"0-10%")))))) -> 0-10% | AJ9: NO
A10: 2301 | B10: 7022939701 | C10: 44517 | D10: APPVION | E10: APPVION - APPVION | F10: 0001302558 | G10: 0001607822 | H10: APPVION OPERATIONS INC | I10: 825 E WISCONSIN AVE | J10: APPLETON | K10: WI | L10: 54911-3873 | M10: 12-75-400 | N10: 651484 OH | O10: KOYO | P10: BH-1616 | Q10: 101737922 | R10: BEARINGS; | S10: EA | T10: 2 | U10: KOYO | V10: BH-1616 | W10: 101737922 | X10: 01010610 | Y10: KOYO_BH-1616 | Z10: EA | AB10: 5.56 | AC10: 5.68 | AD10: =AC10*T10 -> 11.36 | AE10: =AB10*T10 -> 11.12 | AF10: =AD10-AE10 -> 0.24 | AG10: =AF10/AD10 -> 0.021126761 | AH10: =IF(AG10<0,"Negative",IF(AG10=0,"Same",IF(AG10>0.3,"30+%",IF(AG10>0.2,"20-30%",IF(AG10>0.1,"10-20%",IF(AG10<=0.1,"0-10%")))))) -> 0-10% | AJ10: NO
A11: 2301 | B11: 7023410145 | C11: 44589 | D11: APPVION | E11: APPVION - APPVION | F11: 0001302558 | G11: 0001222540 | H11: APPVION OPERATIONS INC (CONSIGNMENT | I11: 825 E WISCONSIN AVE | J11: APPLETON | K11: WI | L11: 54911-3873 | M11: 06-40-034 | N11: 653084 OH | O11: MSA | P11: 51910-2"X 55 EASY SPLICE FILMLINE 6RL/CA | Q11: 112227550 | R11: GENERAL INDUSTRIAL SUPPLY; | S11: EA | T11: 6 | U11: MSA | V11: 51910-2"X 55 EASY SPLICE FILMLINE 6RL/CA | W11: 112227550 | X11: 07030001 | Y11: MSA_51910-2"X 55 EASY SPLICE FILMLINE 6RL/CA | Z11: EA | AA11: FPA/POR | AB11: 139.2 | AC11: 133.84 | AD11: =AC11*T11 -> 803.04 | AE11: =AB11*T11 -> 835.2 | AF11: =AD11-AE11 -> -32.16 | AG11: =AF11/AD11 -> -0.040047818 | AH11: =IF(AG11<0,"Negative",IF(AG11=0,"Same",IF(AG11>0.3,"30+%",IF(AG11>0.2,"20-30%",IF(AG11>0.1,"10-20%",IF(AG11<=0.1,"0-10%")))))) -> Negative | AJ11: NO
A12: 2301 | B12: 7023017622 | C12: 44530 | D12: APPVION | E12: APPVION - APPVION | F12: 0001302558 | G12: 0001222540 | H12: APPVION OPERATIONS INC (CONSIGNMENT | I12: 825 E WISCONSIN AVE | J12: APPLETON | K12: WI | L12: 54911-3873 | M12: 50-50-100 | N12: 651365 | O12: 3M | P12: 50048011080043 | Q12: 101375052 | R12: TOOLS; | S12: EA | T12: 60 | U12: 3M | V12: 50048011080043 | W12: 101375052 | X12: 08100001 | Y12: 3M_50048011080043 | Z12: EA | AB12: 2.09 | AC12: 2.32 | AD12: =AC12*T12 -> 139.2 | AE12: =AB12*T12 -> 125.4 | AF12: =AD12-AE12 -> 13.8 | AG12: =AF12/AD12 -> 0.099137931 | AH12: =IF(AG12<0,"Negative",IF(AG12=0,"Same",IF(AG12>0.3,"30+%",IF(AG12>0.2,"20-30%",IF(AG12>0.1,"10-20%",IF(AG12<=0.1,"0-10%")))))) -> 0-10% | AJ12: NO
A13: 2301 | B13: 7023067242 | C13: 44537 | D13: APPVION | E13: APPVION - APPVION | F13: 0001302558 | G13: 0001222540 | H13: APPVION OPERATIONS INC (CONSIGNMENT | I13: 825 E WISCONSIN AVE | J13: APPLETON | K13: WI | L13: 54911-3873 | M13: 50-50-100 | N13: 651721 OH | O13: 3M | P13: 50048011080043 | Q13: 101375052 | R13: TOOLS; | S13: EA | T13: 60 | U13: 3M | V13: 50048011080043 | W13: 101375052 | X13: 08100001 | Y13: 3M_50048011080043 | Z13: EA | AB13: 2.09 | AC13: 2.32 | AD13: =AC13*T13 -> 139.2 | AE13: =AB13*T13 -> 125.4 | AF13: =AD13-AE13 -> 13.8 | AG13: =AF13/AD13 -> 0.099137931 | AH13: =IF(AG13<0,"Negative",IF(AG13=0,"Same",IF(AG13>0.3,"30+%",IF(AG13>0.2,"20-30%",IF(AG13>0.1,"10-20%",IF(AG13<=0.1,"0-10%")))))) -> 0-10% | AJ13: NO
A14: 2301 | B14: 7023244307 | C14: 44566 | D14: APPVION | E14: APPVION - APPVION | F14: 0001302558 | G14: 0001222540 | H14: APPVION OPERATIONS INC (CONSIGNMENT | I14: 825 E WISCONSIN AVE | J14: APPLETON | K14: WI | L14: 54911-3873 | M14: 50-50-100 | N14: 652324 OH | O14: 3M | P14: 50048011080043 | Q14: 101375052 | R14: TOOLS; | S14: EA | T14: 60 | U14: 3M | V14: 50048011080043 | W14: 101375052 | X14: 08100001 | Y14: 3M_50048011080043 | Z14: EA | AB14: 2.09 | AC14: 2.32 | AD14: =AC14*T14 -> 139.2 | AE14: =AB14*T14 -> 125.4 | AF14: =AD14-AE14 -> 13.8 | AG14: =AF14/AD14 -> 0.099137931 | AH14: =IF(AG14<0,"Negative",IF(AG14=0,"Same",IF(AG14>0.3,"30+%",IF(AG14>0.2,"20-30%",IF(AG14>0.1,"10-20%",IF(AG14<=0.1,"0-10%")))))) -> 0-10% | AJ14: NO
A15: 2301 | B15: 7021229066 | C15: 44288 | D15: APPVION | E15: APPVION - APPVION | F15: 0001302558 | G15: 0001222540 | H15: APPVION OPERATIONS INC (CONSIGNMENT | I15: 825 E WISCONSIN AVE | J15: APPLETON | K15: WI | L15: 54911-3873 | M15: 84-99-219 | N15: 645991 OH | O15: MSP | P15: 97410715 | Q15: 111732828 | R15: GENERAL INDUSTRIAL SUPPLY; | S15: EA | T15: 1 | U15: MSP | V15: 97410715 | W15: 111732828 | X15: 07030101 | Y15: MSP_97410715 | Z15: EA | AA15: FPA/POR | AB15: 159.12 | AC15: 152.99 | AD15: =AC15*T15 -> 152.99 | AE15: =AB15*T15 -> 159.12 | AF15: =AD15-AE15 -> -6.13 | AG15: =AF15/AD15 -> -0.040067978 | AH15: =IF(AG15<0,"Negative",IF(AG15=0,"Same",IF(AG15>0.3,"30+%",IF(AG15>0.2,"20-30%",IF(AG15>0.1,"10-20%",IF(AG15<=0.1,"0-10%")))))) -> Negative | AJ15: NO
A16: 2301 | B16: 7023398313 | C16: 44588 | D16: APPVION | E16: APPVION - APPVION | F16: 0001302558 | G16: 0001222540 | H16: APPVION OPERATIONS INC (CONSIGNMENT | I16: 825 E WISCONSIN AVE | J16: APPLETON | K16: WI | L16: 54911-3873 | M16: 84-99-217 | N16: 652180 OH | O16: HYDR | P16: 21744 | Q16: 112834539 | R16: FLUID POWER; | S16: EA | T16: 1 | U16: HYDR | V16: 21744 | W16: 112834539 | X16: 12030602 | Y16: HYDR_21744 | Z16: EA | AA16: FPA/POR | AB16: 21.12 | AC16: 22.02 | AD16: =AC16*T16 -> 22.02 | AE16: =AB16*T16 -> 21.12 | AF16: =AD16-AE16 -> 0.9 | AG16: =AF16/AD16 -> 0.040871935 | AH16: =IF(AG16<0,"Negative",IF(AG16=0,"Same",IF(AG16>0.3,"30+%",IF(AG16>0.2,"20-30%",IF(AG16>0.1,"10-20%",IF(AG16<=0.1,"0-10%")))))) -> 0-10% | AJ16: NO
A17: 2301 | B17: 7021358102 | C17: 44306 | D17: APPVION | E17: APPVION - APPVION | F17: 0001302558 | G17: 0001607822 | H17: APPVION OPERATIONS INC | I17: 825 E WISCONSIN AVE | J17: APPLETON | K17: WI | L17: 54911-3873 | M17: 84-10-186 | N17: 646498 OH | O17: MISC | P17: R24287D1 | Q17: 105360060 | R17: GENERAL INDUSTRIAL SUPPLY; | S17: EA | T17: 2 | U17: MISC | V17: R24287D1 | W17: 105360060 | X17: 0706 | Y17: MISC_R24287D1 | Z17: EA | AA17: FPA/POR | AB17: 134.64 | AC17: 129.46 | AD17: =AC17*T17 -> 258.92 | AE17: =AB17*T17 -> 269.28 | AF17: =AD17-AE17 -> -10.36 | AG17: =AF17/AD17 -> -0.040012359 | AH17: =IF(AG17<0,"Negative",IF(AG17=0,"Same",IF(AG17>0.3,"30+%",IF(AG17>0.2,"20-30%",IF(AG17>0.1,"10-20%",IF(AG17<=0.1,"0-10%")))))) -> Negative | AJ17: NO
A18: 2301 | B18: 7020962740 | C18: 44256 | D18: APPVION | E18: APPVION - APPVION | F18: 0001302558 | G18: 0001607822 | H18: APPVION OPERATIONS INC | I18: 825 E WISCONSIN AVE | J18: APPLETON | K18: WI | L18: 54911-3873 | M18: 97-90-042 | N18: 644898 OH | O18: MCT | P18: N32-4-IRB | Q18: 105974075 | R18: MATERIAL HANDLING; | S18: EA | T18: 3 | U18: MCT | V18: N32-4-IRB | W18: 105974075 | X18: 1305 | Y18: MCT_N32-4-IRB | Z18: EA | AA18: FPA/POR | AB18: 16.69 | AC18: 18.17 | AD18: =AC18*T18 -> 54.51 | AE18: =AB18*T18 -> 50.07 | AF18: =AD18-AE18 -> 4.44 | AG18: =AF18/AD18 -> 0.081452944 | AH18: =IF(AG18<0,"Negative",IF(AG18=0,"Same",IF(AG18>0.3,"30+%",IF(AG18>0.2,"20-30%",IF(AG18>0.1,"10-20%",IF(AG18<=0.1,"0-10%")))))) -> 0-10% | AJ18: NO
A19: 2301 | B19: 7022077398 | C19: 44400 | D19: APPVION | E19: APPVION - APPVION | F19: 0001302558 | G19: 0001607822 | H19: APPVION OPERATIONS INC | I19: 825 E WISCONSIN AVE | J19: APPLETON | K19: WI | L19: 54911-3873 | M19: 06-40-028 | N19: 648765 OH | O19: 3M | P19: 0-00-21200-38934-4 | Q19: 112038900 | R19: GENERAL INDUSTRIAL SUPPLY; | S19: EA | T19: 24 | U19: 3M | V19: 0-00-21200-38934-4 | W19: 112038900 | X19: 07040602 | Y19: 3M_0-00-21200-38934-4 | Z19: EA | AA19: FPA/POR | AB19: 60.84 | AC19: 61.01 | AD19: =AC19*T19 -> 1464.24 | AE19: =AB19*T19 -> 1460.16 | AF19: =AD19-AE19 -> 4.08 | AG19: =AF19/AD19 -> 0.0027864285 | AH19: =IF(AG19<0,"Negative",IF(AG19=0,"Same",IF(AG19>0.3,"30+%",IF(AG19>0.2,"20-30%",IF(AG19>0.1,"10-20%",IF(AG19<=0.1,"0-10%")))))) -> 0-10% | AJ19: NO
A20: 2301 | B20: 7023315579 | C20: 44578 | D20: APPVION | E20: APPVION - APPVION | F20: 0001302558 | G20: 0001222540 | H20: APPVION OPERATIONS INC (CONSIGNMENT | I20: 825 E WISCONSIN AVE | J20: APPLETON | K20: WI | L20: 54911-3873 | M20: 50-50-111 | N20: 652759 OH | O20: MISC | P20: 5016-C 1/2" GALV WIDE CROWN | Q20: 118889585 | R20: GENERAL INDUSTRIAL SUPPLY; | S20: BX | T20: 5 | U20: MISC | V20: 5016-C 1/2" GALV WIDE CROWN | W20: 118889585 | X20: 07030001 | Y20: MISC_5016-C 1/2" GALV WIDE CROWN | Z20: BX | AA20: FPA/POR | AB20: 16.73 | AC20: 16.09 | AD20: =AC20*T20 -> 80.45 | AE20: =AB20*T20 -> 83.65 | AF20: =AD20-AE20 -> -3.2 | AG20: =AF20/AD20 -> -0.039776259 | AH20: =IF(AG20<0,"Negative",IF(AG20=0,"Same",IF(AG20>0.3,"30+%",IF(AG20>0.2,"20-30%",IF(AG20>0.1,"10-20%",IF(AG20<=0.1,"0-10%")))))) -> Negative | AJ20: NO
A21: 2301 | B21: 7023409333 | C21: 44589 | D21: APPVION | E21: APPVION - APPVION | F21: 0001302558 | G21: 0001607822 | H21: APPVION OPERATIONS INC | I21: 825 E WISCONSIN AVE | J21: APPLETON | K21: WI | L21: 54911-3873 | M21: 60-60-720 | N21: 653147 OH | O21: PBP | P21: 42360 | Q21: 100848729 | R21: GENERAL INDUSTRIAL SUPPLY; | S21: EA | T21: 1 | U21: PBP | V21: 42360 | W21: 100848729 | X21: 07090002 | Y21: PBP_42360 | Z21: EA | AB21: 18.49 | AC21: 17.78 | AD21: =AC21*T21 -> 17.78 | AE21: =AB21*T21 -> 18.49 | AF21: =AD21-AE21 -> -0.71 | AG21: =AF21/AD21 -> -0.039932508 | AH21: =IF(AG21<0,"Negative",IF(AG21=0,"Same",IF(AG21>0.3,"30+%",IF(AG21>0.2,"20-30%",IF(AG21>0.1,"10-20%",IF(AG21<=0.1,"0-10%")))))) -> Negative | AJ21: YES
A22: 2301 | B22: 7022898454 | C22: 44511 | D22: APPVION | E22: APPVION - APPVION | F22: 0001302558 | G22: 0001607822 | H22: APPVION OPERATIONS INC | I22: 825 E WISCONSIN AVE | J22: APPLETON | K22: WI | L22: 54911-3873 | M22: 12-89-700 | N22: 651342 OH | O22: AKRO | P22: 30235STONE | Q22: 101766641 | R22: GENERAL INDUSTRIAL SUPPLY; | S22: EA | T22: 12 | U22: AKRO | V22: 30235STONE | W22: 101766641 | X22: 07040104 | Y22: AKRO_30235STONE | Z22: EA | AB22: 9.45 | AC22: 9.09 | AD22: =AC22*T22 -> 109.08 | AE22: =AB22*T22 -> 113.4 | AF22: =AD22-AE22 -> -4.32 | AG22: =AF22/AD22 -> -0.03960396 | AH22: =IF(AG22<0,"Negative",IF(AG22=0,"Same",IF(AG22>0.3,"30+%",IF(AG22>0.2,"20-30%",IF(AG22>0.1,"10-20%",IF(AG22<=0.1,"0-10%")))))) -> Negative | AJ22: NO
A23: 2301 | B23: 7022574136 | C23: 44468 | D23: APPVION | E23: APPVION - APPVION | F23: 0001302558 | G23: 0001607822 | H23: APPVION OPERATIONS INC | I23: 825 E WISCONSIN AVE | J23: APPLETON | K23: WI | L23: 54911-3873 | M23: 06-45-005* | N23: 650251 OH | O23: MSA | P23: 60404 1.5"X 72YDS RED PVC S/S | Q23: 118712038 | R23: GENERAL INDUSTRIAL SUPPLY; | S23: EA | T23: 48 | U23: MSA | V23: 60404 1.5"X 72YDS RED PVC S/S | W23: 118712038 | X23: 07030001 | Y23: MSA_60404 1.5"X 72YDS RED PVC S/S | Z23: EA | AA23: FPA/POR | AB23: 6.07 | AC23: 5.83 | AD23: =AC23*T23 -> 279.84 | AE23: =AB23*T23 -> 291.36 | AF23: =AD23-AE23 -> -11.52 | AG23: =AF23/AD23 -> -0.041166381 | AH23: =IF(AG23<0,"Negative",IF(AG23=0,"Same",IF(AG23>0.3,"30+%",IF(AG23>0.2,"20-30%",IF(AG23>0.1,"10-20%",IF(AG23<=0.1,"0-10%")))))) -> Negative | AJ23: NO
A24: 2301 | B24: 7021247824 | C24: 44292 | D24: APPVION | E24: APPVION - APPVION | F24: 0001302558 | G24: 0001607822 | H24: APPVION OPERATIONS INC | I24: 825 E WISCONSIN AVE | J24: APPLETON | K24: WI | L24: 54911-3873 | M24: 06-10-020 | N24: 646194 OH | O24: IPG | P24: K2800/RL | Q24: 112777281 | R24: GENERAL INDUSTRIAL SUPPLY; | S24: EA | T24: 10 | U24: IPG | V24: K2800/RL | W24: 112777281 | X24: 07040602 | Y24: IPG_K2800/RL | Z24: EA | AA24: FPA/POR | AB24: 7.33 | AC24: 7.05 | AD24: =AC24*T24 -> 70.5 | AE24: =AB24*T24 -> 73.3 | AF24: =AD24-AE24 -> -2.8 | AG24: =AF24/AD24 -> -0.039716312 | AH24: =IF(AG24<0,"Negative",IF(AG24=0,"Same",IF(AG24>0.3,"30+%",IF(AG24>0.2,"20-30%",IF(AG24>0.1,"10-20%",IF(AG24<=0.1,"0-10%")))))) -> Negative | AJ24: NO
A25: 2301 | B25: 7023398315 | C25: 44588 | D25: APPVION | E25: APPVION - APPVION | F25: 0001302558 | G25: 0001607822 | H25: APPVION OPERATIONS INC | I25: 825 E WISCONSIN AVE | J25: APPLETON | K25: WI | L25: 54911-3873 | M25: 29-29-229 | N25: 653153 OH | O25: LGAS | P25: CLO15949CT | Q25: 101680797 | R25: JANITORIAL; | S25: EA | T25: 2 | U25: LGAS | V25: CLO15949CT | W25: 101680797 | X25: 06020007 | Y25: LGAS_CLO15949CT | Z25: EA | AB25: 36.24 | AC25: 36.84 | AD25: =AC25*T25 -> 73.68 | AE25: =AB25*T25 -> 72.48 | AF25: =AD25-AE25 -> 1.2 | AG25: =AF25/AD25 -> 0.016286645 | AH25: =IF(AG25<0,"Negative",IF(AG25=0,"Same",IF(AG25>0.3,"30+%",IF(AG25>0.2,"20-30%",IF(AG25>0.1,"10-20%",IF(AG25<=0.1,"0-10%")))))) -> 0-10% | AJ25: YES
A26: 2301 | B26: 7023284936 | C26: 44573 | D26: APPVION | E26: APPVION - APPVION | F26: 0001302558 | G26: 0001607822 | H26: APPVION OPERATIONS INC | I26: 825 E WISCONSIN AVE | J26: APPLETON | K26: WI | L26: 54911-3873 | M26: 34-45-190 | N26: 652755 OH | O26: LN | P26: KM8 | Q26: 102195383 | R26: BEARINGS; | S26: EA | T26: 1 | U26: LN | V26: KM8 | W26: 102195383 | X26: 0102030402 | Y26: LN_KM8 | Z26: EA | AB26: 13.4 | AC26: 14.11 | AD26: =AC26*T26 -> 14.11 | AE26: =AB26*T26 -> 13.4 | AF26: =AD26-AE26 -> 0.71 | AG26: =AF26/AD26 -> 0.050318923 | AH26: =IF(AG26<0,"Negative",IF(AG26=0,"Same",IF(AG26>0.3,"30+%",IF(AG26>0.2,"20-30%",IF(AG26>0.1,"10-20%",IF(AG26<=0.1,"0-10%")))))) -> 0-10% | AJ26: NO
A27: 2301 | B27: 7023248434 | C27: 44567 | D27: APPVION | E27: APPVION - APPVION | F27: 0001302558 | G27: 0001607822 | H27: APPVION OPERATIONS INC | I27: 825 E WISCONSIN AVE | J27: APPLETON | K27: WI | L27: 54911-3873 | M27: 34-45-190 | N27: 652558 OH | O27: LN | P27: KM8 | Q27: 102195383 | R27: BEARINGS; | S27: EA | T27: 1 | U27: LN | V27: KM8 | W27: 102195383 | X27: 0102030402 | Y27: LN_KM8 | Z27: EA | AB27: 13.4 | AC27: 14.11 | AD27: =AC27*T27 -> 14.11 | AE27: =AB27*T27 -> 13.4 | AF27: =AD27-AE27 -> 0.71 | AG27: =AF27/AD27 -> 0.050318923 | AH27: =IF(AG27<0,"Negative",IF(AG27=0,"Same",IF(AG27>0.3,"30+%",IF(AG27>0.2,"20-30%",IF(AG27>0.1,"10-20%",IF(AG27<=0.1,"0-10%")))))) -> 0-10% | AJ27: NO
A28: 2301 | B28: 7023274983 | C28: 44572 | D28: APPVION | E28: APPVION - APPVION | F28: 0001302558 | G28: 0001607822 | H28: APPVION OPERATIONS INC | I28: 825 E WISCONSIN AVE | J28: APPLETON | K28: WI | L28: 54911-3873 | M28: 16-10-107 | N28: 652360 OH | O28: MRUP | P28: APPVION-16-10-107 | Q28: 113362541 | R28: MATERIAL HANDLING; | S28: EA | T28: 1 | U28: MRUP | V28: APPVION-16-10-107 | W28: 113362541 | X28: 130303 | Y28: MRUP_APPVION-16-10-107 | Z28: EA | AA28: FPA/POR | AB28: 67.28 | AC28: 73.25 | AD28: =AC28*T28 -> 73.25 | AE28: =AB28*T28 -> 67.28 | AF28: =AD28-AE28 -> 5.97 | AG28: =AF28/AD28 -> 0.081501706 | AH28: =IF(AG28<0,"Negative",IF(AG28=0,"Same",IF(AG28>0.3,"30+%",IF(AG28>0.2,"20-30%",IF(AG28>0.1,"10-20%",IF(AG28<=0.1,"0-10%")))))) -> 0-10% | AJ28: NO
A29: 2301 | B29: 7023323042 | C29: 44579 | D29: APPVION | E29: APPVION - APPVION | F29: 0001302558 | G29: 0001607822 | H29: APPVION OPERATIONS INC | I29: 825 E WISCONSIN AVE | J29: APPLETON | K29: WI | L29: 54911-3873 | M29: 16-60-575 | N29: 652874 OH | O29: CONT | P29: 5VX1120 | Q29: 100772650 | R29: MECHANICAL POWER TRANSMISSION; | S29: EA | T29: 8 | U29: CONT | V29: 5VX1120 | W29: 100772650 | X29: 1001010602 | Y29: CONT_5VX1120 | Z29: EA | AB29: 34.64 | AC29: 38.21 | AD29: =AC29*T29 -> 305.68 | AE29: =AB29*T29 -> 277.12 | AF29: =AD29-AE29 -> 28.56 | AG29: =AF29/AD29 -> 0.093431039 | AH29: =IF(AG29<0,"Negative",IF(AG29=0,"Same",IF(AG29>0.3,"30+%",IF(AG29>0.2,"20-30%",IF(AG29>0.1,"10-20%",IF(AG29<=0.1,"0-10%")))))) -> 0-10% | AJ29: YES
A30: 2301 | B30: 7023397946 | C30: 44588 | D30: APPVION | E30: APPVION - APPVION | F30: 0001302558 | G30: 0001607822 | H30: APPVION OPERATIONS INC | I30: 825 E WISCONSIN AVE | J30: APPLETON | K30: WI | L30: 54911-3873 | M30: 16-90-520 | N30: 653147 OH | O30: CONT | P30: 3/3VX630 | Q30: 100775432 | R30: MECHANICAL POWER TRANSMISSION; | S30: EA | T30: 1 | U30: CONT | V30: 3/3VX630 | W30: 100775432 | X30: 1001010204 | Y30: CONT_3/3VX630 | Z30: EA | AB30: 36.33 | AC30: 37.97 | AD30: =AC30*T30 -> 37.97 | AE30: =AB30*T30 -> 36.33 | AF30: =AD30-AE30 -> 1.64 | AG30: =AF30/AD30 -> 0.043191994 | AH30: =IF(AG30<0,"Negative",IF(AG30=0,"Same",IF(AG30>0.3,"30+%",IF(AG30>0.2,"20-30%",IF(AG30>0.1,"10-20%",IF(AG30<=0.1,"0-10%")))))) -> 0-10% | AJ30: NO
A31: 2301 | B31: 7020814680 | C31: 44236 | D31: APPVION | E31: APPVION - APPVION | F31: 0001302558 | G31: 0001607822 | H31: APPVION OPERATIONS INC | I31: 825 E WISCONSIN AVE | J31: APPLETON | K31: WI | L31: 54911-3873 | M31: 12-99-191 | N31: 644184 OH | O31: BBB | P31: FFM012018020 | Q31: 101466178 | R31: BEARINGS; | S31: EA | T31: 50 | U31: BBB | V31: FFM012018020 | W31: 101466178 | X31: 0103050104 | Y31: BBB_FFM012018020 | Z31: EA | AA31: FPA/POR | AB31: 2.75 | AC31: 2.46 | AD31: =AC31*T31 -> 123 | AE31: =AB31*T31 -> 137.5 | AF31: =AD31-AE31 -> -14.5 | AG31: =AF31/AD31 -> -0.11788618 | AH31: =IF(AG31<0,"Negative",IF(AG31=0,"Same",IF(AG31>0.3,"30+%",IF(AG31>0.2,"20-30%",IF(AG31>0.1,"10-20%",IF(AG31<=0.1,"0-10%")))))) -> Negative | AJ31: NO
A32: 2301 | B32: 7021098812 | C32: 44273 | D32: APPVION | E32: APPVION - APPVION | F32: 0001302558 | G32: 0001607822 | H32: APPVION OPERATIONS INC | I32: 825 E WISCONSIN AVE | J32: APPLETON | K32: WI | L32: 54911-3873 | M32: . | N32: 2100309 | O32: MCT | P32: 9.06002.03 | Q32: 115737392 | R32: MATERIAL HANDLING; | S32: EA | T32: 6 | U32: MCT | V32: 9.06002.03 | W32: 115737392 | X32: 1303020702 | Y32: MCT_9.06002.03 | Z32: EA | AA32: FPA/POR | AB32: 37.92 | AC32: 41.28 | AD32: =AC32*T32 -> 247.68 | AE32: =AB32*T32 -> 227.52 | AF32: =AD32-AE32 -> 20.16 | AG32: =AF32/AD32 -> 0.081395349 | AH32: =IF(AG32<0,"Negative",IF(AG32=0,"Same",IF(AG32>0.3,"30+%",IF(AG32>0.2,"20-30%",IF(AG32>0.1,"10-20%",IF(AG32<=0.1,"0-10%")))))) -> 0-10% | AJ32: NO
A33: 2301 | B33: 7023410548 | C33: 44589 | D33: APPVION | E33: APPVION - APPVION | F33: 0001302558 | G33: 0001607822 | H33: APPVION OPERATIONS INC | I33: 825 E WISCONSIN AVE | J33: APPLETON | K33: WI | L33: 54911-3873 | M33: 84-99-212 | N33: 653047 OH | O33: MSP | P33: 410718 | Q33: 110914564 | R33: GENERAL INDUSTRIAL SUPPLY; | S33: EA | T33: 1 | U33: MSP | V33: 410718 | W33: 110914564 | X33: 07030101 | Y33: MSP_410718 | Z33: EA | AA33: FPA/POR | AB33: 183.79 | AC33: 176.71 | AD33: =AC33*T33 -> 176.71 | AE33: =AB33*T33 -> 183.79 | AF33: =AD33-AE33 -> -7.08 | AG33: =AF33/AD33 -> -0.040065644 | AH33: =IF(AG33<0,"Negative",IF(AG33=0,"Same",IF(AG33>0.3,"30+%",IF(AG33>0.2,"20-30%",IF(AG33>0.1,"10-20%",IF(AG33<=0.1,"0-10%")))))) -> Negative | AJ33: NO
A34: 2301 | B34: 7023248435 | C34: 44567 | D34: APPVION | E34: APPVION - APPVION | F34: 0001302558 | G34: 0001607822 | H34: APPVION OPERATIONS INC | I34: 825 E WISCONSIN AVE | J34: APPLETON | K34: WI | L34: 54911-3873 | M34: 16-60-797 | N34: 652485 OH | O34: CONT | P34: 5VX1700 | Q34: 100772667 | R34: MECHANICAL POWER TRANSMISSION; | S34: EA | T34: 5 | U34: CONT | V34: 5VX1700 | W34: 100772667 | X34: 1001010602 | Y34: CONT_5VX1700 | Z34: EA | AB34: 52.72 | AC34: 58.13 | AD34: =AC34*T34 -> 290.65 | AE34: =AB34*T34 -> 263.6 | AF34: =AD34-AE34 -> 27.05 | AG34: =AF34/AD34 -> 0.093067263 | AH34: =IF(AG34<0,"Negative",IF(AG34=0,"Same",IF(AG34>0.3,"30+%",IF(AG34>0.2,"20-30%",IF(AG34>0.1,"10-20%",IF(AG34<=0.1,"0-10%")))))) -> 0-10% | AJ34: YES
A35: 2301 | B35: 7020793268 | C35: 44232 | D35: APPVION | E35: APPVION - APPVION | F35: 0001302558 | G35: 0001222540 | H35: APPVION OPERATIONS INC (CONSIGNMENT | I35: 825 E WISCONSIN AVE | J35: APPLETON | K35: WI | L35: 54911-3873 | M35: 78-99-103 | N35: 643996 OH | O35: GAST | P35: AV469B | Q35: 105695206 | R35: FLUID POWER; | S35: EA | T35: 12 | U35: GAST | V35: AV469B | W35: 105695206 | X35: 12020202 | Y35: GAST_AV469B | Z35: EA | AA35: FPA/POR | AB35: 4.68 | AC35: 6.36 | AD35: =AC35*T35 -> 76.32 | AE35: =AB35*T35 -> 56.16 | AF35: =AD35-AE35 -> 20.16 | AG35: =AF35/AD35 -> 0.26415094 | AH35: =IF(AG35<0,"Negative",IF(AG35=0,"Same",IF(AG35>0.3,"30+%",IF(AG35>0.2,"20-30%",IF(AG35>0.1,"10-20%",IF(AG35<=0.1,"0-10%")))))) -> 20-30% | AJ35: NO
A36: 2301 | B36: 7023224021 | C36: 44564 | D36: APPVION | E36: APPVION - APPVION | F36: 0001302558 | G36: 0001607822 | H36: APPVION OPERATIONS INC | I36: 825 E WISCONSIN AVE | J36: APPLETON | K36: WI | L36: 54911-3873 | M36: 50-70-065 | N36: 652451 OH | O36: KC | P36: 21400 | Q36: 111890497 | R36: JANITORIAL; | S36: CS | T36: 2 | U36: KC | V36: 21400 | W36: 111890497 | X36: 06020007 | Y36: KC_21400 | Z36: CS | AB36: 65.12 | AC36: 63.69 | AD36: =AC36*T36 -> 127.38 | AE36: =AB36*T36 -> 130.24 | AF36: =AD36-AE36 -> -2.86 | AG36: =AF36/AD36 -> -0.022452504 | AH36: =IF(AG36<0,"Negative",IF(AG36=0,"Same",IF(AG36>0.3,"30+%",IF(AG36>0.2,"20-30%",IF(AG36>0.1,"10-20%",IF(AG36<=0.1,"0-10%")))))) -> Negative | AJ36: NO
A37: 2301 | B37: 7023296269 | C37: 44574 | D37: APPVION | E37: APPVION - APPVION | F37: 0001302558 | G37: 0001607822 | H37: APPVION OPERATIONS INC | I37: 825 E WISCONSIN AVE | J37: APPLETON | K37: WI | L37: 54911-3873 | M37: 50-70-065 | N37: 652880 OH | O37: KC | P37: 21400 | Q37: 111890497 | R37: JANITORIAL; | S37: CS | T37: 1 | U37: KC | V37: 21400 | W37: 111890497 | X37: 06020007 | Y37: KC_21400 | Z37: CS | AB37: 65.12 | AC37: 63.69 | AD37: =AC37*T37 -> 63.69 | AE37: =AB37*T37 -> 65.12 | AF37: =AD37-AE37 -> -1.43 | AG37: =AF37/AD37 -> -0.022452504 | AH37: =IF(AG37<0,"Negative",IF(AG37=0,"Same",IF(AG37>0.3,"30+%",IF(AG37>0.2,"20-30%",IF(AG37>0.1,"10-20%",IF(AG37<=0.1,"0-10%")))))) -> Negative | AJ37: NO
A38: 2301 | B38: 7023047635 | C38: 44533 | D38: APPVION | E38: APPVION - APPVION | F38: 0001302558 | G38: 0001222540 | H38: APPVION OPERATIONS INC (CONSIGNMENT | I38: 825 E WISCONSIN AVE | J38: APPLETON | K38: WI | L38: 54911-3873 | M38: 12-99-050 | N38: 651630 OH | O38: THK | P38: SRS9XMUU+55LM-11 | Q38: 110914132 | R38: LINEAR MOTION PRODUCTS; | S38: EA | T38: 5 | U38: THK | V38: SRS9XMUU+55LM-11 | W38: 110914132 | X38: 02030101 | Y38: THK_SRS9XMUU+55LM-11 | Z38: EA | AA38: FPA/POR | AB38: 59.61 | AC38: 54.3 | AD38: =AC38*T38 -> 271.5 | AE38: =AB38*T38 -> 298.05 | AF38: =AD38-AE38 -> -26.55 | AG38: =AF38/AD38 -> -0.097790055 | AH38: =IF(AG38<0,"Negative",IF(AG38=0,"Same",IF(AG38>0.3,"30+%",IF(AG38>0.2,"20-30%",IF(AG38>0.1,"10-20%",IF(AG38<=0.1,"0-10%")))))) -> Negative | AJ38: NO
A39: 2301 | B39: 7022338861 | C39: 44435 | D39: APPVION | E39: APPVION - APPVION | F39: 0001302558 | G39: 0001222540 | H39: APPVION OPERATIONS INC (CONSIGNMENT | I39: 825 E WISCONSIN AVE | J39: APPLETON | K39: WI | L39: 54911-3873 | M39: 12-99-050 | N39: 647618 OH | O39: THK | P39: SRS9XMUU+55LM-11 | Q39: 110914132 | R39: LINEAR MOTION PRODUCTS; | S39: EA | T39: 4 | U39: THK | V39: SRS9XMUU+55LM-11 | W39: 110914132 | X39: 02030101 | Y39: THK_SRS9XMUU+55LM-11 | Z39: EA | AA39: FPA/POR | AB39: 59.61 | AC39: 54.3 | AD39: =AC39*T39 -> 217.2 | AE39: =AB39*T39 -> 238.44 | AF39: =AD39-AE39 -> -21.24 | AG39: =AF39/AD39 -> -0.097790055 | AH39: =IF(AG39<0,"Negative",IF(AG39=0,"Same",IF(AG39>0.3,"30+%",IF(AG39>0.2,"20-30%",IF(AG39>0.1,"10-20%",IF(AG39<=0.1,"0-10%")))))) -> Negative | AJ39: NO
A40: 2301 | B40: 7021229066 | C40: 44288 | D40: APPVION | E40: APPVION - APPVION | F40: 0001302558 | G40: 0001222540 | H40: APPVION OPERATIONS INC (CONSIGNMENT | I40: 825 E WISCONSIN AVE | J40: APPLETON | K40: WI | L40: 54911-3873 | M40: 12-99-050 | N40: 645991 OH | O40: THK | P40: SRS9XMUU+55LM-11 | Q40: 110914132 | R40: LINEAR MOTION PRODUCTS; | S40: EA | T40: 1 | U40: THK | V40: SRS9XMUU+55LM-11 | W40: 110914132 | X40: 02030101 | Y40: THK_SRS9XMUU+55LM-11 | Z40: EA | AA40: FPA/POR | AB40: 59.61 | AC40: 54.3 | AD40: =AC40*T40 -> 54.3 | AE40: =AB40*T40 -> 59.61 | AF40: =AD40-AE40 -> -5.31 | AG40: =AF40/AD40 -> -0.097790055 | AH40: =IF(AG40<0,"Negative",IF(AG40=0,"Same",IF(AG40>0.3,"30+%",IF(AG40>0.2,"20-30%",IF(AG40>0.1,"10-20%",IF(AG40<=0.1,"0-10%")))))) -> Negative | AJ40: NO
A41: 2301 | B41: 7021439697 | C41: 44315 | D41: APPVION | E41: APPVION - APPVION | F41: 0001302558 | G41: 0001607822 | H41: APPVION OPERATIONS INC | I41: 825 E WISCONSIN AVE | J41: APPLETON | K41: WI | L41: 54911-3873 | M41: 16-10-009 | N41: 643533 OH | O41: SIEG | P41: E5/2 0/V3 MT-NA 8"IN X 108"IN LG "KS" | Q41: 110964191 | R41: MATERIAL HANDLING; | S41: EA | T41: 1 | U41: SIEG | V41: E5/2 0/V3 MT-NA 8"IN X 108"IN LG "KS" | W41: 110964191 | X41: 1303020401 | Y41: SIEG_E5/2 0/V3 MT-NA 8"IN X 108"IN LG "KS" | Z41: EA | AA41: FPA/POR | AB41: 201.27 | AC41: 219.13 | AD41: =AC41*T41 -> 219.13 | AE41: =AB41*T41 -> 201.27 | AF41: =AD41-AE41 -> 17.86 | AG41: =AF41/AD41 -> 0.08150413 | AH41: =IF(AG41<0,"Negative",IF(AG41=0,"Same",IF(AG41>0.3,"30+%",IF(AG41>0.2,"20-30%",IF(AG41>0.1,"10-20%",IF(AG41<=0.1,"0-10%")))))) -> 0-10% | AJ41: NO
A42: 2301 | B42: 7020962808 | C42: 44256 | D42: APPVION | E42: APPVION - APPVION | F42: 0001302558 | G42: 0001607822 | H42: APPVION OPERATIONS INC | I42: 825 E WISCONSIN AVE | J42: APPLETON | K42: WI | L42: 54911-3873 | M42: 16-10-024 | N42: 644763 OH | O42: BSCB | P42: APPVION-16-10-024 | Q42: 113222083 | R42: MATERIAL HANDLING; | S42: EA | T42: 1 | U42: BSCB | V42: APPVION-16-10-024 | W42: 113222083 | X42: 13020107 | Y42: BSCB_APPVION-16-10-024 | Z42: EA | AA42: FPA/POR | AB42: 188.31 | AC42: 205.03 | AD42: =AC42*T42 -> 205.03 | AE42: =AB42*T42 -> 188.31 | AF42: =AD42-AE42 -> 16.72 | AG42: =AF42/AD42 -> 0.081549042 | AH42: =IF(AG42<0,"Negative",IF(AG42=0,"Same",IF(AG42>0.3,"30+%",IF(AG42>0.2,"20-30%",IF(AG42>0.1,"10-20%",IF(AG42<=0.1,"0-10%")))))) -> 0-10% | AJ42: NO
A43: 2301 | B43: 7021791296 | C43: 44362 | D43: APPVION | E43: APPVION - APPVION | F43: 0001302558 | G43: 0001607822 | H43: APPVION OPERATIONS INC | I43: 825 E WISCONSIN AVE | J43: APPLETON | K43: WI | L43: 54911-3873 | M43: 16-10-051 | N43: 647682 OH | O43: HABA | P43: APPVION-16-10-051 | Q43: 113362535 | R43: MATERIAL HANDLING; | S43: EA | T43: 1 | U43: HABA | V43: APPVION-16-10-051 | W43: 113362535 | X43: 13020107 | Y43: HABA_APPVION-16-10-051 | Z43: EA | AA43: FPA/POR | AB43: 169.59 | AC43: 184.65 | AD43: =AC43*T43 -> 184.65 | AE43: =AB43*T43 -> 169.59 | AF43: =AD43-AE43 -> 15.06 | AG43: =AF43/AD43 -> 0.081559708 | AH43: =IF(AG43<0,"Negative",IF(AG43=0,"Same",IF(AG43>0.3,"30+%",IF(AG43>0.2,"20-30%",IF(AG43>0.1,"10-20%",IF(AG43<=0.1,"0-10%")))))) -> 0-10% | AJ43: NO
A44: 2301 | B44: 7021094813 | C44: 44272 | D44: APPVION | E44: APPVION - APPVION | F44: 0001302558 | G44: 0001607822 | H44: APPVION OPERATIONS INC | I44: 825 E WISCONSIN AVE | J44: APPLETON | K44: WI | L44: 54911-3873 | M44: 41-05-036 | N44: 645335 OH | O44: MISC | P44: 61603 WAP VAC BAGS | Q44: 118064590 | R44: JANITORIAL; | S44: EA | T44: 1 | U44: MISC | V44: 61603 WAP VAC BAGS | W44: 118064590 | X44: 06020001 | Y44: MISC_61603 WAP VAC BAGS | Z44: EA | AA44: FPA/POR | AB44: 122.33 | AC44: 119.64 | AD44: =AC44*T44 -> 119.64 | AE44: =AB44*T44 -> 122.33 | AF44: =AD44-AE44 -> -2.69 | AG44: =AF44/AD44 -> -0.022484119 | AH44: =IF(AG44<0,"Negative",IF(AG44=0,"Same",IF(AG44>0.3,"30+%",IF(AG44>0.2,"20-30%",IF(AG44>0.1,"10-20%",IF(AG44<=0.1,"0-10%")))))) -> Negative | AJ44: NO
A45: 2301 | B45: 7021105779 | C45: 44273 | D45: APPVION | E45: APPVION - APPVION | F45: 0001302558 | G45: 0001607822 | H45: APPVION OPERATIONS INC | I45: 825 E WISCONSIN AVE | J45: APPLETON | K45: WI | L45: 54911-3873 | M45: 99-30-010 | N45: 645797 OH | O45: MISC | P45: 54 X 44 X 150 3 MIL BAG | Q45: 112129201 | R45: JANITORIAL; | S45: EA | T45: 10 | U45: MISC | V45: 54 X 44 X 150 3 MIL BAG | W45: 112129201 | X45: 06020001 | Y45: MISC_54 X 44 X 150 3 MIL BAG | Z45: EA | AA45: FPA/POR | AB45: 120.96 | AC45: 118.3 | AD45: =AC45*T45 -> 1183 | AE45: =AB45*T45 -> 1209.6 | AF45: =AD45-AE45 -> -26.6 | AG45: =AF45/AD45 -> -0.022485207 | AH45: =IF(AG45<0,"Negative",IF(AG45=0,"Same",IF(AG45>0.3,"30+%",IF(AG45>0.2,"20-30%",IF(AG45>0.1,"10-20%",IF(AG45<=0.1,"0-10%")))))) -> Negative | AJ45: NO
A46: 2301 | B46: 7021617257 | C46: 44338 | D46: APPVION | E46: APPVION - APPVION | F46: 0001302558 | G46: 0001607822 | H46: APPVION OPERATIONS INC | I46: 825 E WISCONSIN AVE | J46: APPLETON | K46: WI | L46: 54911-3873 | M46: 26-27-511 | N46: 647024 OH | O46: MISC | P46: BS1001UB | Q46: 113013596 | R46: TOOLS; | S46: EA | T46: 3 | U46: MISC | V46: BS1001UB | W46: 113013596 | X46: 08070002 | Y46: MISC_BS1001UB | Z46: EA | AA46: FPA/POR | AB46: 128.09 | AC46: 122.1 | AD46: =AC46*T46 -> 366.3 | AE46: =AB46*T46 -> 384.27 | AF46: =AD46-AE46 -> -17.97 | AG46: =AF46/AD46 -> -0.049058149 | AH46: =IF(AG46<0,"Negative",IF(AG46=0,"Same",IF(AG46>0.3,"30+%",IF(AG46>0.2,"20-30%",IF(AG46>0.1,"10-20%",IF(AG46<=0.1,"0-10%")))))) -> Negative | AJ46: NO
A47: 2301 | B47: 7023398805 | C47: 44588 | D47: APPVION | E47: APPVION - APPVION | F47: 0001302558 | G47: 0001607822 | H47: APPVION OPERATIONS INC | I47: 825 E WISCONSIN AVE | J47: APPLETON | K47: WI | L47: 54911-3873 | M47: 84-15-310 | N47: 653147 OH | O47: CONS | P47: KB-12N | Q47: 103502754 | R47: LINEAR MOTION PRODUCTS; | S47: EA | T47: 2 | U47: CONS | V47: KB-12N | W47: 103502754 | X47: 02030101 | Y47: CONS_KB-12N | Z47: EA | AB47: 76.96 | AC47: 70.1 | AD47: =AC47*T47 -> 140.2 | AE47: =AB47*T47 -> 153.92 | AF47: =AD47-AE47 -> -13.72 | AG47: =AF47/AD47 -> -0.0978602 | AH47: =IF(AG47<0,"Negative",IF(AG47=0,"Same",IF(AG47>0.3,"30+%",IF(AG47>0.2,"20-30%",IF(AG47>0.1,"10-20%",IF(AG47<=0.1,"0-10%")))))) -> Negative | AJ47: NO
A48: 2301 | B48: 7021030829 | C48: 44265 | D48: APPVION | E48: APPVION - APPVION | F48: 0001302558 | G48: 0001607822 | H48: APPVION OPERATIONS INC | I48: 825 E WISCONSIN AVE | J48: APPLETON | K48: WI | L48: 54911-3873 | M48: . | N48: 1700549 | O48: THK | P48: GSR20TSS | Q48: 103645930 | R48: LINEAR MOTION PRODUCTS; | S48: EA | T48: 6 | U48: THK | V48: GSR20TSS | W48: 103645930 | X48: 0204000101 | Y48: THK_GSR20TSS | Z48: EA | AA48: FPA/POR | AB48: 70.21 | AC48: 63.95 | AD48: =AC48*T48 -> 383.7 | AE48: =AB48*T48 -> 421.26 | AF48: =AD48-AE48 -> -37.56 | AG48: =AF48/AD48 -> -0.097888976 | AH48: =IF(AG48<0,"Negative",IF(AG48=0,"Same",IF(AG48>0.3,"30+%",IF(AG48>0.2,"20-30%",IF(AG48>0.1,"10-20%",IF(AG48<=0.1,"0-10%")))))) -> Negative | AJ48: NO
A49: 2301 | B49: 7021506635 | C49: 44323 | D49: APPVION | E49: APPVION - APPVION | F49: 0001302558 | G49: 0001607822 | H49: APPVION OPERATIONS INC | I49: 825 E WISCONSIN AVE | J49: APPLETON | K49: WI | L49: 54911-3873 | M49: 97-30-025 | N49: 646999 OH | O49: HAMI | P49: REHD83DH | Q49: 106209258 | R49: MATERIAL HANDLING; | S49: EA | T49: 1 | U49: HAMI | V49: REHD83DH | W49: 106209258 | X49: 1305 | Y49: HAMI_REHD83DH | Z49: EA | AA49: FPA/POR | AB49: 119.88 | AC49: 130.52 | AD49: =AC49*T49 -> 130.52 | AE49: =AB49*T49 -> 119.88 | AF49: =AD49-AE49 -> 10.64 | AG49: =AF49/AD49 -> 0.081520074 | AH49: =IF(AG49<0,"Negative",IF(AG49=0,"Same",IF(AG49>0.3,"30+%",IF(AG49>0.2,"20-30%",IF(AG49>0.1,"10-20%",IF(AG49<=0.1,"0-10%")))))) -> 0-10% | AJ49: NO
A50: 2301 | B50: 7023038772 | C50: 44532 | D50: APPVION | E50: APPVION - APPVION | F50: 0001302558 | G50: 0001607822 | H50: APPVION OPERATIONS INC | I50: 825 E WISCONSIN AVE | J50: APPLETON | K50: WI | L50: 54911-3873 | M50: 16-35-040 | N50: 651794 OH | O50: CONT | P50: 320J6 | Q50: 100782038 | R50: MECHANICAL POWER TRANSMISSION; | S50: EA | T50: 1 | U50: CONT | V50: 320J6 | W50: 100782038 | X50: 1001020102 | Y50: CONT_320J6 | Z50: EA | AB50: 7.72 | AC50: 8.45 | AD50: =AC50*T50 -> 8.45 | AE50: =AB50*T50 -> 7.72 | AF50: =AD50-AE50 -> 0.73 | AG50: =AF50/AD50 -> 0.086390533 | AH50: =IF(AG50<0,"Negative",IF(AG50=0,"Same",IF(AG50>0.3,"30+%",IF(AG50>0.2,"20-30%",IF(AG50>0.1,"10-20%",IF(AG50<=0.1,"0-10%")))))) -> 0-10% | AJ50: NO
A51: 2301 | B51: 7023324233 | C51: 44579 | D51: APPVION | E51: APPVION - APPVION | F51: 0001302558 | G51: 0001607822 | H51: APPVION OPERATIONS INC | I51: 825 E WISCONSIN AVE | J51: APPLETON | K51: WI | L51: 54911-3873 | M51: 16-10-052 | N51: 652558 OH | O51: HABA | P51: APPVION-16-10-052 | Q51: 113362536 | R51: MATERIAL HANDLING; | S51: EA | T51: 1 | U51: HABA | V51: APPVION-16-10-052 | W51: 113362536 | X51: 13020107 | Y51: HABA_APPVION-16-10-052 | Z51: EA | AA51: FPA/POR | AB51: 181.12 | AC51: 197.19 | AD51: =AC51*T51 -> 197.19 | AE51: =AB51*T51 -> 181.12 | AF51: =AD51-AE51 -> 16.07 | AG51: =AF51/AD51 -> 0.081495005 | AH51: =IF(AG51<0,"Negative",IF(AG51=0,"Same",IF(AG51>0.3,"30+%",IF(AG51>0.2,"20-30%",IF(AG51>0.1,"10-20%",IF(AG51<=0.1,"0-10%")))))) -> 0-10% | AJ51: NO
A52: 2301 | B52: 7021914286 | C52: 44377 | D52: APPVION | E52: APPVION - APPVION | F52: 0001302558 | G52: 0001607822 | H52: APPVION OPERATIONS INC | I52: 825 E WISCONSIN AVE | J52: APPLETON | K52: WI | L52: 54911-3873 | M52: 97-99-050 | N52: 648108 OH | O52: RWM | P52: CIR1230-16-03 | Q52: 114902826 | R52: MATERIAL HANDLING; | S52: EA | T52: 2 | U52: RWM | V52: CIR1230-16-03 | W52: 114902826 | X52: 1305 | Y52: RWM_CIR1230-16-03 | Z52: EA | AA52: FPA/POR | AB52: 157.35 | AC52: 171.32 | AD52: =AC52*T52 -> 342.64 | AE52: =AB52*T52 -> 314.7 | AF52: =AD52-AE52 -> 27.94 | AG52: =AF52/AD52 -> 0.081543311 | AH52: =IF(AG52<0,"Negative",IF(AG52=0,"Same",IF(AG52>0.3,"30+%",IF(AG52>0.2,"20-30%",IF(AG52>0.1,"10-20%",IF(AG52<=0.1,"0-10%")))))) -> 0-10% | AJ52: NO
A53: 2301 | B53: 7023376387 | C53: 44586 | D53: APPVION | E53: APPVION - APPVION | F53: 0001302558 | G53: 0001607822 | H53: APPVION OPERATIONS INC | I53: 825 E WISCONSIN AVE | J53: APPLETON | K53: WI | L53: 54911-3873 | M53: 67-60-855 | N53: 652420 OH | O53: MSEA | P53: 71206 | Q53: 115038300 | R53: SEALS; PACKING; ORINGS; | S53: EA | T53: 2 | U53: MSEA | V53: 71206 | W53: 115038300 | X53: 03040007 | Y53: MSEA_71206 | Z53: EA | AA53: FPA/POR | AB53: 142.52 | AC53: 161.01 | AD53: =AC53*T53 -> 322.02 | AE53: =AB53*T53 -> 285.04 | AF53: =AD53-AE53 -> 36.98 | AG53: =AF53/AD53 -> 0.11483759 | AH53: =IF(AG53<0,"Negative",IF(AG53=0,"Same",IF(AG53>0.3,"30+%",IF(AG53>0.2,"20-30%",IF(AG53>0.1,"10-20%",IF(AG53<=0.1,"0-10%")))))) -> 10-20% | AJ53: NO
A54: 2301 | B54: 7021347104 | C54: 44305 | D54: APPVION | E54: APPVION - APPVION | F54: 0001302558 | G54: 0001607822 | H54: APPVION OPERATIONS INC | I54: 825 E WISCONSIN AVE | J54: APPLETON | K54: WI | L54: 54911-3873 | M54: 34-50-232 | N54: 646280 OH | O54: LW | P54: TW121 | Q54: 110644711 | R54: BEARINGS; | S54: EA | T54: 1 | U54: LW | V54: TW121 | W54: 110644711 | X54: 0102030502 | Y54: LW_TW121 | Z54: EA | AB54: 14.16 | AC54: 18.56 | AD54: =AC54*T54 -> 18.56 | AE54: =AB54*T54 -> 14.16 | AF54: =AD54-AE54 -> 4.4 | AG54: =AF54/AD54 -> 0.23706897 | AH54: =IF(AG54<0,"Negative",IF(AG54=0,"Same",IF(AG54>0.3,"30+%",IF(AG54>0.2,"20-30%",IF(AG54>0.1,"10-20%",IF(AG54<=0.1,"0-10%")))))) -> 20-30% | AJ54: NO
A55: 2301 | B55: 7022549596 | C55: 44466 | D55: APPVION | E55: APPVION - APPVION | F55: 0001302558 | G55: 0001607822 | H55: APPVION OPERATIONS INC | I55: 825 E WISCONSIN AVE | J55: APPLETON | K55: WI | L55: 54911-3873 | M55: 34-50-232 | N55: 650030 OH | O55: LW | P55: TW121 | Q55: 110644711 | R55: BEARINGS; | S55: EA | T55: 2 | U55: LW | V55: TW121 | W55: 110644711 | X55: 0102030502 | Y55: LW_TW121 | Z55: EA | AB55: 14.16 | AC55: 18.56 | AD55: =AC55*T55 -> 37.12 | AE55: =AB55*T55 -> 28.32 | AF55: =AD55-AE55 -> 8.8 | AG55: =AF55/AD55 -> 0.23706897 | AH55: =IF(AG55<0,"Negative",IF(AG55=0,"Same",IF(AG55>0.3,"30+%",IF(AG55>0.2,"20-30%",IF(AG55>0.1,"10-20%",IF(AG55<=0.1,"0-10%")))))) -> 20-30% | AJ55: NO
A56: 2301 | B56: 7021900492 | C56: 44376 | D56: APPVION | E56: APPVION - APPVION | F56: 0001302558 | G56: 0001607822 | H56: APPVION OPERATIONS INC | I56: 825 E WISCONSIN AVE | J56: APPLETON | K56: WI | L56: 54911-3873 | M56: 92-65-311 | N56: 648264 OH | O56: PARK | P56: 06R118AC | Q56: 100559751 | R56: FLUID POWER; | S56: EA | T56: 1 | U56: PARK | V56: 06R118AC | W56: 100559751 | X56: 1202040207 | Y56: PARK_06R118AC | Z56: EA | AB56: 42.79 | AC56: 50.17 | AD56: =AC56*T56 -> 50.17 | AE56: =AB56*T56 -> 42.79 | AF56: =AD56-AE56 -> 7.38 | AG56: =AF56/AD56 -> 0.14709986 | AH56: =IF(AG56<0,"Negative",IF(AG56=0,"Same",IF(AG56>0.3,"30+%",IF(AG56>0.2,"20-30%",IF(AG56>0.1,"10-20%",IF(AG56<=0.1,"0-10%")))))) -> 10-20% | AJ56: NO
A57: 2301 | B57: 7021736256 | C57: 44355 | D57: APPVION | E57: APPVION - APPVION | F57: 0001302558 | G57: 0001607822 | H57: APPVION OPERATIONS INC | I57: 825 E WISCONSIN AVE | J57: APPLETON | K57: WI | L57: 54911-3873 | M57: 92-65-311 | N57: 647763 OH | O57: PARK | P57: 06R118AC | Q57: 100559751 | R57: FLUID POWER; | S57: EA | T57: 1 | U57: PARK | V57: 06R118AC | W57: 100559751 | X57: 1202040207 | Y57: PARK_06R118AC | Z57: EA | AB57: 42.79 | AC57: 50.17 | AD57: =AC57*T57 -> 50.17 | AE57: =AB57*T57 -> 42.79 | AF57: =AD57-AE57 -> 7.38 | AG57: =AF57/AD57 -> 0.14709986 | AH57: =IF(AG57<0,"Negative",IF(AG57=0,"Same",IF(AG57>0.3,"30+%",IF(AG57>0.2,"20-30%",IF(AG57>0.1,"10-20%",IF(AG57<=0.1,"0-10%")))))) -> 10-20% | AJ57: NO
A58: 2301 | B58: 7022805773 | C58: 44498 | D58: APPVION | E58: APPVION - APPVION | F58: 0001302558 | G58: 0001607822 | H58: APPVION OPERATIONS INC | I58: 825 E WISCONSIN AVE | J58: APPLETON | K58: WI | L58: 54911-3873 | M58: . | N58: 651148 ON | O58: APCB | P58: F.I.APPVION 9-27-21 | Q58: 118717692 | R58: MATERIAL HANDLING; | S58: EA | T58: 1 | U58: APCB | V58: F.I.APPVION 9-27-21 | W58: 118717692 | X58: 13020107 | Y58: APCB_F.I.APPVION 9-27-21 | Z58: EA | AA58: FPA/POR | AB58: 529.9 | AC58: 576.93 | AD58: =AC58*T58 -> 576.93 | AE58: =AB58*T58 -> 529.9 | AF58: =AD58-AE58 -> 47.03 | AG58: =AF58/AD58 -> 0.081517688 | AH58: =IF(AG58<0,"Negative",IF(AG58=0,"Same",IF(AG58>0.3,"30+%",IF(AG58>0.2,"20-30%",IF(AG58>0.1,"10-20%",IF(AG58<=0.1,"0-10%")))))) -> 0-10% | AJ58: NO
A59: 2301 | B59: 7022805729 | C59: 44498 | D59: APPVION | E59: APPVION - APPVION | F59: 0001302558 | G59: 0001607822 | H59: APPVION OPERATIONS INC | I59: 825 E WISCONSIN AVE | J59: APPLETON | K59: WI | L59: 54911-3873 | M59: . | N59: 651148 ON | O59: APCB | P59: F.I. APPVION 10-7-21 | Q59: 118755042 | R59: MATERIAL HANDLING; | S59: EA | T59: 1 | U59: APCB | V59: F.I. APPVION 10-7-21 | W59: 118755042 | X59: 13020107 | Y59: APCB_F.I. APPVION 10-7-21 | Z59: EA | AA59: FPA/POR | AB59: 529.9 | AC59: 576.93 | AD59: =AC59*T59 -> 576.93 | AE59: =AB59*T59 -> 529.9 | AF59: =AD59-AE59 -> 47.03 | AG59: =AF59/AD59 -> 0.081517688 | AH59: =IF(AG59<0,"Negative",IF(AG59=0,"Same",IF(AG59>0.3,"30+%",IF(AG59>0.2,"20-30%",IF(AG59>0.1,"10-20%",IF(AG59<=0.1,"0-10%")))))) -> 0-10% | AJ59: NO
A60: 2301 | B60: 7021506688 | C60: 44323 | D60: APPVION | E60: APPVION - APPVION | F60: 0001302558 | G60: 0001607822 | H60: APPVION OPERATIONS INC | I60: 825 E WISCONSIN AVE | J60: APPLETON | K60: WI | L60: 54911-3873 | M60: 92-60-074 | N60: 646999 OH | O60: NUMA | P60: 3FCRN | Q60: 100466135 | R60: FLUID POWER; | S60: EA | T60: 1 | U60: NUMA | V60: 3FCRN | W60: 100466135 | X60: 12020901 | Y60: NUMA_3FCRN | Z60: EA | AB60: 35.65 | AC60: 42.67 | AD60: =AC60*T60 -> 42.67 | AE60: =AB60*T60 -> 35.65 | AF60: =AD60-AE60 -> 7.02 | AG60: =AF60/AD60 -> 0.1645184 | AH60: =IF(AG60<0,"Negative",IF(AG60=0,"Same",IF(AG60>0.3,"30+%",IF(AG60>0.2,"20-30%",IF(AG60>0.1,"10-20%",IF(AG60<=0.1,"0-10%")))))) -> 10-20% | AJ60: NO
A61: 2301 | B61: 7023098270 | C61: 44540 | D61: APPVION | E61: APPVION - APPVION | F61: 0001302558 | G61: 0001222540 | H61: APPVION OPERATIONS INC (CONSIGNMENT | I61: 825 E WISCONSIN AVE | J61: APPLETON | K61: WI | L61: 54911-3873 | M61: 92-20-275 | N61: 651534 OH | O61: PNEU | P61: M15(0111015) | Q61: 102696614 | R61: FLUID POWER; | S61: EA | T61: 1 | U61: PNEU | V61: M15(0111015) | W61: 102696614 | X61: 12020901 | Y61: PNEU_M15(0111015) | Z61: EA | AA61: FPA/POR | AB61: 43.99 | AC61: 54.41 | AD61: =AC61*T61 -> 54.41 | AE61: =AB61*T61 -> 43.99 | AF61: =AD61-AE61 -> 10.42 | AG61: =AF61/AD61 -> 0.19150891 | AH61: =IF(AG61<0,"Negative",IF(AG61=0,"Same",IF(AG61>0.3,"30+%",IF(AG61>0.2,"20-30%",IF(AG61>0.1,"10-20%",IF(AG61<=0.1,"0-10%")))))) -> 10-20% | AJ61: NO
A62: 2301 | B62: 7022729472 | C62: 44489 | D62: APPVION | E62: APPVION - APPVION | F62: 0001302558 | G62: 0001607822 | H62: APPVION OPERATIONS INC | I62: 825 E WISCONSIN AVE | J62: APPLETON | K62: WI | L62: 54911-3873 | M62: 16-90-901 | N62: 650376 OH | O62: HABA | P62: S-391 1.25"INX1000'FT | Q62: 111493110 | R62: MATERIAL HANDLING; | S62: EA | T62: 1 | U62: HABA | V62: S-391 1.25"INX1000'FT | W62: 111493110 | X62: 13020101 | Y62: HABA_S-391 1.25"INX1000'FT | Z62: EA | AA62: FPA/POR | AB62: 8045.79 | AC62: 8759.94 | AD62: =AC62*T62 -> 8759.94 | AE62: =AB62*T62 -> 8045.79 | AF62: =AD62-AE62 -> 714.15 | AG62: =AF62/AD62 -> 0.081524531 | AH62: =IF(AG62<0,"Negative",IF(AG62=0,"Same",IF(AG62>0.3,"30+%",IF(AG62>0.2,"20-30%",IF(AG62>0.1,"10-20%",IF(AG62<=0.1,"0-10%")))))) -> 0-10% | AJ62: NO
A63: 2301 | B63: 7020902039 | C63: 44249 | D63: APPVION | E63: APPVION - APPVION | F63: 0001302558 | G63: 0001607822 | H63: APPVION OPERATIONS INC | I63: 825 E WISCONSIN AVE | J63: APPLETON | K63: WI | L63: 54911-3873 | M63: 84-10-072 | N63: 644898 OH | O63: DING | P63: H70339-1 | Q63: 102445439 | R63: ELECTRICAL POWER TRANSMISSION; | S63: EA | T63: 2 | U63: DING | V63: H70339-1 | W63: 102445439 | X63: 11020001 | Y63: DING_H70339-1 | Z63: EA | AA63: FPA/POR | AB63: 219.95 | AC63: 331.67 | AD63: =AC63*T63 -> 663.34 | AE63: =AB63*T63 -> 439.9 | AF63: =AD63-AE63 -> 223.44 | AG63: =AF63/AD63 -> 0.33684084 | AH63: =IF(AG63<0,"Negative",IF(AG63=0,"Same",IF(AG63>0.3,"30+%",IF(AG63>0.2,"20-30%",IF(AG63>0.1,"10-20%",IF(AG63<=0.1,"0-10%")))))) -> 30+% | AJ63: NO
A64: 2301 | B64: 7021726770 | C64: 44354 | D64: APPVION | E64: APPVION - APPVION | F64: 0001302558 | G64: 0001607822 | H64: APPVION OPERATIONS INC | I64: 825 E WISCONSIN AVE | J64: APPLETON | K64: WI | L64: 54911-3873 | M64: . | N64: 647595 OH | O64: HYCN | P64: 1.07.08D12BN4 | Q64: 115560454 | R64: FLUID POWER; | S64: EA | T64: 1 | U64: HYCN | V64: 1.07.08D12BN4 | W64: 115560454 | X64: 12012301 | Y64: HYCN_1.07.08D12BN4 | Z64: EA | AB64: 47.05 | AC64: 66.49 | AD64: =AC64*T64 -> 66.49 | AE64: =AB64*T64 -> 47.05 | AF64: =AD64-AE64 -> 19.44 | AG64: =AF64/AD64 -> 0.29237479 | AH64: =IF(AG64<0,"Negative",IF(AG64=0,"Same",IF(AG64>0.3,"30+%",IF(AG64>0.2,"20-30%",IF(AG64>0.1,"10-20%",IF(AG64<=0.1,"0-10%")))))) -> 20-30% | AJ64: NO
A65: 2301 | B65: 7020938909 | C65: 44252 | D65: APPVION | E65: APPVION - APPVION | F65: 0001302558 | G65: 0001607822 | H65: APPVION OPERATIONS INC | I65: 825 E WISCONSIN AVE | J65: APPLETON | K65: WI | L65: 54911-3873 | M65: . | N65: 642405 ON / WO 2000431 | O65: APCB | P65: F.I. APPVION PAPER 2-8-21 | Q65: 118022507 | R65: MATERIAL HANDLING; | S65: EA | T65: 1 | U65: APCB | V65: F.I. APPVION PAPER 2-8-21 | W65: 118022507 | X65: 13020107 | Y65: APCB_F.I. APPVION PAPER 2-8-21 | Z65: EA | AA65: FPA/POR | AB65: 1037.08 | AC65: 1129.13 | AD65: =AC65*T65 -> 1129.13 | AE65: =AB65*T65 -> 1037.08 | AF65: =AD65-AE65 -> 92.05 | AG65: =AF65/AD65 -> 0.081522942 | AH65: =IF(AG65<0,"Negative",IF(AG65=0,"Same",IF(AG65>0.3,"30+%",IF(AG65>0.2,"20-30%",IF(AG65>0.1,"10-20%",IF(AG65<=0.1,"0-10%")))))) -> 0-10% | AJ65: NO
A66: 2301 | B66: 7020985049 | C66: 44258 | D66: APPVION | E66: APPVION - APPVION | F66: 0001302558 | G66: 0001607822 | H66: APPVION OPERATIONS INC | I66: 825 E WISCONSIN AVE | J66: APPLETON | K66: WI | L66: 54911-3873 | M66: 26-05-835 | N66: 645164 OH | O66: MISC | P66: 11157 (100A, INSUL-8) | Q66: 113524551 | R66: TOOLS; | S66: EA | T66: 1 | U66: MISC | V66: 11157 (100A, INSUL-8) | W66: 113524551 | X66: 0804 | Y66: MISC_11157 (100A, INSUL-8) | Z66: EA | AA66: FPA/POR | AB66: 34.68 | AC66: 47.5 | AD66: =AC66*T66 -> 47.5 | AE66: =AB66*T66 -> 34.68 | AF66: =AD66-AE66 -> 12.82 | AG66: =AF66/AD66 -> 0.26989474 | AH66: =IF(AG66<0,"Negative",IF(AG66=0,"Same",IF(AG66>0.3,"30+%",IF(AG66>0.2,"20-30%",IF(AG66>0.1,"10-20%",IF(AG66<=0.1,"0-10%")))))) -> 20-30% | AJ66: NO
A67: 2301 | B67: 7021625482 | C67: 44340 | D67: APPVION | E67: APPVION - APPVION | F67: 0001302558 | G67: 0001607822 | H67: APPVION OPERATIONS INC | I67: 825 E WISCONSIN AVE | J67: APPLETON | K67: WI | L67: 54911-3873 | M67: . | N67: 647268 ON | O67: WINS | P67: ZPCM36205 | Q67: 118204785 | R67: GENERAL INDUSTRIAL SUPPLY; | S67: EA | T67: 1 | U67: WINS | V67: ZPCM36205 | W67: 118204785 | X67: 07030001 | Y67: WINS_ZPCM36205 | Z67: EA | AA67: FPA/POR | AB67: 3103.14 | AC67: 2983.68 | AD67: =AC67*T67 -> 2983.68 | AE67: =AB67*T67 -> 3103.14 | AF67: =AD67-AE67 -> -119.46 | AG67: =AF67/AD67 -> -0.040037806 | AH67: =IF(AG67<0,"Negative",IF(AG67=0,"Same",IF(AG67>0.3,"30+%",IF(AG67>0.2,"20-30%",IF(AG67>0.1,"10-20%",IF(AG67<=0.1,"0-10%")))))) -> Negative | AJ67: NO
A68: 2301 | B68: 7021404842 | C68: 44312 | D68: APPVION | E68: APPVION - APPVION | F68: 0001302558 | G68: 0001607822 | H68: APPVION OPERATIONS INC | I68: 825 E WISCONSIN AVE | J68: APPLETON | K68: WI | L68: 54911-3873 | M68: 88-99-168 | N68: 646280 OH | O68: MISC | P68: 52131 | Q68: 117819894 | R68: GENERAL INDUSTRIAL SUPPLY; | S68: EA | T68: 10 | U68: MISC | V68: 52131 | W68: 117819894 | X68: 07060002 | Y68: MISC_52131 | Z68: EA | AA68: FPA/POR | AB68: 61.28 | AC68: 58.92 | AD68: =AC68*T68 -> 589.2 | AE68: =AB68*T68 -> 612.8 | AF68: =AD68-AE68 -> -23.6 | AG68: =AF68/AD68 -> -0.040054311 | AH68: =IF(AG68<0,"Negative",IF(AG68=0,"Same",IF(AG68>0.3,"30+%",IF(AG68>0.2,"20-30%",IF(AG68>0.1,"10-20%",IF(AG68<=0.1,"0-10%")))))) -> Negative | AJ68: NO
A69: 2301 | B69: 7021200924 | C69: 44285 | D69: APPVION | E69: APPVION - APPVION | F69: 0001302558 | G69: 0001607822 | H69: APPVION OPERATIONS INC | I69: 825 E WISCONSIN AVE | J69: APPLETON | K69: WI | L69: 54911-3873 | M69: 88-99-168 | N69: 646038 OH | O69: MISC | P69: 52131 | Q69: 117819894 | R69: GENERAL INDUSTRIAL SUPPLY; | S69: EA | T69: 7 | U69: MISC | V69: 52131 | W69: 117819894 | X69: 07060002 | Y69: MISC_52131 | Z69: EA | AA69: FPA/POR | AB69: 61.28 | AC69: 58.92 | AD69: =AC69*T69 -> 412.44 | AE69: =AB69*T69 -> 428.96 | AF69: =AD69-AE69 -> -16.52 | AG69: =AF69/AD69 -> -0.040054311 | AH69: =IF(AG69<0,"Negative",IF(AG69=0,"Same",IF(AG69>0.3,"30+%",IF(AG69>0.2,"20-30%",IF(AG69>0.1,"10-20%",IF(AG69<=0.1,"0-10%")))))) -> Negative | AJ69: NO
A70: 2301 | B70: 7023098269 | C70: 44540 | D70: APPVION | E70: APPVION - APPVION | F70: 0001302558 | G70: 0001222540 | H70: APPVION OPERATIONS INC (CONSIGNMENT | I70: 825 E WISCONSIN AVE | J70: APPLETON | K70: WI | L70: 54911-3873 | M70: 06-05-010 | N70: 651905 OH | O70: 3M | P70: 00054007061328 | Q70: 102171280 | R70: GENERAL INDUSTRIAL SUPPLY; | S70: EA | T70: 30 | U70: 3M | V70: 00054007061328 | W70: 102171280 | X70: 07040602 | Y70: 3M_00054007061328 | Z70: EA | AB70: 6.8 | AC70: 6.8 | AD70: =AC70*T70 -> 204 | AE70: =AB70*T70 -> 204 | AF70: =AD70-AE70 -> 0 | AG70: =AF70/AD70 -> 0 | AH70: =IF(AG70<0,"Negative",IF(AG70=0,"Same",IF(AG70>0.3,"30+%",IF(AG70>0.2,"20-30%",IF(AG70>0.1,"10-20%",IF(AG70<=0.1,"0-10%")))))) -> Same | AJ70: NO
A71: 2301 | B71: 7023175179 | C71: 44552 | D71: APPVION | E71: APPVION - APPVION | F71: 0001302558 | G71: 0001607822 | H71: APPVION OPERATIONS INC | I71: 825 E WISCONSIN AVE | J71: APPLETON | K71: WI | L71: 54911-3873 | M71: 16-60-330 | N71: 652278 OH | O71: CONT | P71: 4L290 | Q71: 100768784 | R71: MECHANICAL POWER TRANSMISSION; | S71: EA | T71: 2 | U71: CONT | V71: 4L290 | W71: 100768784 | X71: 1001010301 | Y71: CONT_4L290 | Z71: EA | AB71: 3.01 | AC71: 3.13 | AD71: =AC71*T71 -> 6.26 | AE71: =AB71*T71 -> 6.02 | AF71: =AD71-AE71 -> 0.24 | AG71: =AF71/AD71 -> 0.038338658 | AH71: =IF(AG71<0,"Negative",IF(AG71=0,"Same",IF(AG71>0.3,"30+%",IF(AG71>0.2,"20-30%",IF(AG71>0.1,"10-20%",IF(AG71<=0.1,"0-10%")))))) -> 0-10% | AJ71: NO
A72: 2301 | B72: 7023257664 | C72: 44568 | D72: APPVION | E72: APPVION - APPVION | F72: 0001302558 | G72: 0001222540 | H72: APPVION OPERATIONS INC (CONSIGNMENT | I72: 825 E WISCONSIN AVE | J72: APPLETON | K72: WI | L72: 54911-3873 | M72: 16-35-230 | N72: 652425 OH | O72: CONT | P72: 4L230 | Q72: 100768772 | R72: MECHANICAL POWER TRANSMISSION; | S72: EA | T72: 2 | U72: CONT | V72: 4L230 | W72: 100768772 | X72: 1001010301 | Y72: CONT_4L230 | Z72: EA | AB72: 2.83 | AC72: 2.96 | AD72: =AC72*T72 -> 5.92 | AE72: =AB72*T72 -> 5.66 | AF72: =AD72-AE72 -> 0.26 | AG72: =AF72/AD72 -> 0.043918919 | AH72: =IF(AG72<0,"Negative",IF(AG72=0,"Same",IF(AG72>0.3,"30+%",IF(AG72>0.2,"20-30%",IF(AG72>0.1,"10-20%",IF(AG72<=0.1,"0-10%")))))) -> 0-10% | AJ72: NO
A73: 2301 | B73: 7023098268 | C73: 44540 | D73: APPVION | E73: APPVION - APPVION | F73: 0001302558 | G73: 0001222540 | H73: APPVION OPERATIONS INC (CONSIGNMENT | I73: 825 E WISCONSIN AVE | J73: APPLETON | K73: WI | L73: 54911-3873 | M73: 16-35-230 | N73: 651790 OH | O73: CONT | P73: 4L230 | Q73: 100768772 | R73: MECHANICAL POWER TRANSMISSION; | S73: EA | T73: 2 | U73: CONT | V73: 4L230 | W73: 100768772 | X73: 1001010301 | Y73: CONT_4L230 | Z73: EA | AB73: 2.83 | AC73: 2.96 | AD73: =AC73*T73 -> 5.92 | AE73: =AB73*T73 -> 5.66 | AF73: =AD73-AE73 -> 0.26 | AG73: =AF73/AD73 -> 0.043918919 | AH73: =IF(AG73<0,"Negative",IF(AG73=0,"Same",IF(AG73>0.3,"30+%",IF(AG73>0.2,"20-30%",IF(AG73>0.1,"10-20%",IF(AG73<=0.1,"0-10%")))))) -> 0-10% | AJ73: NO
A74: 2301 | B74: 7023206834 | C74: 44559 | D74: APPVION | E74: APPVION - APPVION | F74: 0001302558 | G74: 0001222540 | H74: APPVION OPERATIONS INC (CONSIGNMENT | I74: 825 E WISCONSIN AVE | J74: APPLETON | K74: WI | L74: 54911-3873 | M74: 16-75-055 | N74: 652270 OH | O74: CONT | P74: AX55 | Q74: 100770832 | R74: MECHANICAL POWER TRANSMISSION; | S74: EA | T74: 1 | U74: CONT | V74: AX55 | W74: 100770832 | X74: 1001010104 | Y74: CONT_AX55 | Z74: EA | AB74: 6.47 | AC74: 6.74 | AD74: =AC74*T74 -> 6.74 | AE74: =AB74*T74 -> 6.47 | AF74: =AD74-AE74 -> 0.27 | AG74: =AF74/AD74 -> 0.040059347 | AH74: =IF(AG74<0,"Negative",IF(AG74=0,"Same",IF(AG74>0.3,"30+%",IF(AG74>0.2,"20-30%",IF(AG74>0.1,"10-20%",IF(AG74<=0.1,"0-10%")))))) -> 0-10% | AJ74: NO
A75: 2301 | B75: 7022233805 | C75: 44421 | D75: APPVION | E75: APPVION - APPVION | F75: 0001302558 | G75: 0001222540 | H75: APPVION OPERATIONS INC (CONSIGNMENT | I75: 825 E WISCONSIN AVE | J75: APPLETON | K75: WI | L75: 54911-3873 | M75: 92-20-380 | N75: 649289 OH | O75: ARRW | P75: ASP-2 | Q75: 101219995 | R75: FLUID POWER; | S75: EA | T75: 2 | U75: ARRW | V75: ASP-2 | W75: 101219995 | X75: 120209 | Y75: ARRW_ASP-2 | Z75: EA | AA75: FPA/POR | AB75: 1.87 | AC75: 1.91 | AD75: =AC75*T75 -> 3.82 | AE75: =AB75*T75 -> 3.74 | AF75: =AD75-AE75 -> 0.08 | AG75: =AF75/AD75 -> 0.020942408 | AH75: =IF(AG75<0,"Negative",IF(AG75=0,"Same",IF(AG75>0.3,"30+%",IF(AG75>0.2,"20-30%",IF(AG75>0.1,"10-20%",IF(AG75<=0.1,"0-10%")))))) -> 0-10% | AJ75: NO
A76: 2301 | B76: 7022958884 | C76: 44519 | D76: APPVION | E76: APPVION - APPVION | F76: 0001302558 | G76: 0001607822 | H76: APPVION OPERATIONS INC | I76: 825 E WISCONSIN AVE | J76: APPLETON | K76: WI | L76: 54911-3873 | M76: 23-10-050 | N76: 651533 OH | O76: MISC | P76: A613S | Q76: 114721447 | R76: FLUID POWER; | S76: EA | T76: 50 | U76: MISC | V76: A613S | W76: 114721447 | X76: 12030401 | Y76: MISC_A613S | Z76: EA | AA76: FPA/POR | AB76: 1.46 | AC76: 1.49 | AD76: =AC76*T76 -> 74.5 | AE76: =AB76*T76 -> 73 | AF76: =AD76-AE76 -> 1.5 | AG76: =AF76/AD76 -> 0.020134228 | AH76: =IF(AG76<0,"Negative",IF(AG76=0,"Same",IF(AG76>0.3,"30+%",IF(AG76>0.2,"20-30%",IF(AG76>0.1,"10-20%",IF(AG76<=0.1,"0-10%")))))) -> 0-10% | AJ76: NO
A77: 2301 | B77: 7023175179 | C77: 44552 | D77: APPVION | E77: APPVION - APPVION | F77: 0001302558 | G77: 0001607822 | H77: APPVION OPERATIONS INC | I77: 825 E WISCONSIN AVE | J77: APPLETON | K77: WI | L77: 54911-3873 | M77: 16-75-073 | N77: 652278 OH | O77: CONT | P77: A73 | Q77: 100770867 | R77: MECHANICAL POWER TRANSMISSION; | S77: EA | T77: 3 | U77: CONT | V77: A73 | W77: 100770867 | X77: 1001010101 | Y77: CONT_A73 | Z77: EA | AB77: 6.06 | AC77: 6.31 | AD77: =AC77*T77 -> 18.93 | AE77: =AB77*T77 -> 18.18 | AF77: =AD77-AE77 -> 0.75 | AG77: =AF77/AD77 -> 0.039619651 | AH77: =IF(AG77<0,"Negative",IF(AG77=0,"Same",IF(AG77>0.3,"30+%",IF(AG77>0.2,"20-30%",IF(AG77>0.1,"10-20%",IF(AG77<=0.1,"0-10%")))))) -> 0-10% | AJ77: NO
A78: 2301 | B78: 7020891893 | C78: 44246 | D78: APPVION | E78: APPVION - APPVION | F78: 0001302558 | G78: 0001607822 | H78: APPVION OPERATIONS INC | I78: 825 E WISCONSIN AVE | J78: APPLETON | K78: WI | L78: 54911-3873 | M78: 92-20-385 | N78: 643998 OH | O78: ARRW | P78: ASP-3 | Q78: 101219998 | R78: FLUID POWER; | S78: EA | T78: 1 | U78: ARRW | V78: ASP-3 | W78: 101219998 | X78: 120209 | Y78: ARRW_ASP-3 | Z78: EA | AA78: FPA/POR | AB78: 2.54 | AC78: 2.59 | AD78: =AC78*T78 -> 2.59 | AE78: =AB78*T78 -> 2.54 | AF78: =AD78-AE78 -> 0.05 | AG78: =AF78/AD78 -> 0.019305019 | AH78: =IF(AG78<0,"Negative",IF(AG78=0,"Same",IF(AG78>0.3,"30+%",IF(AG78>0.2,"20-30%",IF(AG78>0.1,"10-20%",IF(AG78<=0.1,"0-10%")))))) -> 0-10% | AJ78: NO
A79: 2301 | B79: 7020971907 | C79: 44257 | D79: APPVION | E79: APPVION - APPVION | F79: 0001302558 | G79: 0001607822 | H79: APPVION OPERATIONS INC | I79: 825 E WISCONSIN AVE | J79: APPLETON | K79: WI | L79: 54911-3873 | M79: 92-20-385 | N79: 645117 OH | O79: ARRW | P79: ASP-3 | Q79: 101219998 | R79: FLUID POWER; | S79: EA | T79: 6 | U79: ARRW | V79: ASP-3 | W79: 101219998 | X79: 120209 | Y79: ARRW_ASP-3 | Z79: EA | AA79: FPA/POR | AB79: 2.54 | AC79: 2.59 | AD79: =AC79*T79 -> 15.54 | AE79: =AB79*T79 -> 15.24 | AF79: =AD79-AE79 -> 0.3 | AG79: =AF79/AD79 -> 0.019305019 | AH79: =IF(AG79<0,"Negative",IF(AG79=0,"Same",IF(AG79>0.3,"30+%",IF(AG79>0.2,"20-30%",IF(AG79>0.1,"10-20%",IF(AG79<=0.1,"0-10%")))))) -> 0-10% | AJ79: NO
A80: 2301 | B80: 7023148743 | C80: 44547 | D80: APPVION | E80: APPVION - APPVION | F80: 0001302558 | G80: 0001607822 | H80: APPVION OPERATIONS INC | I80: 825 E WISCONSIN AVE | J80: APPLETON | K80: WI | L80: 54911-3873 | M80: 16-75-035 | N80: 652185 OH | O80: CONT | P80: AX35 | Q80: 100770792 | R80: MECHANICAL POWER TRANSMISSION; | S80: EA | T80: 1 | U80: CONT | V80: AX35 | W80: 100770792 | X80: 1001010104 | Y80: CONT_AX35 | Z80: EA | AB80: 4.74 | AC80: 4.94 | AD80: =AC80*T80 -> 4.94 | AE80: =AB80*T80 -> 4.74 | AF80: =AD80-AE80 -> 0.2 | AG80: =AF80/AD80 -> 0.04048583 | AH80: =IF(AG80<0,"Negative",IF(AG80=0,"Same",IF(AG80>0.3,"30+%",IF(AG80>0.2,"20-30%",IF(AG80>0.1,"10-20%",IF(AG80<=0.1,"0-10%")))))) -> 0-10% | AJ80: NO
A81: 2301 | B81: 7023088117 | C81: 44539 | D81: APPVION | E81: APPVION - APPVION | F81: 0001302558 | G81: 0001607822 | H81: APPVION OPERATIONS INC | I81: 825 E WISCONSIN AVE | J81: APPLETON | K81: WI | L81: 54911-3873 | M81: 16-75-039 | N81: 651948 OH | O81: CONT | P81: A39 | Q81: 100770799 | R81: MECHANICAL POWER TRANSMISSION; | S81: EA | T81: 2 | U81: CONT | V81: A39 | W81: 100770799 | X81: 1001010101 | Y81: CONT_A39 | Z81: EA | AB81: 4.02 | AC81: 4.2 | AD81: =AC81*T81 -> 8.4 | AE81: =AB81*T81 -> 8.04 | AF81: =AD81-AE81 -> 0.36 | AG81: =AF81/AD81 -> 0.042857143 | AH81: =IF(AG81<0,"Negative",IF(AG81=0,"Same",IF(AG81>0.3,"30+%",IF(AG81>0.2,"20-30%",IF(AG81>0.1,"10-20%",IF(AG81<=0.1,"0-10%")))))) -> 0-10% | AJ81: NO
A82: 2301 | B82: 7022837823 | C82: 44503 | D82: APPVION | E82: APPVION - APPVION | F82: 0001302558 | G82: 0001607822 | H82: APPVION OPERATIONS INC | I82: 825 E WISCONSIN AVE | J82: APPLETON | K82: WI | L82: 54911-3873 | M82: 16-75-269 | N82: 651254 OH | O82: CONT | P82: BX69 | Q82: 100771067 | R82: MECHANICAL POWER TRANSMISSION; | S82: EA | T82: 2 | U82: CONT | V82: BX69 | W82: 100771067 | X82: 1001010104 | Y82: CONT_BX69 | Z82: EA | AB82: 10.57 | AC82: 11.35 | AD82: =AC82*T82 -> 22.7 | AE82: =AB82*T82 -> 21.14 | AF82: =AD82-AE82 -> 1.56 | AG82: =AF82/AD82 -> 0.068722467 | AH82: =IF(AG82<0,"Negative",IF(AG82=0,"Same",IF(AG82>0.3,"30+%",IF(AG82>0.2,"20-30%",IF(AG82>0.1,"10-20%",IF(AG82<=0.1,"0-10%")))))) -> 0-10% | AJ82: YES
A83: 2301 | B83: 7023398314 | C83: 44588 | D83: APPVION | E83: APPVION - APPVION | F83: 0001302558 | G83: 0001607822 | H83: APPVION OPERATIONS INC | I83: 825 E WISCONSIN AVE | J83: APPLETON | K83: WI | L83: 54911-3873 | M83: 16-75-290 | N83: 652755 OH | O83: CONT | P83: BX90 | Q83: 100771130 | R83: MECHANICAL POWER TRANSMISSION; | S83: EA | T83: 2 | U83: CONT | V83: BX90 | W83: 100771130 | X83: 1001010104 | Y83: CONT_BX90 | Z83: EA | AB83: 13.59 | AC83: 14.59 | AD83: =AC83*T83 -> 29.18 | AE83: =AB83*T83 -> 27.18 | AF83: =AD83-AE83 -> 2 | AG83: =AF83/AD83 -> 0.068540096 | AH83: =IF(AG83<0,"Negative",IF(AG83=0,"Same",IF(AG83>0.3,"30+%",IF(AG83>0.2,"20-30%",IF(AG83>0.1,"10-20%",IF(AG83<=0.1,"0-10%")))))) -> 0-10% | AJ83: YES
A84: 2301 | B84: 7021454072 | C84: 44316 | D84: APPVION | E84: APPVION - APPVION | F84: 0001302558 | G84: 0001222540 | H84: APPVION OPERATIONS INC (CONSIGNMENT | I84: 825 E WISCONSIN AVE | J84: APPLETON | K84: WI | L84: 54911-3873 | M84: 47-99-331 | N84: 645001 OH | O84: OBAC | P84: 20SFTF03MXX | Q84: 105041248 | R84: HOSE PRODUCTS; | S84: EA | T84: 80 | U84: OBAC | V84: 20SFTF03MXX | W84: 105041248 | X84: 140101 | Y84: OBAC_20SFTF03MXX | Z84: EA | AA84: FPA/POR | AB84: 0.89 | AC84: 0.94 | AD84: =AC84*T84 -> 75.2 | AE84: =AB84*T84 -> 71.2 | AF84: =AD84-AE84 -> 4 | AG84: =AF84/AD84 -> 0.053191489 | AH84: =IF(AG84<0,"Negative",IF(AG84=0,"Same",IF(AG84>0.3,"30+%",IF(AG84>0.2,"20-30%",IF(AG84>0.1,"10-20%",IF(AG84<=0.1,"0-10%")))))) -> 0-10% | AJ84: NO
A85: 2301 | B85: 7023206940 | C85: 44559 | D85: APPVION | E85: APPVION - APPVION | F85: 0001302558 | G85: 0001222540 | H85: APPVION OPERATIONS INC (CONSIGNMENT | I85: 825 E WISCONSIN AVE | J85: APPLETON | K85: WI | L85: 54911-3873 | M85: 92-20-388 | N85: 651983 OH | O85: ARRW | P85: ASP-4 | Q85: 101220001 | R85: FLUID POWER; | S85: EA | T85: 2 | U85: ARRW | V85: ASP-4 | W85: 101220001 | X85: 12020706 | Y85: ARRW_ASP-4 | Z85: EA | AA85: FPA/POR | AB85: 4.22 | AC85: 4.31 | AD85: =AC85*T85 -> 8.62 | AE85: =AB85*T85 -> 8.44 | AF85: =AD85-AE85 -> 0.18 | AG85: =AF85/AD85 -> 0.020881671 | AH85: =IF(AG85<0,"Negative",IF(AG85=0,"Same",IF(AG85>0.3,"30+%",IF(AG85>0.2,"20-30%",IF(AG85>0.1,"10-20%",IF(AG85<=0.1,"0-10%")))))) -> 0-10% | AJ85: NO
A86: 2301 | B86: 7023163005 | C86: 44551 | D86: APPVION | E86: APPVION - APPVION | F86: 0001302558 | G86: 0001222540 | H86: APPVION OPERATIONS INC (CONSIGNMENT | I86: 825 E WISCONSIN AVE | J86: APPLETON | K86: WI | L86: 54911-3873 | M86: 92-20-388 | N86: 649837 OH | O86: ARRW | P86: ASP-4 | Q86: 101220001 | R86: FLUID POWER; | S86: EA | T86: 3 | U86: ARRW | V86: ASP-4 | W86: 101220001 | X86: 12020706 | Y86: ARRW_ASP-4 | Z86: EA | AA86: FPA/POR | AB86: 4.22 | AC86: 4.31 | AD86: =AC86*T86 -> 12.93 | AE86: =AB86*T86 -> 12.66 | AF86: =AD86-AE86 -> 0.27 | AG86: =AF86/AD86 -> 0.020881671 | AH86: =IF(AG86<0,"Negative",IF(AG86=0,"Same",IF(AG86>0.3,"30+%",IF(AG86>0.2,"20-30%",IF(AG86>0.1,"10-20%",IF(AG86<=0.1,"0-10%")))))) -> 0-10% | AJ86: NO
A87: 2301 | B87: 7023175179 | C87: 44552 | D87: APPVION | E87: APPVION - APPVION | F87: 0001302558 | G87: 0001607822 | H87: APPVION OPERATIONS INC | I87: 825 E WISCONSIN AVE | J87: APPLETON | K87: WI | L87: 54911-3873 | M87: 16-75-078 | N87: 652278 OH | O87: CONT | P87: AX78 | Q87: 100770878 | R87: MECHANICAL POWER TRANSMISSION; | S87: EA | T87: 2 | U87: CONT | V87: AX78 | W87: 100770878 | X87: 1001010104 | Y87: CONT_AX78 | Z87: EA | AB87: 8.52 | AC87: 8.89 | AD87: =AC87*T87 -> 17.78 | AE87: =AB87*T87 -> 17.04 | AF87: =AD87-AE87 -> 0.74 | AG87: =AF87/AD87 -> 0.041619798 | AH87: =IF(AG87<0,"Negative",IF(AG87=0,"Same",IF(AG87>0.3,"30+%",IF(AG87>0.2,"20-30%",IF(AG87>0.1,"10-20%",IF(AG87<=0.1,"0-10%")))))) -> 0-10% | AJ87: NO
A88: 2301 | B88: 7022294326 | C88: 44431 | D88: APPVION | E88: APPVION - APPVION | F88: 0001302558 | G88: 0001607822 | H88: APPVION OPERATIONS INC | I88: 825 E WISCONSIN AVE | J88: APPLETON | K88: WI | L88: 54911-3873 | M88: 34-50-128. | N88: 649527 OH | O88: LW | P88: W04 | Q88: 110299377 | R88: BEARINGS; | S88: EA | T88: 1 | U88: LW | V88: W04 | W88: 110299377 | X88: 0102030501 | Y88: LW_W04 | Z88: EA | AB88: 0.65 | AC88: 0.67 | AD88: =AC88*T88 -> 0.67 | AE88: =AB88*T88 -> 0.65 | AF88: =AD88-AE88 -> 0.02 | AG88: =AF88/AD88 -> 0.029850746 | AH88: =IF(AG88<0,"Negative",IF(AG88=0,"Same",IF(AG88>0.3,"30+%",IF(AG88>0.2,"20-30%",IF(AG88>0.1,"10-20%",IF(AG88<=0.1,"0-10%")))))) -> 0-10% | AJ88: NO
A89: 2301 | B89: 7023411581 | C89: 44589 | D89: APPVION | E89: APPVION - APPVION | F89: 0001302558 | G89: 0001222540 | H89: APPVION OPERATIONS INC (CONSIGNMENT | I89: 825 E WISCONSIN AVE | J89: APPLETON | K89: WI | L89: 54911-3873 | M89: 16-40-572 | N89: 652952 OH | O89: CONT | P89: 450L075 | Q89: 100780832 | R89: MECHANICAL POWER TRANSMISSION; | S89: EA | T89: 1 | U89: CONT | V89: 450L075 | W89: 100780832 | X89: 1001020208 | Y89: CONT_450L075 | Z89: EA | AB89: 12.5 | AC89: 12.88 | AD89: =AC89*T89 -> 12.88 | AE89: =AB89*T89 -> 12.5 | AF89: =AD89-AE89 -> 0.38 | AG89: =AF89/AD89 -> 0.029503106 | AH89: =IF(AG89<0,"Negative",IF(AG89=0,"Same",IF(AG89>0.3,"30+%",IF(AG89>0.2,"20-30%",IF(AG89>0.1,"10-20%",IF(AG89<=0.1,"0-10%")))))) -> 0-10% | AJ89: YES
A90: 2301 | B90: 7022968723 | C90: 44522 | D90: APPVION | E90: APPVION - APPVION | F90: 0001302558 | G90: 0001222540 | H90: APPVION OPERATIONS INC (CONSIGNMENT | I90: 825 E WISCONSIN AVE | J90: APPLETON | K90: WI | L90: 54911-3873 | M90: 16-40-140 | N90: 651280 OH | O90: CONT | P90: 540H100 | Q90: 100780968 | R90: MECHANICAL POWER TRANSMISSION; | S90: EA | T90: 1 | U90: CONT | V90: 540H100 | W90: 100780968 | X90: 1001020208 | Y90: CONT_540H100 | Z90: EA | AB90: 19.43 | AC90: 20 | AD90: =AC90*T90 -> 20 | AE90: =AB90*T90 -> 19.43 | AF90: =AD90-AE90 -> 0.57 | AG90: =AF90/AD90 -> 0.0285 | AH90: =IF(AG90<0,"Negative",IF(AG90=0,"Same",IF(AG90>0.3,"30+%",IF(AG90>0.2,"20-30%",IF(AG90>0.1,"10-20%",IF(AG90<=0.1,"0-10%")))))) -> 0-10% | AJ90: YES
A91: 2301 | B91: 7022866830 | C91: 44508 | D91: APPVION | E91: APPVION - APPVION | F91: 0001302558 | G91: 0001607822 | H91: APPVION OPERATIONS INC | I91: 825 E WISCONSIN AVE | J91: APPLETON | K91: WI | L91: 54911-3873 | M91: 34-50-140 | N91: 651341 OH | O91: LW | P91: W07 | Q91: 110362789 | R91: BEARINGS; | S91: EA | T91: 20 | U91: LW | V91: W07 | W91: 110362789 | X91: 0102030501 | Y91: LW_W07 | Z91: EA | AB91: 0.78 | AC91: 0.8 | AD91: =AC91*T91 -> 16 | AE91: =AB91*T91 -> 15.6 | AF91: =AD91-AE91 -> 0.4 | AG91: =AF91/AD91 -> 0.025 | AH91: =IF(AG91<0,"Negative",IF(AG91=0,"Same",IF(AG91>0.3,"30+%",IF(AG91>0.2,"20-30%",IF(AG91>0.1,"10-20%",IF(AG91<=0.1,"0-10%")))))) -> 0-10% | AJ91: NO
A92: 2301 | B92: 7023184284 | C92: 44553 | D92: APPVION | E92: APPVION - APPVION | F92: 0001302558 | G92: 0001607822 | H92: APPVION OPERATIONS INC | I92: 825 E WISCONSIN AVE | J92: APPLETON | K92: WI | L92: 54911-3873 | M92: 01-01-256 | N92: 651281 OH | O92: MCN | P92: MFF-02-012 | Q92: 101516085 | R92: SAFETY PRODUCTS; | S92: EA | T92: 11 | U92: MCN | V92: MFF-02-012 | W92: 101516085 | X92: 09010003 | Y92: MCN_MFF-02-012 | Z92: EA | AB92: 11.4 | AC92: 11.21 | AD92: =AC92*T92 -> 123.31 | AE92: =AB92*T92 -> 125.4 | AF92: =AD92-AE92 -> -2.09 | AG92: =AF92/AD92 -> -0.016949153 | AH92: =IF(AG92<0,"Negative",IF(AG92=0,"Same",IF(AG92>0.3,"30+%",IF(AG92>0.2,"20-30%",IF(AG92>0.1,"10-20%",IF(AG92<=0.1,"0-10%")))))) -> Negative | AJ92: NO
A93: 2301 | B93: 7021506690 | C93: 44323 | D93: APPVION | E93: APPVION - APPVION | F93: 0001302558 | G93: 0001607822 | H93: APPVION OPERATIONS INC | I93: 825 E WISCONSIN AVE | J93: APPLETON | K93: WI | L93: 54911-3873 | M93: 67-60-003 | N93: 646728 OH | O93: ORIN | P93: 4085-B | Q93: 110925540 | R93: FLUID POWER; | S93: EA | T93: 4 | U93: ORIN | V93: 4085-B | W93: 110925540 | X93: 120125 | Y93: ORIN_4085-B | Z93: EA | AA93: FPA/POR | AB93: 7.02 | AC93: 7.36 | AD93: =AC93*T93 -> 29.44 | AE93: =AB93*T93 -> 28.08 | AF93: =AD93-AE93 -> 1.36 | AG93: =AF93/AD93 -> 0.046195652 | AH93: =IF(AG93<0,"Negative",IF(AG93=0,"Same",IF(AG93>0.3,"30+%",IF(AG93>0.2,"20-30%",IF(AG93>0.1,"10-20%",IF(AG93<=0.1,"0-10%")))))) -> 0-10% | AJ93: NO
A94: 2301 | B94: 7023238591 | C94: 44566 | D94: APPVION | E94: APPVION - APPVION | F94: 0001302558 | G94: 0001607822 | H94: APPVION OPERATIONS INC | I94: 825 E WISCONSIN AVE | J94: APPLETON | K94: WI | L94: 54911-3873 | M94: 16-75-316 | N94: 652420 OH | O94: CONT | P94: BX116 | Q94: 100771190 | R94: MECHANICAL POWER TRANSMISSION; | S94: EA | T94: 2 | U94: CONT | V94: BX116 | W94: 100771190 | X94: 1001010104 | Y94: CONT_BX116 | Z94: EA | AB94: 17.55 | AC94: 18.86 | AD94: =AC94*T94 -> 37.72 | AE94: =AB94*T94 -> 35.1 | AF94: =AD94-AE94 -> 2.62 | AG94: =AF94/AD94 -> 0.069459173 | AH94: =IF(AG94<0,"Negative",IF(AG94=0,"Same",IF(AG94>0.3,"30+%",IF(AG94>0.2,"20-30%",IF(AG94>0.1,"10-20%",IF(AG94<=0.1,"0-10%")))))) -> 0-10% | AJ94: YES
A95: 2301 | B95: 7022718190 | C95: 44488 | D95: APPVION | E95: APPVION - APPVION | F95: 0001302558 | G95: 0001607822 | H95: APPVION OPERATIONS INC | I95: 825 E WISCONSIN AVE | J95: APPLETON | K95: WI | L95: 54911-3873 | M95: 81-20-026 | N95: 650783 OH | O95: MSAF | P95: 5048B (M) SAFETY VEST- W/O REFLECT TAPE | Q95: 118769369 | R95: SAFETY PRODUCTS; | S95: EA | T95: 10 | U95: MSAF | V95: 5048B (M) SAFETY VEST- W/O REFLECT TAPE | W95: 118769369 | X95: 09070003 | Y95: MSAF_5048B (M) SAFETY VEST- W/O REFLECT TAPE | Z95: EA | AA95: FPA/POR | AB95: 13.25 | AC95: 13.04 | AD95: =AC95*T95 -> 130.4 | AE95: =AB95*T95 -> 132.5 | AF95: =AD95-AE95 -> -2.1 | AG95: =AF95/AD95 -> -0.016104294 | AH95: =IF(AG95<0,"Negative",IF(AG95=0,"Same",IF(AG95>0.3,"30+%",IF(AG95>0.2,"20-30%",IF(AG95>0.1,"10-20%",IF(AG95<=0.1,"0-10%")))))) -> Negative | AJ95: NO
A96: 2301 | B96: 7022718190 | C96: 44488 | D96: APPVION | E96: APPVION - APPVION | F96: 0001302558 | G96: 0001607822 | H96: APPVION OPERATIONS INC | I96: 825 E WISCONSIN AVE | J96: APPLETON | K96: WI | L96: 54911-3873 | M96: 81-20-027 | N96: 650783 OH | O96: MSAF | P96: 5048B (XL) SAFETY VEST- W/O REFLECT TAPE | Q96: 118769823 | R96: SAFETY PRODUCTS; | S96: EA | T96: 10 | U96: MSAF | V96: 5048B (XL) SAFETY VEST- W/O REFLECT TAPE | W96: 118769823 | X96: 09070003 | Y96: MSAF_5048B (XL) SAFETY VEST- W/O REFLECT TAPE | Z96: EA | AA96: FPA/POR | AB96: 13.25 | AC96: 13.04 | AD96: =AC96*T96 -> 130.4 | AE96: =AB96*T96 -> 132.5 | AF96: =AD96-AE96 -> -2.1 | AG96: =AF96/AD96 -> -0.016104294 | AH96: =IF(AG96<0,"Negative",IF(AG96=0,"Same",IF(AG96>0.3,"30+%",IF(AG96>0.2,"20-30%",IF(AG96>0.1,"10-20%",IF(AG96<=0.1,"0-10%")))))) -> Negative | AJ96: NO
A97: 2301 | B97: 7022718190 | C97: 44488 | D97: APPVION | E97: APPVION - APPVION | F97: 0001302558 | G97: 0001607822 | H97: APPVION OPERATIONS INC | I97: 825 E WISCONSIN AVE | J97: APPLETON | K97: WI | L97: 54911-3873 | M97: 81-20-028 | N97: 650783 OH | O97: MSAF | P97: 5048B (3XL) SAFETY VEST-W/O REFLECT TAPE | Q97: 118769826 | R97: SAFETY PRODUCTS; | S97: EA | T97: 10 | U97: MSAF | V97: 5048B (3XL) SAFETY VEST-W/O REFLECT TAPE | W97: 118769826 | X97: 09070003 | Y97: MSAF_5048B (3XL) SAFETY VEST-W/O REFLECT TAPE | Z97: EA | AA97: FPA/POR | AB97: 13.25 | AC97: 13.04 | AD97: =AC97*T97 -> 130.4 | AE97: =AB97*T97 -> 132.5 | AF97: =AD97-AE97 -> -2.1 | AG97: =AF97/AD97 -> -0.016104294 | AH97: =IF(AG97<0,"Negative",IF(AG97=0,"Same",IF(AG97>0.3,"30+%",IF(AG97>0.2,"20-30%",IF(AG97>0.1,"10-20%",IF(AG97<=0.1,"0-10%")))))) -> Negative | AJ97: NO
A98: 2301 | B98: 7022309398 | C98: 44433 | D98: APPVION | E98: APPVION - APPVION | F98: 0001302558 | G98: 0001607822 | H98: APPVION OPERATIONS INC | I98: 825 E WISCONSIN AVE | J98: APPLETON | K98: WI | L98: 54911-3873 | M98: . | N98: 2103189 | O98: SMLY | P98: WH-525-S02 | Q98: 104810070 | R98: GENERAL INDUSTRIAL SUPPLY; | S98: EA | T98: 5 | U98: SMLY | V98: WH-525-S02 | W98: 104810070 | X98: 07020005 | Y98: SMLY_WH-525-S02 | Z98: EA | AA98: FPA/POR | AB98: 9.48 | AC98: 9.2 | AD98: =AC98*T98 -> 46 | AE98: =AB98*T98 -> 47.4 | AF98: =AD98-AE98 -> -1.4 | AG98: =AF98/AD98 -> -0.030434783 | AH98: =IF(AG98<0,"Negative",IF(AG98=0,"Same",IF(AG98>0.3,"30+%",IF(AG98>0.2,"20-30%",IF(AG98>0.1,"10-20%",IF(AG98<=0.1,"0-10%")))))) -> Negative | AJ98: NO
A99: 2301 | B99: 7021572197 | C99: 44333 | D99: APPVION | E99: APPVION - APPVION | F99: 0001302558 | G99: 0001607822 | H99: APPVION OPERATIONS INC | I99: 825 E WISCONSIN AVE | J99: APPLETON | K99: WI | L99: 54911-3873 | M99: 56-80-502 | N99: 647172 OH | O99: MLLD | P99: 840-0212 | Q99: 113401250 | R99: LUBRICANT PRODUCTS; | S99: EA | T99: 12 | U99: MLLD | V99: 840-0212 | W99: 113401250 | X99: 05010202 | Y99: MLLD_840-0212 | Z99: EA | AA99: FPA/POR | AB99: 19.47 | AC99: 18.66 | AD99: =AC99*T99 -> 223.92 | AE99: =AB99*T99 -> 233.64 | AF99: =AD99-AE99 -> -9.72 | AG99: =AF99/AD99 -> -0.04340836 | AH99: =IF(AG99<0,"Negative",IF(AG99=0,"Same",IF(AG99>0.3,"30+%",IF(AG99>0.2,"20-30%",IF(AG99>0.1,"10-20%",IF(AG99<=0.1,"0-10%")))))) -> Negative | AJ99: NO
A100: 2301 | B100: 7022857280 | C100: 44505 | D100: APPVION | E100: APPVION - APPVION | F100: 0001302558 | G100: 0001607822 | H100: APPVION OPERATIONS INC | I100: 825 E WISCONSIN AVE | J100: APPLETON | K100: WI | L100: 54911-3873 | M100: 47-99-326 | N100: 651040 OH | O100: FOST | P100: 2302 | Q100: 101996162 | R100: FLUID POWER; | S100: EA | T100: 10 | U100: FOST | V100: 2302 | W100: 101996162 | X100: 12020706 | Y100: FOST_2302 | Z100: EA | AA100: FPA/POR | AB100: 8.11 | AC100: 8.3 | AD100: =AC100*T100 -> 83 | AE100: =AB100*T100 -> 81.1 | AF100: =AD100-AE100 -> 1.9 | AG100: =AF100/AD100 -> 0.022891566 | AH100: =IF(AG100<0,"Negative",IF(AG100=0,"Same",IF(AG100>0.3,"30+%",IF(AG100>0.2,"20-30%",IF(AG100>0.1,"10-20%",IF(AG100<=0.1,"0-10%")))))) -> 0-10% | AJ100: NO
A101: 2301 | B101: 7021454035 | C101: 44316 | D101: APPVION | E101: APPVION - APPVION | F101: 0001302558 | G101: 0001222540 | H101: APPVION OPERATIONS INC (CONSIGNMENT | I101: 825 E WISCONSIN AVE | J101: APPLETON | K101: WI | L101: 54911-3873 | M101: 67-11-110 | N101: 646722 OH | O101: DIXO | P101: 200-G-BU | Q101: 102191417 | R101: HOSE PRODUCTS; | S101: EA | T101: 2 | U101: DIXO | V101: 200-G-BU | W101: 102191417 | X101: 140202 | Y101: DIXO_200-G-BU | Z101: EA | AB101: 0.64 | AC101: 0.68 | AD101: =AC101*T101 -> 1.36 | AE101: =AB101*T101 -> 1.28 | AF101: =AD101-AE101 -> 0.08 | AG101: =AF101/AD101 -> 0.058823529 | AH101: =IF(AG101<0,"Negative",IF(AG101=0,"Same",IF(AG101>0.3,"30+%",IF(AG101>0.2,"20-30%",IF(AG101>0.1,"10-20%",IF(AG101<=0.1,"0-10%")))))) -> 0-10% | AJ101: YES
...

Sheet OBSOLETE
A1: SC | B1: Billing Document Number | C1: Billing Date | D1: Master Customer (Heading) | E1: Master Customer Division (Heading) | F1: Sold-To-Party | G1: Ship-To Party | H1: Ship-To Party (Heading) | I1: Street Address | J1: City | K1: State | L1: Postal Code | M1: Customer Material Number | N1: Customer Purchase Order Number | O1: MFG Code | P1: Manufacturer Part Number | Q1: Material | R1: Product hierarchy level 1 (Heading) | S1: UOM | T1: Billing Quantity | U1: Unit Sale Price | V1: Extended Sale Price | W1: 1ST SAP MFR | X1: 1ST SAP PN | Y1: 1ST SAP MATERIAL# | Z1: 1ST SAP DESCRIPTION | AA1: 1ST SAP UOM | AB1: 1ST SAP MATERIAL STATUS | AC1: AIT NOTES | AD1: CSPL | AE1: CODE
A2: 2301 | B2: 7022806962 | C2: 44498 | D2: APPVION | E2: APPVION - APPVION | F2: 0001302558 | G2: 0001222540 | H2: APPVION OPERATIONS INC (CONSIGNMENT | I2: 825 E WISCONSIN AVE | J2: APPLETON | K2: WI | L2: 54911-3873 | M2: 53-20-037 | N2: 650989 OH | O2: KANO | P2: AEROKROIL | Q2: 102212930 | R2: LUBRICANT PRODUCTS; | S2: EA | T2: 12 | U2: 14.05 | V2: 168.6 | W2: KANO | X2: AEROKROIL | Y2: 102212930 | Z2: KANO_AEROKROIL | AA2: EA | AB2: Z4_Pending Obsolete-Warning | AC2: OBSOLETE | AD2: NO
A3: 2301 | B3: 7021124817 | C3: 44277 | D3: APPVION | E3: APPVION - APPVION | F3: 0001302558 | G3: 0001607822 | H3: APPVION OPERATIONS INC | I3: 825 E WISCONSIN AVE | J3: APPLETON | K3: WI | L3: 54911-3873 | M3: . | N3: 645681 ON | O3: PHC | P3: 0683720000 | Q3: 111529129 | R3: FLUID POWER; | S3: EA | T3: 2 | U3: 41.38 | V3: 82.76 | W3: PHC | X3: 0683720000 | Y3: 111529129 | Z3: PHC_0683720000 | AA3: EA | AB3: Z4_Pending Obsolete-Warning | AC3: OBSOLETE | AD3: NO
A4: 2301 | B4: 7021159747 | C4: 44280 | D4: APPVION | E4: APPVION - APPVION | F4: 0001302558 | G4: 0001607822 | H4: APPVION OPERATIONS INC | I4: 825 E WISCONSIN AVE | J4: APPLETON | K4: WI | L4: 54911-3873 | M4: . | N4: 645681 ON | O4: PHC | P4: 0959810175 | Q4: 111540435 | R4: HOSE PRODUCTS; | S4: EA | T4: 2 | U4: 368.58 | V4: 737.16 | W4: PHC | X4: 0959810175 | Y4: 111540435 | Z4: PHC_0959810175 | AA4: EA | AB4: Z4_Pending Obsolete-Warning | AC4: OBSOLETE | AD4: NO
A5: 2301 | B5: 7021005702 | C5: 44260 | D5: APPVION | E5: APPVION - APPVION | F5: 0001302558 | G5: 0001222540 | H5: APPVION OPERATIONS INC (CONSIGNMENT | I5: 825 E WISCONSIN AVE | J5: APPLETON | K5: WI | L5: 54911-3873 | M5: 53-40-101 | N5: 645162 OH | O5: LGAS | P5: SCCLPH416 | Q5: 112520194 | R5: JANITORIAL; | S5: CS | T5: 1 | U5: 139.75 | V5: 139.75 | W5: LGAS | X5: SCCLPH416 | Y5: 112520194 | Z5: LGAS_SCCLPH416 | AA5: CS | AB5: Z4_Pending Obsolete-Warning | AC5: OBSOLETE | AD5: NO
A6: 2301 | B6: 7021672124 | C6: 44344 | D6: APPVION | E6: APPVION - APPVION | F6: 0001302558 | G6: 0001222540 | H6: APPVION OPERATIONS INC (CONSIGNMENT | I6: 825 E WISCONSIN AVE | J6: APPLETON | K6: WI | L6: 54911-3873 | M6: 53-40-101 | N6: 647339 OH | O6: LGAS | P6: SCCLPH416 | Q6: 112520194 | R6: JANITORIAL; | S6: CS | T6: 1 | U6: 139.75 | V6: 139.75 | W6: LGAS | X6: SCCLPH416 | Y6: 112520194 | Z6: LGAS_SCCLPH416 | AA6: CS | AB6: Z4_Pending Obsolete-Warning | AC6: OBSOLETE | AD6: NO
A7: 2301 | B7: 7022087391 | C7: 44403 | D7: APPVION | E7: APPVION - APPVION | F7: 0001302558 | G7: 0001222540 | H7: APPVION OPERATIONS INC (CONSIGNMENT | I7: 825 E WISCONSIN AVE | J7: APPLETON | K7: WI | L7: 54911-3873 | M7: 53-40-101 | N7: 468688 OH | O7: LGAS | P7: SCCLPH416 | Q7: 112520194 | R7: JANITORIAL; | S7: CS | T7: 1 | U7: 139.75 | V7: 139.75 | W7: LGAS | X7: SCCLPH416 | Y7: 112520194 | Z7: LGAS_SCCLPH416 | AA7: CS | AB7: Z4_Pending Obsolete-Warning | AC7: OBSOLETE | AD7: NO
A8: 2301 | B8: 7022233804 | C8: 44421 | D8: APPVION | E8: APPVION - APPVION | F8: 0001302558 | G8: 0001222540 | H8: APPVION OPERATIONS INC (CONSIGNMENT | I8: 825 E WISCONSIN AVE | J8: APPLETON | K8: WI | L8: 54911-3873 | M8: 53-40-101 | N8: 649179 OH | O8: LGAS | P8: SCCLPH416 | Q8: 112520194 | R8: JANITORIAL; | S8: CS | T8: 2 | U8: 139.75 | V8: 279.5 | W8: LGAS | X8: SCCLPH416 | Y8: 112520194 | Z8: LGAS_SCCLPH416 | AA8: CS | AB8: Z4_Pending Obsolete-Warning | AC8: OBSOLETE | AD8: NO
A9: 2301 | B9: 7022729057 | C9: 44489 | D9: APPVION | E9: APPVION - APPVION | F9: 0001302558 | G9: 0001607822 | H9: APPVION OPERATIONS INC | I9: 825 E WISCONSIN AVE | J9: APPLETON | K9: WI | L9: 54911-3873 | M9: 12-99-103 | N9: 649038 OH | O9: THK | P9: HSR25LA1SS | Q9: 102200110 | R9: LINEAR MOTION PRODUCTS; | S9: EA | T9: 2 | U9: 104.98 | V9: 209.96 | W9: THK | X9: HSR25LA1SS | Y9: 102200110 | Z9: THK_HSR25LA1SS | AA9: EA | AB9: Z4_Pending Obsolete-Warning | AC9: OBSOLETE | AD9: NO
A10: 2301 | B10: 7022845714 | C10: 44504 | D10: APPVION | E10: APPVION - APPVION | F10: 0001302558 | G10: 0001607822 | H10: APPVION OPERATIONS INC | I10: 825 E WISCONSIN AVE | J10: APPLETON | K10: WI | L10: 54911-3873 | M10: 12-99-103 | N10: 649038 OH | O10: THK | P10: HSR25LA1SS | Q10: 102200110 | R10: LINEAR MOTION PRODUCTS; | S10: EA | T10: 2 | U10: 104.98 | V10: 209.96 | W10: THK | X10: HSR25LA1SS | Y10: 102200110 | Z10: THK_HSR25LA1SS | AA10: EA | AB10: Z4_Pending Obsolete-Warning | AC10: OBSOLETE | AD10: NO
A11: 2301 | B11: 7022528857 | C11: 44462 | D11: APPVION | E11: APPVION - APPVION | F11: 0001302558 | G11: 0001607822 | H11: APPVION OPERATIONS INC | I11: 825 E WISCONSIN AVE | J11: APPLETON | K11: WI | L11: 54911-3873 | M11: 26-40-564 | N11: 650030 OH | O11: SUMI | P11: CNVMS02-6100YA-119 | Q11: 105198145 | R11: MECHANICAL POWER TRANSMISSION; | S11: EA | T11: 1 | U11: 1247.67 | V11: 1247.67 | W11: SUMI | X11: CNVMS02-6100YA-119 | Y11: 105198145 | Z11: SUMI_CNVMS02-6100YA-119 | AA11: EA | AB11: Z4_Pending Obsolete-Warning | AC11: OBSOLETE | AD11: NO
A12: 2301 | B12: 7020891949 | C12: 44246 | D12: APPVION | E12: APPVION - APPVION | F12: 0001302558 | G12: 0001222540 | H12: APPVION OPERATIONS INC (CONSIGNMENT | I12: 825 E WISCONSIN AVE | J12: APPLETON | K12: WI | L12: 54911-3873 | M12: 53-20-037 | N12: 644186 OH | O12: KANO | P12: AEROKROIL | Q12: 102212930 | R12: LUBRICANT PRODUCTS; | S12: EA | T12: 12 | U12: 14.05 | V12: 168.6 | W12: KANO | X12: AEROKROIL | Y12: 102212930 | Z12: KANO_AEROKROIL | AA12: EA | AB12: Z4_Pending Obsolete-Warning | AC12: OBSOLETE | AD12: NO
A13: 2301 | B13: 7021118950 | C13: 44274 | D13: APPVION | E13: APPVION - APPVION | F13: 0001302558 | G13: 0001222540 | H13: APPVION OPERATIONS INC (CONSIGNMENT | I13: 825 E WISCONSIN AVE | J13: APPLETON | K13: WI | L13: 54911-3873 | M13: 53-20-037 | N13: 645577 OH | O13: KANO | P13: AEROKROIL | Q13: 102212930 | R13: LUBRICANT PRODUCTS; | S13: EA | T13: 12 | U13: 14.05 | V13: 168.6 | W13: KANO | X13: AEROKROIL | Y13: 102212930 | Z13: KANO_AEROKROIL | AA13: EA | AB13: Z4_Pending Obsolete-Warning | AC13: OBSOLETE | AD13: NO
... A17: 2301 | B17: 7023257664 | C17: 44568 | D17: APPVION | E17: APPVION - APPVION | F17: 0001302558 | G17: 0001222540 | H17: APPVION OPERATIONS INC (CONSIGNMENT | I17: 825 E WISCONSIN AVE | J17: APPLETON | K17: WI | L17: 54911-3873 | M17: 53-20-037 | N17: 652425 OH | O17: KANO | P17: AEROKROIL | Q17: 102212930 | R17: LUBRICANT PRODUCTS; | S17: EA | T17: 12 | U17: 15.17 | V17: 182.04 | W17: KANO | X17: AEROKROIL | Y17: 102212930 | Z17: KANO_AEROKROIL | AA17: EA | AB17: Z4_Pending Obsolete-Warning | AC17: OBSOLETE | AD17: NO
