Workbook

Sheet Data
S1: =SUBTOTAL(2,S3:S540) -> 538 | T1: =SUBTOTAL(9,T3:T1048576) -> 48540.57 | U1: =SUBTOTAL(9,U3:U1048576) -> 11416.384 | V1: =U1/T1 -> 0.23519262 | X1: =SUBTOTAL(9,X3:X1048576) -> 7718.1963 | AL1: =SUBTOTAL(9,AL3:AL1048576) -> 2216.4069 | AM1: =AL1/T1 -> 0.045660916 | AO1: =SUBTOTAL(9,AO3:AO1048576) -> 841.12312 | BC1: =SUBTOTAL(9,BC3:BC1048576) -> 12492.062 | BD1: =BC1/T1 -> 0.25735302 | BF1: =SUBTOTAL(9,BF3:BF1048576) -> 6642.5178
A2: Project Name | B2: Sequence Number | C2: Location | D2: Transaction Date | E2: Customer Internal Part number | F2: Distributor Name | G2: Distributor Part Number | H2: Item Description | I2: Manufacturer | J2: Manufacturer Part Number | K2: Other Notes 1 | L2: Other Notes 2 | M2: Other Notes 3 | N2: Unit of Measure (UoM) | O2: UoM Quantity | P2: Incumbent Pack Price | Q2: Quantity | R2: Unit price | S2: Total baseline units | T2: CURRENT EXT | U2: Savings $ | V2: Savings % | W2: Savings cat. | X2: PA EXT | Y2: UNIT PRICE | Z2: PA PRICE | AA2: Fastenal UOM | AB2: Fastenal UNITS/ PACK | AC2: NOTES | AD2: Fastenal MANUFACTURER NAME | AE2: Fastenal MANUFACTURER PART NUMBER | AF2: Fastenal SKU | AG2: CATEGORY | AH2: PRODUCT DESCRIPTION | AI2: MATCH TYPE | AJ2: PA CORE | AK2: PA NOTES | AL2: Savings $ | AM2: Savings % | AN2: Savings cat. | AO2: PA EXT | AP2: UNIT PRICE | AQ2: PA PRICE | AR2: Fastenal UOM | AS2: Fastenal UNITS/ PACK | AT2: NOTES | AU2: Fastenal MANUFACTURER NAME | AV2: Fastenal MANUFACTURER PART NUMBER | AW2: Fastenal SKU | AX2: CATEGORY | AY2: PRODUCT DESCRIPTION | AZ2: MATCH TYPE | BA2: CSPL | BB2: PA NOTES | BC2: Savings $ | BD2: Savings % | BE2: Savings cat. | BF2: PA EXT | BG2: UNIT PRICE | BH2: PA PRICE | BI2: Fastenal UOM | BJ2: Fastenal UNITS/ PACK | BK2: NOTES | BL2: Fastenal MANUFACTURER NAME | BM2: Fastenal MANUFACTURER PART NUMBER | BN2: Fastenal SKU | BO2: CATEGORY | BP2: PRODUCT DESCRIPTION | BQ2: MATCH TYPE | BR2: PA Core | BS2: PA NOTES
A3: VRC_Cascadia Multiple Suppliers | B3: 1 | F3: McMaster-Carr | G3: COM-0567 | H3: P900-00616 | N3: EA | O3: 1 | P3: 1238.06 | Q3: 5 | R3: =P3/O3 -> 1238.06 | S3: =Q3*O3 -> 5 | T3: =S3*R3 -> 6190.3 | AI3: Not Enough Product Data | BQ3: =IF(BS3="Original",AI3,AZ3) -> Not Enough Product Data | BS3: =IF(AQ3="","Original",IF(AP3<Y3,"Alternate","Original")) -> Original
A4: VRC_Cascadia Multiple Suppliers | B4: 2 | F4: McMaster-Carr | G4: COM-0456 | H4: 96697A500 SPRING STEEL WAVE WASHER .43" OD | N4: EA | O4: 1 | P4: 1388.16 | Q4: 1 | R4: =P4/O4 -> 1388.16 | S4: =Q4*O4 -> 1 | T4: =S4*R4 -> 1388.16 | AI4: Not Enough Product Data | BQ4: =IF(BS4="Original",AI4,AZ4) -> Not Enough Product Data | BS4: =IF(AQ4="","Original",IF(AP4<Y4,"Alternate","Original")) -> Original
A5: VRC_Cascadia Multiple Suppliers | B5: 3 | F5: McMaster-Carr | G5: COM-0453 | H5: 96562A146 6-32 X 3/8 SS SCREW | N5: EA | O5: 1 | P5: 1242.63 | Q5: 1 | R5: =P5/O5 -> 1242.63 | S5: =Q5*O5 -> 1 | T5: =S5*R5 -> 1242.63 | AI5: Not Enough Product Data | BQ5: =IF(BS5="Original",AI5,AZ5) -> Not Enough Product Data | BS5: =IF(AQ5="","Original",IF(AP5<Y5,"Alternate","Original")) -> Original
A6: VRC_Cascadia Multiple Suppliers | B6: 4 | F6: MSC | G6: 73039844 | H6: 14" Cable ties 100/pk | N6: EA | O6: 1 | P6: 273.7 | Q6: 3 | R6: =P6/O6 -> 273.7 | S6: =Q6*O6 -> 3 | T6: =S6*R6 -> 821.1 | U6: =IFERROR(T6-X6,0) -> 820.95384 | V6: =IFERROR(U6/T6,0) -> 0.99982199 | W6: =IF($V6<0,"Negative",IF($V6=0,"Same",IF($V6>0.3,"30+%",IF($V6>0.2,"20-30%",IF($V6>0.1,"10-20%",IF($V6<=0.1,"0-10%")))))) -> 30+% | X6: =IFERROR(Y6*S6,0) -> 0.14616 | Y6: =IFERROR(Z6/AB6,0) -> 0.04872 | Z6: 4.872 | AA6: Pack | AB6: 100 | AC6: Possible UOM or LPP issue. | AD6: Power Phase[REG] | AE6: 0775548 | AF6: 0775548 | AG6: Electrical | AH6: 14.6" 50lb Tensile Blue Nylon 6.6 Power Phase[REG] Colored Cable Tie Pkg | AI6: Similar Match | AJ6: No | BC6: =T6-BF6 -> 820.95384 | BD6: =BC6/T6 -> 0.99982199 | BE6: =IF(BD6<0,"Negative",IF(BD6=0,"Same",IF(BD6>0.3,"30+%",IF(BD6>0.2,"20-30%",IF(BD6>0.1,"10-20%",IF(BD6<=0.1,"0-10%")))))) -> 30+% | BF6: =BG6*S6 -> 0.14616 | BG6: =BH6/BJ6 -> 0.04872 | BH6: =IF(BS6="Original",Z6,AQ6) -> 4.872 | BI6: =IF(BS6="Original",AA6,AR6) -> Pack | BJ6: =IF(BS6="Original",AB6,AS6) -> 100 | BK6: =IF(BS6="Original",AC6,AT6) -> Possible UOM or LPP issue. | BL6: =IF(BS6="Original",AD6,AU6) -> Power Phase[REG] | BM6: =IF(BS6="Original",AE6,AV6) -> 0775548 | BN6: =IF(BS6="Original",AF6,AW6) -> 0775548 | BO6: =IF(BS6="Original",AG6,AX6) -> Electrical | BP6: =IF(BS6="Original",AH6,AY6) -> 14.6" 50lb Tensile Blue Nylon 6.6 Power Phase[REG] Colored Cable Tie Pkg | BQ6: =IF(BS6="Original",AI6,AZ6) -> Similar Match | BR6: =IF(BS6="Original",AJ6,BA6) -> No | BS6: =IF(AQ6="","Original",IF(AP6<Y6,"Alternate","Original")) -> Original
A7: VRC_Cascadia Multiple Suppliers | B7: 5 | F7: Grainger | G7: 1YND9 | H7: 30 Gal flammable cabinet. | N7: EA | O7: 1 | P7: 796.82 | Q7: 1 | R7: =P7/O7 -> 796.82 | S7: =Q7*O7 -> 1 | T7: =S7*R7 -> 796.82 | U7: =IFERROR(T7-X7,0) -> -209.0863 | V7: =IFERROR(U7/T7,0) -> -0.26240092 | W7: =IF($V7<0,"Negative",IF($V7=0,"Same",IF($V7>0.3,"30+%",IF($V7>0.2,"20-30%",IF($V7>0.1,"10-20%",IF($V7<=0.1,"0-10%")))))) -> Negative | X7: =IFERROR(Y7*S7,0) -> 1005.9063 | Y7: =IFERROR(Z7/AB7,0) -> 1005.9063 | Z7: 1005.9063 | AA7: Piece | AB7: 1 | AD7: JUSTRITE MANUFACTURING COMPANY | AE7: 893000 | AF7: 1018401 | AG7: Safety | AH7: 30 Gallon 44"Hx43"Wx18"D Yellow Steel 1-Shelf 2-Door Manual Close Safety Cabinet | AI7: Exact Match | AJ7: No | AL7: =IF(AQ7="","",T7-AO7) -> 188.5369 | AM7: =IFERROR(AL7/T7,"") -> 0.23661166 | AN7: =IF(AM7="","",IF(AM7<0,"Negative",IF(AM7=0,"Same",IF(AM7>0.3,"30+%",IF(AM7>0.2,"20-30%",IF(AM7>0.1,"10-20%",IF(AM7<=0.1,"0-10%"))))))) -> 20-30% | AO7: =IFERROR(AP7*S7,"") -> 608.2831 | AP7: =IFERROR(AQ7/AS7,"") -> 608.2831 | AQ7: 608.2831 | AR7: Piece | AS7: 1 | AU7: Agent[REG] | AV7: 1068342 | AW7: 1068342 | AX7: Safety | AY7: 30gal Capacity Yellow Steel Agent[REG] 1-Shelf Manual Close Standard Flammable Storage Cabinet | AZ7: Similar Match | BA7: Yes | BC7: =T7-BF7 -> 188.5369 | BD7: =BC7/T7 -> 0.23661166 | BE7: =IF(BD7<0,"Negative",IF(BD7=0,"Same",IF(BD7>0.3,"30+%",IF(BD7>0.2,"20-30%",IF(BD7>0.1,"10-20%",IF(BD7<=0.1,"0-10%")))))) -> 20-30% | BF7: =BG7*S7 -> 608.2831 | BG7: =BH7/BJ7 -> 608.2831 | BH7: =IF(BS7="Original",Z7,AQ7) -> 608.2831 | BI7: =IF(BS7="Original",AA7,AR7) -> Piece | BJ7: =IF(BS7="Original",AB7,AS7) -> 1 | BL7: =IF(BS7="Original",AD7,AU7) -> Agent[REG] | BM7: =IF(BS7="Original",AE7,AV7) -> 1068342 | BN7: =IF(BS7="Original",AF7,AW7) -> 1068342 | BO7: =IF(BS7="Original",AG7,AX7) -> Safety | BP7: =IF(BS7="Original",AH7,AY7) -> 30gal Capacity Yellow Steel Agent[REG] 1-Shelf Manual Close Standard Flammable Storage Cabinet | BQ7: =IF(BS7="Original",AI7,AZ7) -> Similar Match | BR7: =IF(BS7="Original",AJ7,BA7) -> Yes | BS7: =IF(AQ7="","Original",IF(AP7<Y7,"Alternate","Original")) -> Alternate
A8: VRC_Cascadia Multiple Suppliers | B8: 6 | F8: MSC | G8: 73125288 | H8: 14" CABLE TIES 100/PK | N8: EA | O8: 1 | P8: 347.86 | Q8: 2 | R8: =P8/O8 -> 347.86 | S8: =Q8*O8 -> 2 | T8: =S8*R8 -> 695.72 | U8: =IFERROR(T8-X8,0) -> 695.6486 | V8: =IFERROR(U8/T8,0) -> 0.99989737 | W8: =IF($V8<0,"Negative",IF($V8=0,"Same",IF($V8>0.3,"30+%",IF($V8>0.2,"20-30%",IF($V8>0.1,"10-20%",IF($V8<=0.1,"0-10%")))))) -> 30+% | X8: =IFERROR(Y8*S8,0) -> 0.0714 | Y8: =IFERROR(Z8/AB8,0) -> 0.0357 | Z8: 3.57 | AA8: Pack | AB8: 100 | AC8: Possible UOM or LPP issue. | AD8: Carlon[REG] | AE8: L-14-50-9-C | AF8: 0719823 | AG8: Electrical | AH8: 14.1" 50lb Tensile Natural Nylon 6.6 Cable Tie | AI8: Exact Match | AJ8: No | BC8: =T8-BF8 -> 695.6486 | BD8: =BC8/T8 -> 0.99989737 | BE8: =IF(BD8<0,"Negative",IF(BD8=0,"Same",IF(BD8>0.3,"30+%",IF(BD8>0.2,"20-30%",IF(BD8>0.1,"10-20%",IF(BD8<=0.1,"0-10%")))))) -> 30+% | BF8: =BG8*S8 -> 0.0714 | BG8: =BH8/BJ8 -> 0.0357 | BH8: =IF(BS8="Original",Z8,AQ8) -> 3.57 | BI8: =IF(BS8="Original",AA8,AR8) -> Pack | BJ8: =IF(BS8="Original",AB8,AS8) -> 100 | BK8: =IF(BS8="Original",AC8,AT8) -> Possible UOM or LPP issue. | BL8: =IF(BS8="Original",AD8,AU8) -> Carlon[REG] | BM8: =IF(BS8="Original",AE8,AV8) -> L-14-50-9-C | BN8: =IF(BS8="Original",AF8,AW8) -> 0719823 | BO8: =IF(BS8="Original",AG8,AX8) -> Electrical | BP8: =IF(BS8="Original",AH8,AY8) -> 14.1" 50lb Tensile Natural Nylon 6.6 Cable Tie | BQ8: =IF(BS8="Original",AI8,AZ8) -> Exact Match | BR8: =IF(BS8="Original",AJ8,BA8) -> No | BS8: =IF(AQ8="","Original",IF(AP8<Y8,"Alternate","Original")) -> Original
A9: VRC_Cascadia Multiple Suppliers | B9: 7 | F9: McMaster-Carr | G9: 4587t73 | H9: cabinet | N9: EA | O9: 1 | P9: 669.77 | Q9: 1 | R9: =P9/O9 -> 669.77 | S9: =Q9*O9 -> 1 | T9: =S9*R9 -> 669.77 | AC9: Need color of cabinet. | AI9: Not Enough Product Data | BK9: =IF(BS9="Original",AC9,AT9) -> Need color of cabinet. | BQ9: =IF(BS9="Original",AI9,AZ9) -> Not Enough Product Data | BS9: =IF(AQ9="","Original",IF(AP9<Y9,"Alternate","Original")) -> Original
A10: VRC_Cascadia Multiple Suppliers | B10: 8 | F10: McMaster-Carr | G10: COM-0454 | H10: 99461A130/0408LPP188 SS4 X 1/2 TRI HD | N10: EA | O10: 1 | P10: 575.23 | Q10: 1 | R10: =P10/O10 -> 575.23 | S10: =Q10*O10 -> 1 | T10: =S10*R10 -> 575.23 | AI10: Not Enough Product Data | BQ10: =IF(BS10="Original",AI10,AZ10) -> Not Enough Product Data | BS10: =IF(AQ10="","Original",IF(AP10<Y10,"Alternate","Original")) -> Original
A11: VRC_Cascadia Multiple Suppliers | B11: 9 | F11: Grainger | G11: 4YV87 | H11: fluke thermometer w/certificate | N11: EA | O11: 1 | P11: 534.48 | Q11: 1 | R11: =P11/O11 -> 534.48 | S11: =Q11*O11 -> 1 | T11: =S11*R11 -> 534.48 | U11: =IFERROR(T11-X11,0) -> 152.5005 | V11: =IFERROR(U11/T11,0) -> 0.28532499 | W11: =IF($V11<0,"Negative",IF($V11=0,"Same",IF($V11>0.3,"30+%",IF($V11>0.2,"20-30%",IF($V11>0.1,"10-20%",IF($V11<=0.1,"0-10%")))))) -> 20-30% | X11: =IFERROR(Y11*S11,0) -> 381.9795 | Y11: =IFERROR(Z11/AB11,0) -> 381.9795 | Z11: 381.9795 | AA11: Piece | AB11: 1 | AD11: Fluke Corp | AE11: 674686 | AF11: 0712562 | AG11: Test and Measurement | AH11: Fluke-51-2 Single Input Thermometer | AI11: Exact Match | AJ11: No | BC11: =T11-BF11 -> 152.5005 | BD11: =BC11/T11 -> 0.28532499 | BE11: =IF(BD11<0,"Negative",IF(BD11=0,"Same",IF(BD11>0.3,"30+%",IF(BD11>0.2,"20-30%",IF(BD11>0.1,"10-20%",IF(BD11<=0.1,"0-10%")))))) -> 20-30% | BF11: =BG11*S11 -> 381.9795 | BG11: =BH11/BJ11 -> 381.9795 | BH11: =IF(BS11="Original",Z11,AQ11) -> 381.9795 | BI11: =IF(BS11="Original",AA11,AR11) -> Piece | BJ11: =IF(BS11="Original",AB11,AS11) -> 1 | BL11: =IF(BS11="Original",AD11,AU11) -> Fluke Corp | BM11: =IF(BS11="Original",AE11,AV11) -> 674686 | BN11: =IF(BS11="Original",AF11,AW11) -> 0712562 | BO11: =IF(BS11="Original",AG11,AX11) -> Test and Measurement | BP11: =IF(BS11="Original",AH11,AY11) -> Fluke-51-2 Single Input Thermometer | BQ11: =IF(BS11="Original",AI11,AZ11) -> Exact Match | BR11: =IF(BS11="Original",AJ11,BA11) -> No | BS11: =IF(AQ11="","Original",IF(AP11<Y11,"Alternate","Original")) -> Original
A12: VRC_Cascadia Multiple Suppliers | B12: 10 | F12: McMaster-Carr | G12: COM-0555 | H12: SCREWS - P900-00684 | N12: EA | O12: 1 | P12: 131.6 | Q12: 4 | R12: =P12/O12 -> 131.6 | S12: =Q12*O12 -> 4 | T12: =S12*R12 -> 526.4 | AI12: Not Enough Product Data | BQ12: =IF(BS12="Original",AI12,AZ12) -> Not Enough Product Data | BS12: =IF(AQ12="","Original",IF(AP12<Y12,"Alternate","Original")) -> Original
A13: VRC_Cascadia Multiple Suppliers | B13: 11 | F13: MSC | G13: 61843553 | H13: Granular Ice & Snow Melter & De-Icer | N13: EA | O13: 1 | P13: 460.99 | Q13: 1 | R13: =P13/O13 -> 460.99 | S13: =Q13*O13 -> 1 | T13: =S13*R13 -> 460.99 | U13: =IFERROR(T13-X13,0) -> 453.2908 | V13: =IFERROR(U13/T13,0) -> 0.98329855 | W13: =IF($V13<0,"Negative",IF($V13=0,"Same",IF($V13>0.3,"30+%",IF($V13>0.2,"20-30%",IF($V13>0.1,"10-20%",IF($V13<=0.1,"0-10%")))))) -> 30+% | X13: =IFERROR(Y13*S13,0) -> 7.6992 | Y13: =IFERROR(Z13/AB13,0) -> 7.6992 | Z13: 7.6992 | AA13: Bag | AB13: 1 | AC13: Possible UOM or LPP issue. | AD13: TILLSON BRANDS INC | AE13: TB-ECO-SALT227KG | AF13: 0610682 | AG13: Outdoor Products and Equipment | AH13: 50lb Bag Eco Salt Ice Melter | AI13: Similar Match | AJ13: No | BC13: =T13-BF13 -> 453.2908 | BD13: =BC13/T13 -> 0.98329855 | BE13: =IF(BD13<0,"Negative",IF(BD13=0,"Same",IF(BD13>0.3,"30+%",IF(BD13>0.2,"20-30%",IF(BD13>0.1,"10-20%",IF(BD13<=0.1,"0-10%")))))) -> 30+% | BF13: =BG13*S13 -> 7.6992 | BG13: =BH13/BJ13 -> 7.6992 | BH13: =IF(BS13="Original",Z13,AQ13) -> 7.6992 | BI13: =IF(BS13="Original",AA13,AR13) -> Bag | BJ13: =IF(BS13="Original",AB13,AS13) -> 1 | BK13: =IF(BS13="Original",AC13,AT13) -> Possible UOM or LPP issue. | BL13: =IF(BS13="Original",AD13,AU13) -> TILLSON BRANDS INC | BM13: =IF(BS13="Original",AE13,AV13) -> TB-ECO-SALT227KG | BN13: =IF(BS13="Original",AF13,AW13) -> 0610682 | BO13: =IF(BS13="Original",AG13,AX13) -> Outdoor Products and Equipment | BP13: =IF(BS13="Original",AH13,AY13) -> 50lb Bag Eco Salt Ice Melter | BQ13: =IF(BS13="Original",AI13,AZ13) -> Similar Match | BR13: =IF(BS13="Original",AJ13,BA13) -> No | BS13: =IF(AQ13="","Original",IF(AP13<Y13,"Alternate","Original")) -> Original
A14: VRC_Cascadia Multiple Suppliers | B14: 12 | F14: McMaster-Carr | G14: 8975k426 | H14: 3/8 by 4 by 6 foot aluminum, shop ,dovetails | N14: EA | O14: 1 | P14: 226.89 | Q14: 2 | R14: =P14/O14 -> 226.89 | S14: =Q14*O14 -> 2 | T14: =S14*R14 -> 453.78 | U14: =IFERROR(T14-X14,0) -> 378.7512 | V14: =IFERROR(U14/T14,0) -> 0.8346582 | W14: =IF($V14<0,"Negative",IF($V14=0,"Same",IF($V14>0.3,"30+%",IF($V14>0.2,"20-30%",IF($V14>0.1,"10-20%",IF($V14<=0.1,"0-10%")))))) -> 30+% | X14: =IFERROR(Y14*S14,0) -> 75.0288 | Y14: =IFERROR(Z14/AB14,0) -> 37.5144 | Z14: 37.5144 | AA14: Piece | AB14: 1 | AC14: Possible UOM or LPP issue. | AD14: Fastenal Approved Vendor | AE14: 1161_36_0 | AF14: 0963984 | AG14: Raw Materials | AH14: 3/8" Thick x 4" Width x 3' Long ASTM B221 6061 Aluminum Flat Bar | AI14: Similar Match | AJ14: No | BC14: =T14-BF14 -> 378.7512 | BD14: =BC14/T14 -> 0.8346582 | BE14: =IF(BD14<0,"Negative",IF(BD14=0,"Same",IF(BD14>0.3,"30+%",IF(BD14>0.2,"20-30%",IF(BD14>0.1,"10-20%",IF(BD14<=0.1,"0-10%")))))) -> 30+% | BF14: =BG14*S14 -> 75.0288 | BG14: =BH14/BJ14 -> 37.5144 | BH14: =IF(BS14="Original",Z14,AQ14) -> 37.5144 | BI14: =IF(BS14="Original",AA14,AR14) -> Piece | BJ14: =IF(BS14="Original",AB14,AS14) -> 1 | BK14: =IF(BS14="Original",AC14,AT14) -> Possible UOM or LPP issue. | BL14: =IF(BS14="Original",AD14,AU14) -> Fastenal Approved Vendor | BM14: =IF(BS14="Original",AE14,AV14) -> 1161_36_0 | BN14: =IF(BS14="Original",AF14,AW14) -> 0963984 | BO14: =IF(BS14="Original",AG14,AX14) -> Raw Materials | BP14: =IF(BS14="Original",AH14,AY14) -> 3/8" Thick x 4" Width x 3' Long ASTM B221 6061 Aluminum Flat Bar | BQ14: =IF(BS14="Original",AI14,AZ14) -> Similar Match | BR14: =IF(BS14="Original",AJ14,BA14) -> No | BS14: =IF(AQ14="","Original",IF(AP14<Y14,"Alternate","Original")) -> Original
A15: VRC_Cascadia Multiple Suppliers | B15: 13 | F15: Grainger | G15: 2F625 | H15: hydraulic quick connect | N15: EA | O15: 1 | P15: 150.67 | Q15: 3 | R15: =P15/O15 -> 150.67 | S15: =Q15*O15 -> 3 | T15: =S15*R15 -> 452.01 | U15: =IFERROR(T15-X15,0) -> 415.5852 | V15: =IFERROR(U15/T15,0) -> 0.91941594 | W15: =IF($V15<0,"Negative",IF($V15=0,"Same",IF($V15>0.3,"30+%",IF($V15>0.2,"20-30%",IF($V15>0.1,"10-20%",IF($V15<=0.1,"0-10%")))))) -> 30+% | X15: =IFERROR(Y15*S15,0) -> 36.4248 | Y15: =IFERROR(Z15/AB15,0) -> 12.1416 | Z15: 12.1416 | AA15: Piece | AB15: 1 | AC15: Possible UOM or LPP issue. | AD15: Eaton/Hansen | AE15: 2H16 | AF15: 0482607 | AG15: Hydraulics | AH15: 1/4" Plug x 1/4" Female NPT Steel Double Shut-Off Hydraulic Coupler | AI15: Similar Match | AJ15: No | BC15: =T15-BF15 -> 415.5852 | BD15: =BC15/T15 -> 0.91941594 | BE15: =IF(BD15<0,"Negative",IF(BD15=0,"Same",IF(BD15>0.3,"30+%",IF(BD15>0.2,"20-30%",IF(BD15>0.1,"10-20%",IF(BD15<=0.1,"0-10%")))))) -> 30+% | BF15: =BG15*S15 -> 36.4248 | BG15: =BH15/BJ15 -> 12.1416 | BH15: =IF(BS15="Original",Z15,AQ15) -> 12.1416 | BI15: =IF(BS15="Original",AA15,AR15) -> Piece | BJ15: =IF(BS15="Original",AB15,AS15) -> 1 | BK15: =IF(BS15="Original",AC15,AT15) -> Possible UOM or LPP issue. | BL15: =IF(BS15="Original",AD15,AU15) -> Eaton/Hansen | BM15: =IF(BS15="Original",AE15,AV15) -> 2H16 | BN15: =IF(BS15="Original",AF15,AW15) -> 0482607 | BO15: =IF(BS15="Original",AG15,AX15) -> Hydraulics | BP15: =IF(BS15="Original",AH15,AY15) -> 1/4" Plug x 1/4" Female NPT Steel Double Shut-Off Hydraulic Coupler | BQ15: =IF(BS15="Original",AI15,AZ15) -> Similar Match | BR15: =IF(BS15="Original",AJ15,BA15) -> No | BS15: =IF(AQ15="","Original",IF(AP15<Y15,"Alternate","Original")) -> Original
A16: VRC_Cascadia Multiple Suppliers | B16: 14 | F16: Grainger | G16: 11Z107 | H16: Floor Marking Tape, Pattern Solid, Yellow, Width 3 in, Roll Length 100 ft | N16: EA | O16: 1 | P16: 146.26 | Q16: 3 | R16: =P16/O16 -> 146.26 | S16: =Q16*O16 -> 3 | T16: =S16*R16 -> 438.78 | U16: =IFERROR(T16-X16,0) -> 257.91 | V16: =IFERROR(U16/T16,0) -> 0.58778887 | W16: =IF($V16<0,"Negative",IF($V16=0,"Same",IF($V16>0.3,"30+%",IF($V16>0.2,"20-30%",IF($V16>0.1,"10-20%",IF($V16<=0.1,"0-10%")))))) -> 30+% | X16: =IFERROR(Y16*S16,0) -> 180.87 | Y16: =IFERROR(Z16/AB16,0) -> 60.29 | Z16: 60.29 | AA16: Roll | AB16: 1 | AD16: Toughstripe[TM] | AE16: 104342 | AF16: 1031850 | AG16: Safety | AH16: 33 yd (100') L X 3" W 8 mil Toughstripe[TM] Yellow General Purpose Floor Marking Tape Blank | AI16: Exact Match | AJ16: No | AL16: =IF(AQ16="","",T16-AO16) -> 414.3087 | AM16: =IFERROR(AL16/T16,"") -> 0.94422877 | AN16: =IF(AM16="","",IF(AM16<0,"Negative",IF(AM16=0,"Same",IF(AM16>0.3,"30+%",IF(AM16>0.2,"20-30%",IF(AM16>0.1,"10-20%",IF(AM16<=0.1,"0-10%"))))))) -> 30+% | AO16: =IFERROR(AP16*S16,"") -> 24.4713 | AP16: =IFERROR(AQ16/AS16,"") -> 8.1571 | AQ16: 8.1571 | AR16: Roll | AS16: 1 | AT16: Possible UOM or LPP issue. | AU16: Agent[REG] | AV16: 1054438 | AW16: 1054438 | AX16: Safety | AY16: 36 yd (108') L X 3" W 6 mil Yellow General Purpose Aisle Marking Tape Blank | AZ16: Similar Match | BA16: No | BC16: =T16-BF16 -> 414.3087 | BD16: =BC16/T16 -> 0.94422877 | BE16: =IF(BD16<0,"Negative",IF(BD16=0,"Same",IF(BD16>0.3,"30+%",IF(BD16>0.2,"20-30%",IF(BD16>0.1,"10-20%",IF(BD16<=0.1,"0-10%")))))) -> 30+% | BF16: =BG16*S16 -> 24.4713 | BG16: =BH16/BJ16 -> 8.1571 | BH16: =IF(BS16="Original",Z16,AQ16) -> 8.1571 | BI16: =IF(BS16="Original",AA16,AR16) -> Roll | BJ16: =IF(BS16="Original",AB16,AS16) -> 1 | BK16: =IF(BS16="Original",AC16,AT16) -> Possible UOM or LPP issue. | BL16: =IF(BS16="Original",AD16,AU16) -> Agent[REG] | BM16: =IF(BS16="Original",AE16,AV16) -> 1054438 | BN16: =IF(BS16="Original",AF16,AW16) -> 1054438 | BO16: =IF(BS16="Original",AG16,AX16) -> Safety | BP16: =IF(BS16="Original",AH16,AY16) -> 36 yd (108') L X 3" W 6 mil Yellow General Purpose Aisle Marking Tape Blank | BQ16: =IF(BS16="Original",AI16,AZ16) -> Similar Match | BR16: =IF(BS16="Original",AJ16,BA16) -> No | BS16: =IF(AQ16="","Original",IF(AP16<Y16,"Alternate","Original")) -> Alternate
A17: VRC_Cascadia Multiple Suppliers | B17: 15 | F17: McMaster-Carr | G17: COM-0403 | H17: 91755A205 RETAINER | N17: EA | O17: 1 | P17: 71.14 | Q17: 6 | R17: =P17/O17 -> 71.14 | S17: =Q17*O17 -> 6 | T17: =S17*R17 -> 426.84 | AI17: Not Enough Product Data | BQ17: =IF(BS17="Original",AI17,AZ17) -> Not Enough Product Data | BS17: =IF(AQ17="","Original",IF(AP17<Y17,"Alternate","Original")) -> Original
A18: VRC_Cascadia Multiple Suppliers | B18: 16 | F18: MSC | G18: MSC # 37997988 | H18: 0-1" range, 0.0005" Graduation, electonic Drop Indicator | N18: EA | O18: 1 | P18: 407.74 | Q18: 1 | R18: =P18/O18 -> 407.74 | S18: =Q18*O18 -> 1 | T18: =S18*R18 -> 407.74 | AI18: Non-Supported Product | BQ18: =IF(BS18="Original",AI18,AZ18) -> Non-Supported Product | BS18: =IF(AQ18="","Original",IF(AP18<Y18,"Alternate","Original")) -> Original
A19: VRC_Cascadia Multiple Suppliers | B19: 17 | F19: McMaster-Carr | G19: 50215A3 | H19: Auto-Adjusting Heavy Duty Hold-Down Toggle Clamps | N19: EA | O19: 1 | P19: 400.51 | Q19: 1 | R19: =P19/O19 -> 400.51 | S19: =Q19*O19 -> 1 | T19: =S19*R19 -> 400.51 | U19: =IFERROR(T19-X19,0) -> 270.6943 | V19: =IFERROR(U19/T19,0) -> 0.67587401 | W19: =IF($V19<0,"Negative",IF($V19=0,"Same",IF($V19>0.3,"30+%",IF($V19>0.2,"20-30%",IF($V19>0.1,"10-20%",IF($V19<=0.1,"0-10%")))))) -> 30+% | X19: =IFERROR(Y19*S19,0) -> 129.8157 | Y19: =IFERROR(Z19/AB19,0) -> 129.8157 | Z19: 129.8157 | AA19: Piece | AB19: 1 | AC19: Possible UOM or LPP issue. | AD19: DESTACO | AE19: 7-101 | AF19: 03054785 | AG19: Cutting Tools and Metalworking | AH19: 7-101 Cam-Action Clamp | AI19: Similar Match | AJ19: No | BC19: =T19-BF19 -> 270.6943 | BD19: =BC19/T19 -> 0.67587401 | BE19: =IF(BD19<0,"Negative",IF(BD19=0,"Same",IF(BD19>0.3,"30+%",IF(BD19>0.2,"20-30%",IF(BD19>0.1,"10-20%",IF(BD19<=0.1,"0-10%")))))) -> 30+% | BF19: =BG19*S19 -> 129.8157 | BG19: =BH19/BJ19 -> 129.8157 | BH19: =IF(BS19="Original",Z19,AQ19) -> 129.8157 | BI19: =IF(BS19="Original",AA19,AR19) -> Piece | BJ19: =IF(BS19="Original",AB19,AS19) -> 1 | BK19: =IF(BS19="Original",AC19,AT19) -> Possible UOM or LPP issue. | BL19: =IF(BS19="Original",AD19,AU19) -> DESTACO | BM19: =IF(BS19="Original",AE19,AV19) -> 7-101 | BN19: =IF(BS19="Original",AF19,AW19) -> 03054785 | BO19: =IF(BS19="Original",AG19,AX19) -> Cutting Tools and Metalworking | BP19: =IF(BS19="Original",AH19,AY19) -> 7-101 Cam-Action Clamp | BQ19: =IF(BS19="Original",AI19,AZ19) -> Similar Match | BR19: =IF(BS19="Original",AJ19,BA19) -> No | BS19: =IF(AQ19="","Original",IF(AP19<Y19,"Alternate","Original")) -> Original
A20: VRC_Cascadia Multiple Suppliers | B20: 18 | F20: McMaster-Carr | G20: 8975k224 | H20: 5/8 by6 by 6 foot aluminum pry bars | N20: EA | O20: 1 | P20: 395.74 | Q20: 1 | R20: =P20/O20 -> 395.74 | S20: =Q20*O20 -> 1 | T20: =S20*R20 -> 395.74 | AI20: Non-Supported Product | BQ20: =IF(BS20="Original",AI20,AZ20) -> Non-Supported Product | BS20: =IF(AQ20="","Original",IF(AP20<Y20,"Alternate","Original")) -> Original
A21: VRC_Cascadia Multiple Suppliers | B21: 19 | F21: MSC | G21: 75638437 | H21: Mitutoyo 1/4" range 0-50-0 dial reading 0.001" Graduation Dial Drop Indicator | N21: EA | O21: 1 | P21: 391.73 | Q21: 1 | R21: =P21/O21 -> 391.73 | S21: =Q21*O21 -> 1 | T21: =S21*R21 -> 391.73 | U21: =IFERROR(T21-X21,0) -> 279.5112 | V21: =IFERROR(U21/T21,0) -> 0.71353024 | W21: =IF($V21<0,"Negative",IF($V21=0,"Same",IF($V21>0.3,"30+%",IF($V21>0.2,"20-30%",IF($V21>0.1,"10-20%",IF($V21<=0.1,"0-10%")))))) -> 30+% | X21: =IFERROR(Y21*S21,0) -> 112.2188 | Y21: =IFERROR(Z21/AB21,0) -> 112.2188 | Z21: 112.2188 | AA21: Piece | AB21: 1 | AC21: Possible UOM or LPP issue. | AD21: MITUTOYO AMERICA CORPORATION | AE21: 1411S | AF21: 99029064 | AG21: Test and Measurement | AH21: 1411S DIAL INDICATOR, .001-.25" | AI21: Exact Match | AJ21: No | BC21: =T21-BF21 -> 279.5112 | BD21: =BC21/T21 -> 0.71353024 | BE21: =IF(BD21<0,"Negative",IF(BD21=0,"Same",IF(BD21>0.3,"30+%",IF(BD21>0.2,"20-30%",IF(BD21>0.1,"10-20%",IF(BD21<=0.1,"0-10%")))))) -> 30+% | BF21: =BG21*S21 -> 112.2188 | BG21: =BH21/BJ21 -> 112.2188 | BH21: =IF(BS21="Original",Z21,AQ21) -> 112.2188 | BI21: =IF(BS21="Original",AA21,AR21) -> Piece | BJ21: =IF(BS21="Original",AB21,AS21) -> 1 | BK21: =IF(BS21="Original",AC21,AT21) -> Possible UOM or LPP issue. | BL21: =IF(BS21="Original",AD21,AU21) -> MITUTOYO AMERICA CORPORATION | BM21: =IF(BS21="Original",AE21,AV21) -> 1411S | BN21: =IF(BS21="Original",AF21,AW21) -> 99029064 | BO21: =IF(BS21="Original",AG21,AX21) -> Test and Measurement | BP21: =IF(BS21="Original",AH21,AY21) -> 1411S DIAL INDICATOR, .001-.25" | BQ21: =IF(BS21="Original",AI21,AZ21) -> Exact Match | BR21: =IF(BS21="Original",AJ21,BA21) -> No | BS21: =IF(AQ21="","Original",IF(AP21<Y21,"Alternate","Original")) -> Original
A22: VRC_Cascadia Multiple Suppliers | B22: 20 | F22: McMaster-Carr | G22: 2547k43 | H22: 1/2 by 39 by 39 garolite welder table | N22: EA | O22: 1 | P22: 382.16 | Q22: 1 | R22: =P22/O22 -> 382.16 | S22: =Q22*O22 -> 1 | T22: =S22*R22 -> 382.16 | AI22: Non-Supported Product | BQ22: =IF(BS22="Original",AI22,AZ22) -> Non-Supported Product | BS22: =IF(AQ22="","Original",IF(AP22<Y22,"Alternate","Original")) -> Original
A23: VRC_Cascadia Multiple Suppliers | B23: 21 | F23: MSC | G23: 84540673 | H23: tool wrap | N23: EA | O23: 1 | P23: 374.42 | Q23: 1 | R23: =P23/O23 -> 374.42 | S23: =Q23*O23 -> 1 | T23: =S23*R23 -> 374.42 | U23: =IFERROR(T23-X23,0) -> 225.2615 | V23: =IFERROR(U23/T23,0) -> 0.60162785 | W23: =IF($V23<0,"Negative",IF($V23=0,"Same",IF($V23>0.3,"30+%",IF($V23>0.2,"20-30%",IF($V23>0.1,"10-20%",IF($V23<=0.1,"0-10%")))))) -> 30+% | X23: =IFERROR(Y23*S23,0) -> 149.1585 | Y23: =IFERROR(Z23/AB23,0) -> 149.1585 | Z23: 149.1585 | AA23: Piece | AB23: 1 | AC23: Possible UOM or LPP issue. | AD23: PRECISION BRAND PRODUCTS, INC. | AE23: 20310 | AF23: 7041389 | AG23: Raw Materials | AH23: 12" x 50' x .002" Type 321 Stainless Steel Tool Wrap/Foil | AI23: Exact Match | AJ23: No | AL23: =IF(AQ23="","",T23-AO23) -> 261.965 | AM23: =IFERROR(AL23/T23,"") -> 0.69965547 | AN23: =IF(AM23="","",IF(AM23<0,"Negative",IF(AM23=0,"Same",IF(AM23>0.3,"30+%",IF(AM23>0.2,"20-30%",IF(AM23>0.1,"10-20%",IF(AM23<=0.1,"0-10%"))))))) -> 30+% | AO23: =IFERROR(AP23*S23,"") -> 112.455 | AP23: =IFERROR(AQ23/AS23,"") -> 112.455 | AQ23: 449.82 | AR23: Pack | AS23: 4 | AT23: Possible UOM or LPP issue. | AU23: Fastenal Approved Vendor | AV23: 0993323 | AW23: 0993323 | AX23: Raw Materials | AY23: 12" x .002" x 50' 321 Stainless Steel Foil | AZ23: Similar Match | BA23: No | BC23: =T23-BF23 -> 261.965 | BD23: =BC23/T23 -> 0.69965547 | BE23: =IF(BD23<0,"Negative",IF(BD23=0,"Same",IF(BD23>0.3,"30+%",IF(BD23>0.2,"20-30%",IF(BD23>0.1,"10-20%",IF(BD23<=0.1,"0-10%")))))) -> 30+% | BF23: =BG23*S23 -> 112.455 | BG23: =BH23/BJ23 -> 112.455 | BH23: =IF(BS23="Original",Z23,AQ23) -> 449.82 | BI23: =IF(BS23="Original",AA23,AR23) -> Pack | BJ23: =IF(BS23="Original",AB23,AS23) -> 4 | BK23: =IF(BS23="Original",AC23,AT23) -> Possible UOM or LPP issue. | BL23: =IF(BS23="Original",AD23,AU23) -> Fastenal Approved Vendor | BM23: =IF(BS23="Original",AE23,AV23) -> 0993323 | BN23: =IF(BS23="Original",AF23,AW23) -> 0993323 | BO23: =IF(BS23="Original",AG23,AX23) -> Raw Materials | BP23: =IF(BS23="Original",AH23,AY23) -> 12" x .002" x 50' 321 Stainless Steel Foil | BQ23: =IF(BS23="Original",AI23,AZ23) -> Similar Match | BR23: =IF(BS23="Original",AJ23,BA23) -> No | BS23: =IF(AQ23="","Original",IF(AP23<Y23,"Alternate","Original")) -> Alternate
A24: VRC_Cascadia Multiple Suppliers | B24: 22 | F24: Grainger | G24: 11C909 | H24: pistol grip air impact | N24: EA | O24: 1 | P24: 365.59 | Q24: 1 | R24: =P24/O24 -> 365.59 | S24: =Q24*O24 -> 1 | T24: =S24*R24 -> 365.59 | U24: =IFERROR(T24-X24,0) -> -20.4862 | V24: =IFERROR(U24/T24,0) -> -0.056035997 | W24: =IF($V24<0,"Negative",IF($V24=0,"Same",IF($V24>0.3,"30+%",IF($V24>0.2,"20-30%",IF($V24>0.1,"10-20%",IF($V24<=0.1,"0-10%")))))) -> Negative | X24: =IFERROR(Y24*S24,0) -> 386.0762 | Y24: =IFERROR(Z24/AB24,0) -> 386.0762 | Z24: 386.0762 | AA24: Piece | AB24: 1 | AD24: CHICAGO PNEUMATIC TOOL COMPANY | AE24: T025214 | AF24: 2183431 | AG24: Tools and Equipment | AH24: 1/2" 6400rpm Square Heavy Duty Air Impact Wrench 96 dBA Pistol Grip | AI24: Exact Match | AJ24: No | BC24: =T24-BF24 -> -20.4862 | BD24: =BC24/T24 -> -0.056035997 | BE24: =IF(BD24<0,"Negative",IF(BD24=0,"Same",IF(BD24>0.3,"30+%",IF(BD24>0.2,"20-30%",IF(BD24>0.1,"10-20%",IF(BD24<=0.1,"0-10%")))))) -> Negative | BF24: =BG24*S24 -> 386.0762 | BG24: =BH24/BJ24 -> 386.0762 | BH24: =IF(BS24="Original",Z24,AQ24) -> 386.0762 | BI24: =IF(BS24="Original",AA24,AR24) -> Piece | BJ24: =IF(BS24="Original",AB24,AS24) -> 1 | BL24: =IF(BS24="Original",AD24,AU24) -> CHICAGO PNEUMATIC TOOL COMPANY | BM24: =IF(BS24="Original",AE24,AV24) -> T025214 | BN24: =IF(BS24="Original",AF24,AW24) -> 2183431 | BO24: =IF(BS24="Original",AG24,AX24) -> Tools and Equipment | BP24: =IF(BS24="Original",AH24,AY24) -> 1/2" 6400rpm Square Heavy Duty Air Impact Wrench 96 dBA Pistol Grip | BQ24: =IF(BS24="Original",AI24,AZ24) -> Exact Match | BR24: =IF(BS24="Original",AJ24,BA24) -> No | BS24: =IF(AQ24="","Original",IF(AP24<Y24,"Alternate","Original")) -> Original
A25: VRC_Cascadia Multiple Suppliers | B25: 23 | F25: Grainger | G25: 46Z647 | H25: 24VDC Air Valve | N25: EA | O25: 1 | P25: 354.47 | Q25: 1 | R25: =P25/O25 -> 354.47 | S25: =Q25*O25 -> 1 | T25: =S25*R25 -> 354.47 | U25: =IFERROR(T25-X25,0) -> 143.0399 | V25: =IFERROR(U25/T25,0) -> 0.40353175 | W25: =IF($V25<0,"Negative",IF($V25=0,"Same",IF($V25>0.3,"30+%",IF($V25>0.2,"20-30%",IF($V25>0.1,"10-20%",IF($V25<=0.1,"0-10%")))))) -> 30+% | X25: =IFERROR(Y25*S25,0) -> 211.4301 | Y25: =IFERROR(Z25/AB25,0) -> 211.4301 | Z25: 211.4301 | AA25: Piece | AB25: 1 | AD25: Dynaquip | AE25: 145855.03 | AF25: BSS | AG25: Pneumatics | AH25: Air Vaulve | AI25: Exact Match | AJ25: No | BC25: =T25-BF25 -> 143.0399 | BD25: =BC25/T25 -> 0.40353175 | BE25: =IF(BD25<0,"Negative",IF(BD25=0,"Same",IF(BD25>0.3,"30+%",IF(BD25>0.2,"20-30%",IF(BD25>0.1,"10-20%",IF(BD25<=0.1,"0-10%")))))) -> 30+% | BF25: =BG25*S25 -> 211.4301 | BG25: =BH25/BJ25 -> 211.4301 | BH25: =IF(BS25="Original",Z25,AQ25) -> 211.4301 | BI25: =IF(BS25="Original",AA25,AR25) -> Piece | BJ25: =IF(BS25="Original",AB25,AS25) -> 1 | BL25: =IF(BS25="Original",AD25,AU25) -> Dynaquip | BM25: =IF(BS25="Original",AE25,AV25) -> 145855.03 | BN25: =IF(BS25="Original",AF25,AW25) -> BSS | BO25: =IF(BS25="Original",AG25,AX25) -> Pneumatics | BP25: =IF(BS25="Original",AH25,AY25) -> Air Vaulve | BQ25: =IF(BS25="Original",AI25,AZ25) -> Exact Match | BR25: =IF(BS25="Original",AJ25,BA25) -> No | BS25: =IF(AQ25="","Original",IF(AP25<Y25,"Alternate","Original")) -> Original
A26: VRC_Cascadia Multiple Suppliers | B26: 24 | F26: MSC | G26: 09413121 | H26: kool mister | N26: EA | O26: 1 | P26: 160.63 | Q26: 2 | R26: =P26/O26 -> 160.63 | S26: =Q26*O26 -> 2 | T26: =S26*R26 -> 321.26 | U26: =IFERROR(T26-X26,0) -> 93.704 | V26: =IFERROR(U26/T26,0) -> 0.29167652 | W26: =IF($V26<0,"Negative",IF($V26=0,"Same",IF($V26>0.3,"30+%",IF($V26>0.2,"20-30%",IF($V26>0.1,"10-20%",IF($V26<=0.1,"0-10%")))))) -> 20-30% | X26: =IFERROR(Y26*S26,0) -> 227.556 | Y26: =IFERROR(Z26/AB26,0) -> 113.778 | Z26: 113.778 | AA26: Piece | AB26: 1 | AD26: Lennox | AE26: 60M12 | AF26: 922890735 | AG26: Safety | AH26: 60M12 24v Coil 3P 25AMP W/AUX CONT | AI26: Exact Match | AJ26: No | BC26: =T26-BF26 -> 93.704 | BD26: =BC26/T26 -> 0.29167652 | BE26: =IF(BD26<0,"Negative",IF(BD26=0,"Same",IF(BD26>0.3,"30+%",IF(BD26>0.2,"20-30%",IF(BD26>0.1,"10-20%",IF(BD26<=0.1,"0-10%")))))) -> 20-30% | BF26: =BG26*S26 -> 227.556 | BG26: =BH26/BJ26 -> 113.778 | BH26: =IF(BS26="Original",Z26,AQ26) -> 113.778 | BI26: =IF(BS26="Original",AA26,AR26) -> Piece | BJ26: =IF(BS26="Original",AB26,AS26) -> 1 | BL26: =IF(BS26="Original",AD26,AU26) -> Lennox | BM26: =IF(BS26="Original",AE26,AV26) -> 60M12 | BN26: =IF(BS26="Original",AF26,AW26) -> 922890735 | BO26: =IF(BS26="Original",AG26,AX26) -> Safety | BP26: =IF(BS26="Original",AH26,AY26) -> 60M12 24v Coil 3P 25AMP W/AUX CONT | BQ26: =IF(BS26="Original",AI26,AZ26) -> Exact Match | BR26: =IF(BS26="Original",AJ26,BA26) -> No | BS26: =IF(AQ26="","Original",IF(AP26<Y26,"Alternate","Original")) -> Original
A27: VRC_Cascadia Multiple Suppliers | B27: 25 | F27: Grainger | G27: 4YTG5 | H27: 3 Way/2 Position, 24VDC Air Valve | N27: EA | O27: 1 | P27: 318.65 | Q27: 1 | R27: =P27/O27 -> 318.65 | S27: =Q27*O27 -> 1 | T27: =S27*R27 -> 318.65 | U27: =IFERROR(T27-X27,0) -> 221.8579 | V27: =IFERROR(U27/T27,0) -> 0.69624321 | W27: =IF($V27<0,"Negative",IF($V27=0,"Same",IF($V27>0.3,"30+%",IF($V27>0.2,"20-30%",IF($V27>0.1,"10-20%",IF($V27<=0.1,"0-10%")))))) -> 30+% | X27: =IFERROR(Y27*S27,0) -> 96.7921 | Y27: =IFERROR(Z27/AB27,0) -> 96.7921 | Z27: 96.7921 | AA27: Piece | AB27: 1 | AC27: Possible UOM or LPP issue. | AD27: Ingersoll Rand[REG] | AE27: M253SS-024-D | AF27: 921107524 | AG27: Pneumatics | AH27: ARO Solenoid Air Control Valve 3-Way/2-Position Voltage 24Vdc Valve Actuator/Return Solenoid/Spring Pipe Size 3/8" Max. Cfm Valves 61.00 Pressure Range 45 To 115 Psi Temp Range 15 - 122 Degrees | AI27: Exact Match | AJ27: No | BC27: =T27-BF27 -> 221.8579 | BD27: =BC27/T27 -> 0.69624321 | BE27: =IF(BD27<0,"Negative",IF(BD27=0,"Same",IF(BD27>0.3,"30+%",IF(BD27>0.2,"20-30%",IF(BD27>0.1,"10-20%",IF(BD27<=0.1,"0-10%")))))) -> 30+% | BF27: =BG27*S27 -> 96.7921 | BG27: =BH27/BJ27 -> 96.7921 | BH27: =IF(BS27="Original",Z27,AQ27) -> 96.7921 | BI27: =IF(BS27="Original",AA27,AR27) -> Piece | BJ27: =IF(BS27="Original",AB27,AS27) -> 1 | BK27: =IF(BS27="Original",AC27,AT27) -> Possible UOM or LPP issue. | BL27: =IF(BS27="Original",AD27,AU27) -> Ingersoll Rand[REG] | BM27: =IF(BS27="Original",AE27,AV27) -> M253SS-024-D | BN27: =IF(BS27="Original",AF27,AW27) -> 921107524 | BO27: =IF(BS27="Original",AG27,AX27) -> Pneumatics | BP27: =IF(BS27="Original",AH27,AY27) -> ARO Solenoid Air Control Valve 3-Way/2-Position Voltage 24Vdc Valve Actuator/Return Solenoid/Spring Pipe Size 3/8" Max. Cfm Valves 61.00 Pressure Range 45 To 115 Psi Temp Range 15 - 122 Degrees | BQ27: =IF(BS27="Original",AI27,AZ27) -> Exact Match | BR27: =IF(BS27="Original",AJ27,BA27) -> No | BS27: =IF(AQ27="","Original",IF(AP27<Y27,"Alternate","Original")) -> Original
A28: VRC_Cascadia Multiple Suppliers | B28: 26 | F28: McMaster-Carr | G28: 9246k564 | H28: 3/4 alu by 6 by 48 inches shop | N28: EA | O28: 1 | P28: 157.13 | Q28: 2 | R28: =P28/O28 -> 157.13 | S28: =Q28*O28 -> 2 | T28: =S28*R28 -> 314.26 | U28: =IFERROR(T28-X28,0) -> -121.2296 | V28: =IFERROR(U28/T28,0) -> -0.38576211 | W28: =IF($V28<0,"Negative",IF($V28=0,"Same",IF($V28>0.3,"30+%",IF($V28>0.2,"20-30%",IF($V28>0.1,"10-20%",IF($V28<=0.1,"0-10%")))))) -> Negative | X28: =IFERROR(Y28*S28,0) -> 435.4896 | Y28: =IFERROR(Z28/AB28,0) -> 217.7448 | Z28: 217.7448 | AA28: Piece | AB28: 1 | AD28: Fastenal Approved Vendor | AE28: 1184_144_0 | AF28: 0964089 | AG28: Raw Materials | AH28: 3/4" Thick x 6" Width x 12' Long ASTM B221 6061 Aluminum Flat Bar | AI28: Exact Match | AJ28: No | BC28: =T28-BF28 -> -121.2296 | BD28: =BC28/T28 -> -0.38576211 | BE28: =IF(BD28<0,"Negative",IF(BD28=0,"Same",IF(BD28>0.3,"30+%",IF(BD28>0.2,"20-30%",IF(BD28>0.1,"10-20%",IF(BD28<=0.1,"0-10%")))))) -> Negative | BF28: =BG28*S28 -> 435.4896 | BG28: =BH28/BJ28 -> 217.7448 | BH28: =IF(BS28="Original",Z28,AQ28) -> 217.7448 | BI28: =IF(BS28="Original",AA28,AR28) -> Piece | BJ28: =IF(BS28="Original",AB28,AS28) -> 1 | BL28: =IF(BS28="Original",AD28,AU28) -> Fastenal Approved Vendor | BM28: =IF(BS28="Original",AE28,AV28) -> 1184_144_0 | BN28: =IF(BS28="Original",AF28,AW28) -> 0964089 | BO28: =IF(BS28="Original",AG28,AX28) -> Raw Materials | BP28: =IF(BS28="Original",AH28,AY28) -> 3/4" Thick x 6" Width x 12' Long ASTM B221 6061 Aluminum Flat Bar | BQ28: =IF(BS28="Original",AI28,AZ28) -> Exact Match | BR28: =IF(BS28="Original",AJ28,BA28) -> No | BS28: =IF(AQ28="","Original",IF(AP28<Y28,"Alternate","Original")) -> Original
A29: VRC_Cascadia Multiple Suppliers | B29: 27 | F29: Grainger | G29: 31AX37 | H29: Indoor convex mirror | N29: EA | O29: 1 | P29: 308.28 | Q29: 1 | R29: =P29/O29 -> 308.28 | S29: =Q29*O29 -> 1 | T29: =S29*R29 -> 308.28 | AI29: Non-Supported Product | BQ29: =IF(BS29="Original",AI29,AZ29) -> Non-Supported Product | BS29: =IF(AQ29="","Original",IF(AP29<Y29,"Alternate","Original")) -> Original
A30: VRC_Cascadia Multiple Suppliers | B30: 28 | F30: Grainger | G30: COM-0440 | H30: BRT DK2214 LABEL FOR VIEWER | N30: EA | O30: 1 | P30: 153.15 | Q30: 2 | R30: =P30/O30 -> 153.15 | S30: =Q30*O30 -> 2 | T30: =S30*R30 -> 306.3 | AI30: Not Enough Product Data | BQ30: =IF(BS30="Original",AI30,AZ30) -> Not Enough Product Data | BS30: =IF(AQ30="","Original",IF(AP30<Y30,"Alternate","Original")) -> Original
A31: VRC_Cascadia Multiple Suppliers | B31: 29 | F31: McMaster-Carr | G31: 88915k21 | H31: ss rod | N31: EA | O31: 1 | P31: 279.88 | Q31: 1 | R31: =P31/O31 -> 279.88 | S31: =Q31*O31 -> 1 | T31: =S31*R31 -> 279.88 | U31: =IFERROR(T31-X31,0) -> 263.9305 | V31: =IFERROR(U31/T31,0) -> 0.94301308 | W31: =IF($V31<0,"Negative",IF($V31=0,"Same",IF($V31>0.3,"30+%",IF($V31>0.2,"20-30%",IF($V31>0.1,"10-20%",IF($V31<=0.1,"0-10%")))))) -> 30+% | X31: =IFERROR(Y31*S31,0) -> 15.9495 | Y31: =IFERROR(Z31/AB31,0) -> 15.9495 | Z31: 15.9495 | AA31: Piece | AB31: 1 | AC31: Possible UOM or LPP issue. | AD31: Fastenal Approved Vendor | AE31: 2014_72_0 | AF31: 0964653 | AG31: Raw Materials | AH31: 3/8" Dia x 6' Long ASTM A582 303 Stainless Steel Round Stock | AI31: Similar Match | AJ31: No | BC31: =T31-BF31 -> 263.9305 | BD31: =BC31/T31 -> 0.94301308 | BE31: =IF(BD31<0,"Negative",IF(BD31=0,"Same",IF(BD31>0.3,"30+%",IF(BD31>0.2,"20-30%",IF(BD31>0.1,"10-20%",IF(BD31<=0.1,"0-10%")))))) -> 30+% | BF31: =BG31*S31 -> 15.9495 | BG31: =BH31/BJ31 -> 15.9495 | BH31: =IF(BS31="Original",Z31,AQ31) -> 15.9495 | BI31: =IF(BS31="Original",AA31,AR31) -> Piece | BJ31: =IF(BS31="Original",AB31,AS31) -> 1 | BK31: =IF(BS31="Original",AC31,AT31) -> Possible UOM or LPP issue. | BL31: =IF(BS31="Original",AD31,AU31) -> Fastenal Approved Vendor | BM31: =IF(BS31="Original",AE31,AV31) -> 2014_72_0 | BN31: =IF(BS31="Original",AF31,AW31) -> 0964653 | BO31: =IF(BS31="Original",AG31,AX31) -> Raw Materials | BP31: =IF(BS31="Original",AH31,AY31) -> 3/8" Dia x 6' Long ASTM A582 303 Stainless Steel Round Stock | BQ31: =IF(BS31="Original",AI31,AZ31) -> Similar Match | BR31: =IF(BS31="Original",AJ31,BA31) -> No | BS31: =IF(AQ31="","Original",IF(AP31<Y31,"Alternate","Original")) -> Original
A32: VRC_Cascadia Multiple Suppliers | B32: 30 | F32: McMaster-Carr | G32: 2547k52 | H32: 3/4 by 18 by 39 Garolite | N32: EA | O32: 1 | P32: 277.87 | Q32: 1 | R32: =P32/O32 -> 277.87 | S32: =Q32*O32 -> 1 | T32: =S32*R32 -> 277.87 | AI32: Non-Supported Product | BQ32: =IF(BS32="Original",AI32,AZ32) -> Non-Supported Product | BS32: =IF(AQ32="","Original",IF(AP32<Y32,"Alternate","Original")) -> Original
A33: VRC_Cascadia Multiple Suppliers | B33: 31 | F33: McMaster-Carr | G33: 8975k446 | H33: alu plate by 3 feet | N33: EA | O33: 1 | P33: 138.72 | Q33: 2 | R33: =P33/O33 -> 138.72 | S33: =Q33*O33 -> 2 | T33: =S33*R33 -> 277.44 | AI33: Non-Supported Product | BQ33: =IF(BS33="Original",AI33,AZ33) -> Non-Supported Product | BS33: =IF(AQ33="","Original",IF(AP33<Y33,"Alternate","Original")) -> Original
A34: VRC_Cascadia Multiple Suppliers | B34: 32 | F34: Grainger | G34: 1ETT9 | H34: Polycarbonate sheet stock, 48"x96" | N34: EA | O34: 1 | P34: 276.22 | Q34: 1 | R34: =P34/O34 -> 276.22 | S34: =Q34*O34 -> 1 | T34: =S34*R34 -> 276.22 | U34: =IFERROR(T34-X34,0) -> 42.1628 | V34: =IFERROR(U34/T34,0) -> 0.1526421 | W34: =IF($V34<0,"Negative",IF($V34=0,"Same",IF($V34>0.3,"30+%",IF($V34>0.2,"20-30%",IF($V34>0.1,"10-20%",IF($V34<=0.1,"0-10%")))))) -> 10-20% | X34: =IFERROR(Y34*S34,0) -> 234.0572 | Y34: =IFERROR(Z34/AB34,0) -> 234.0572 | Z34: 234.0572 | AA34: Piece | AB34: 1 | AD34: Fastenal Approved Vendor | AE34: 11328101 | AF34: 0954800 | AG34: Raw Materials | AH34: 0.236" x 48" x 96" Clear Polycarbonate Sheet | AI34: Exact Match | AJ34: Yes | BC34: =T34-BF34 -> 42.1628 | BD34: =BC34/T34 -> 0.1526421 | BE34: =IF(BD34<0,"Negative",IF(BD34=0,"Same",IF(BD34>0.3,"30+%",IF(BD34>0.2,"20-30%",IF(BD34>0.1,"10-20%",IF(BD34<=0.1,"0-10%")))))) -> 10-20% | BF34: =BG34*S34 -> 234.0572 | BG34: =BH34/BJ34 -> 234.0572 | BH34: =IF(BS34="Original",Z34,AQ34) -> 234.0572 | BI34: =IF(BS34="Original",AA34,AR34) -> Piece | BJ34: =IF(BS34="Original",AB34,AS34) -> 1 | BL34: =IF(BS34="Original",AD34,AU34) -> Fastenal Approved Vendor | BM34: =IF(BS34="Original",AE34,AV34) -> 11328101 | BN34: =IF(BS34="Original",AF34,AW34) -> 0954800 | BO34: =IF(BS34="Original",AG34,AX34) -> Raw Materials | BP34: =IF(BS34="Original",AH34,AY34) -> 0.236" x 48" x 96" Clear Polycarbonate Sheet | BQ34: =IF(BS34="Original",AI34,AZ34) -> Exact Match | BR34: =IF(BS34="Original",AJ34,BA34) -> Yes | BS34: =IF(AQ34="","Original",IF(AP34<Y34,"Alternate","Original")) -> Original
A35: VRC_Cascadia Multiple Suppliers | B35: 33 | F35: McMaster-Carr | G35: 8975k244 | H35: 1 by 6 inches by 3 feet alu F6815 | N35: EA | O35: 1 | P35: 133.45 | Q35: 2 | R35: =P35/O35 -> 133.45 | S35: =Q35*O35 -> 2 | T35: =S35*R35 -> 266.9 | AI35: Potential Sourcing | BQ35: =IF(BS35="Original",AI35,AZ35) -> Potential Sourcing | BS35: =IF(AQ35="","Original",IF(AP35<Y35,"Alternate","Original")) -> Original
A36: VRC_Cascadia Multiple Suppliers | B36: 34 | F36: Grainger | G36: ADH-0039 | H36: EPX Plus II Mixing Nozzle | N36: EA | O36: 1 | P36: 131.69 | Q36: 2 | R36: =P36/O36 -> 131.69 | S36: =Q36*O36 -> 2 | T36: =S36*R36 -> 263.38 | U36: =IFERROR(T36-X36,0) -> 256.3682 | V36: =IFERROR(U36/T36,0) -> 0.97337763 | W36: =IF($V36<0,"Negative",IF($V36=0,"Same",IF($V36>0.3,"30+%",IF($V36>0.2,"20-30%",IF($V36>0.1,"10-20%",IF($V36<=0.1,"0-10%")))))) -> 30+% | X36: =IFERROR(Y36*S36,0) -> 7.0118 | Y36: =IFERROR(Z36/AB36,0) -> 3.5059 | Z36: 3.5059 | AA36: Piece | AB36: 1 | AC36: Possible UOM or LPP issue. | AD36: 3M PRODUCTS | AE36: 00076308864347 | AF36: 0626172 | AG36: Adhesives, Sealants, and Tape | AH36: 48.5mL & 50mL EPX Mixing Nozzle | AI36: Similar Match | AJ36: Yes | BC36: =T36-BF36 -> 256.3682 | BD36: =BC36/T36 -> 0.97337763 | BE36: =IF(BD36<0,"Negative",IF(BD36=0,"Same",IF(BD36>0.3,"30+%",IF(BD36>0.2,"20-30%",IF(BD36>0.1,"10-20%",IF(BD36<=0.1,"0-10%")))))) -> 30+% | BF36: =BG36*S36 -> 7.0118 | BG36: =BH36/BJ36 -> 3.5059 | BH36: =IF(BS36="Original",Z36,AQ36) -> 3.5059 | BI36: =IF(BS36="Original",AA36,AR36) -> Piece | BJ36: =IF(BS36="Original",AB36,AS36) -> 1 | BK36: =IF(BS36="Original",AC36,AT36) -> Possible UOM or LPP issue. | BL36: =IF(BS36="Original",AD36,AU36) -> 3M PRODUCTS | BM36: =IF(BS36="Original",AE36,AV36) -> 00076308864347 | BN36: =IF(BS36="Original",AF36,AW36) -> 0626172 | BO36: =IF(BS36="Original",AG36,AX36) -> Adhesives, Sealants, and Tape | BP36: =IF(BS36="Original",AH36,AY36) -> 48.5mL & 50mL EPX Mixing Nozzle | BQ36: =IF(BS36="Original",AI36,AZ36) -> Similar Match | BR36: =IF(BS36="Original",AJ36,BA36) -> Yes | BS36: =IF(AQ36="","Original",IF(AP36<Y36,"Alternate","Original")) -> Original
A37: VRC_Cascadia Multiple Suppliers | B37: 35 | F37: Grainger | G37: 11Z095 | H37: Floor Marking Tape, Pattern Solid, White, Width 2 in, Roll Length 100 ft | N37: EA | O37: 1 | P37: 64.38 | Q37: 4 | R37: =P37/O37 -> 64.38 | S37: =Q37*O37 -> 4 | T37: =S37*R37 -> 257.52 | U37: =IFERROR(T37-X37,0) -> 92.8436 | V37: =IFERROR(U37/T37,0) -> 0.36052967 | W37: =IF($V37<0,"Negative",IF($V37=0,"Same",IF($V37>0.3,"30+%",IF($V37>0.2,"20-30%",IF($V37>0.1,"10-20%",IF($V37<=0.1,"0-10%")))))) -> 30+% | X37: =IFERROR(Y37*S37,0) -> 164.6764 | Y37: =IFERROR(Z37/AB37,0) -> 41.1691 | Z37: 41.1691 | AA37: Roll | AB37: 1 | AD37: Toughstripe[TM] | AE37: 104311 | AF37: 1031839 | AG37: Safety | AH37: 33 yd (100') L X 2" W 8 mil White General Purpose Floor Marking Tape Blank | AI37: Exact Match | AJ37: No | AL37: =IF(AQ37="","",T37-AO37) -> 228.738 | AM37: =IFERROR(AL37/T37,"") -> 0.88823392 | AN37: =IF(AM37="","",IF(AM37<0,"Negative",IF(AM37=0,"Same",IF(AM37>0.3,"30+%",IF(AM37>0.2,"20-30%",IF(AM37>0.1,"10-20%",IF(AM37<=0.1,"0-10%"))))))) -> 30+% | AO37: =IFERROR(AP37*S37,"") -> 28.782 | AP37: =IFERROR(AQ37/AS37,"") -> 7.1955 | AQ37: 7.1955 | AR37: Roll | AS37: 1 | AT37: Possible UOM or LPP issue. | AU37: Agent[REG] | AV37: 1014655 | AW37: 1014655 | AX37: Safety | AY37: 36 yd (108') L X 2" W 6 mil White General Purpose Aisle Marking Tape Blank | AZ37: Similar Match | BA37: Yes | BC37: =T37-BF37 -> 228.738 | BD37: =BC37/T37 -> 0.88823392 | BE37: =IF(BD37<0,"Negative",IF(BD37=0,"Same",IF(BD37>0.3,"30+%",IF(BD37>0.2,"20-30%",IF(BD37>0.1,"10-20%",IF(BD37<=0.1,"0-10%")))))) -> 30+% | BF37: =BG37*S37 -> 28.782 | BG37: =BH37/BJ37 -> 7.1955 | BH37: =IF(BS37="Original",Z37,AQ37) -> 7.1955 | BI37: =IF(BS37="Original",AA37,AR37) -> Roll | BJ37: =IF(BS37="Original",AB37,AS37) -> 1 | BK37: =IF(BS37="Original",AC37,AT37) -> Possible UOM or LPP issue. | BL37: =IF(BS37="Original",AD37,AU37) -> Agent[REG] | BM37: =IF(BS37="Original",AE37,AV37) -> 1014655 | BN37: =IF(BS37="Original",AF37,AW37) -> 1014655 | BO37: =IF(BS37="Original",AG37,AX37) -> Safety | BP37: =IF(BS37="Original",AH37,AY37) -> 36 yd (108') L X 2" W 6 mil White General Purpose Aisle Marking Tape Blank | BQ37: =IF(BS37="Original",AI37,AZ37) -> Similar Match | BR37: =IF(BS37="Original",AJ37,BA37) -> Yes | BS37: =IF(AQ37="","Original",IF(AP37<Y37,"Alternate","Original")) -> Alternate
A38: VRC_Cascadia Multiple Suppliers | B38: 36 | F38: MSC | G38: 65590697 | H38: Large nitrile gloves | N38: EA | O38: 1 | P38: 83.36 | Q38: 3 | R38: =P38/O38 -> 83.36 | S38: =Q38*O38 -> 3 | T38: =S38*R38 -> 250.08 | U38: =IFERROR(T38-X38,0) -> 249.69948 | V38: =IFERROR(U38/T38,0) -> 0.99847841 | W38: =IF($V38<0,"Negative",IF($V38=0,"Same",IF($V38>0.3,"30+%",IF($V38>0.2,"20-30%",IF($V38>0.1,"10-20%",IF($V38<=0.1,"0-10%")))))) -> 30+% | X38: =IFERROR(Y38*S38,0) -> 0.38052 | Y38: =IFERROR(Z38/AB38,0) -> 0.12684 | Z38: 12.684 | AA38: Pack | AB38: 100 | AC38: Possible UOM or LPP issue. | AD38: Body Guard[REG] | AE38: 1334819 | AF38: 1334819 | AG38: Safety | AH38: L Series 816BK 6 mil Black Nitrile Industrial Powder Free Body Guard[REG] Disposable Glove | AI38: Similar Match | AJ38: No | BC38: =T38-BF38 -> 249.69948 | BD38: =BC38/T38 -> 0.99847841 | BE38: =IF(BD38<0,"Negative",IF(BD38=0,"Same",IF(BD38>0.3,"30+%",IF(BD38>0.2,"20-30%",IF(BD38>0.1,"10-20%",IF(BD38<=0.1,"0-10%")))))) -> 30+% | BF38: =BG38*S38 -> 0.38052 | BG38: =BH38/BJ38 -> 0.12684 | BH38: =IF(BS38="Original",Z38,AQ38) -> 12.684 | BI38: =IF(BS38="Original",AA38,AR38) -> Pack | BJ38: =IF(BS38="Original",AB38,AS38) -> 100 | BK38: =IF(BS38="Original",AC38,AT38) -> Possible UOM or LPP issue. | BL38: =IF(BS38="Original",AD38,AU38) -> Body Guard[REG] | BM38: =IF(BS38="Original",AE38,AV38) -> 1334819 | BN38: =IF(BS38="Original",AF38,AW38) -> 1334819 | BO38: =IF(BS38="Original",AG38,AX38) -> Safety | BP38: =IF(BS38="Original",AH38,AY38) -> L Series 816BK 6 mil Black Nitrile Industrial Powder Free Body Guard[REG] Disposable Glove | BQ38: =IF(BS38="Original",AI38,AZ38) -> Similar Match | BR38: =IF(BS38="Original",AJ38,BA38) -> No | BS38: =IF(AQ38="","Original",IF(AP38<Y38,"Alternate","Original")) -> Original
A39: VRC_Cascadia Multiple Suppliers | B39: 37 | F39: MSC | G39: 56484967 | H39: tool wrap | N39: EA | O39: 1 | P39: 249.76 | Q39: 1 | R39: =P39/O39 -> 249.76 | S39: =Q39*O39 -> 1 | T39: =S39*R39 -> 249.76 | U39: =IFERROR(T39-X39,0) -> 154.2614 | V39: =IFERROR(U39/T39,0) -> 0.61763853 | W39: =IF($V39<0,"Negative",IF($V39=0,"Same",IF($V39>0.3,"30+%",IF($V39>0.2,"20-30%",IF($V39>0.1,"10-20%",IF($V39<=0.1,"0-10%")))))) -> 30+% | X39: =IFERROR(Y39*S39,0) -> 95.4986 | Y39: =IFERROR(Z39/AB39,0) -> 95.4986 | Z39: 95.4986 | AA39: Roll | AB39: 1 | AC39: Possible UOM or LPP issue. | AD39: MAUDLIN & SON MFG. CO., INC. | AE39: SSFW309-20-25 | AF39: 4135004 | AG39: Raw Materials | AH39: 0.002" x 20" x 25' 309 Stainless Steel Tool Wrap | AI39: Exact Match | AJ39: No | BC39: =T39-BF39 -> 154.2614 | BD39: =BC39/T39 -> 0.61763853 | BE39: =IF(BD39<0,"Negative",IF(BD39=0,"Same",IF(BD39>0.3,"30+%",IF(BD39>0.2,"20-30%",IF(BD39>0.1,"10-20%",IF(BD39<=0.1,"0-10%")))))) -> 30+% | BF39: =BG39*S39 -> 95.4986 | BG39: =BH39/BJ39 -> 95.4986 | BH39: =IF(BS39="Original",Z39,AQ39) -> 95.4986 | BI39: =IF(BS39="Original",AA39,AR39) -> Roll | BJ39: =IF(BS39="Original",AB39,AS39) -> 1 | BK39: =IF(BS39="Original",AC39,AT39) -> Possible UOM or LPP issue. | BL39: =IF(BS39="Original",AD39,AU39) -> MAUDLIN & SON MFG. CO., INC. | BM39: =IF(BS39="Original",AE39,AV39) -> SSFW309-20-25 | BN39: =IF(BS39="Original",AF39,AW39) -> 4135004 | BO39: =IF(BS39="Original",AG39,AX39) -> Raw Materials | BP39: =IF(BS39="Original",AH39,AY39) -> 0.002" x 20" x 25' 309 Stainless Steel Tool Wrap | BQ39: =IF(BS39="Original",AI39,AZ39) -> Exact Match | BR39: =IF(BS39="Original",AJ39,BA39) -> No | BS39: =IF(AQ39="","Original",IF(AP39<Y39,"Alternate","Original")) -> Original
A40: VRC_Cascadia Multiple Suppliers | B40: 38 | F40: MSC | G40: 65590713 | H40: Medium nitrile gloves | N40: EA | O40: 1 | P40: 82.57 | Q40: 3 | R40: =P40/O40 -> 82.57 | S40: =Q40*O40 -> 3 | T40: =S40*R40 -> 247.71 | U40: =IFERROR(T40-X40,0) -> 247.3341 | V40: =IFERROR(U40/T40,0) -> 0.9984825 | W40: =IF($V40<0,"Negative",IF($V40=0,"Same",IF($V40>0.3,"30+%",IF($V40>0.2,"20-30%",IF($V40>0.1,"10-20%",IF($V40<=0.1,"0-10%")))))) -> 30+% | X40: =IFERROR(Y40*S40,0) -> 0.3759 | Y40: =IFERROR(Z40/AB40,0) -> 0.1253 | Z40: 12.53 | AA40: Pack | AB40: 100 | AC40: Possible UOM or LPP issue. | AD40: Body Guard[REG] | AE40: 1334818 | AF40: 1334818 | AG40: Safety | AH40: M Series 816BK 6 mil Black Nitrile Industrial Powder Free Body Guard[REG]Disposable Glove | AI40: Similar Match | AJ40: No | BC40: =T40-BF40 -> 247.3341 | BD40: =BC40/T40 -> 0.9984825 | BE40: =IF(BD40<0,"Negative",IF(BD40=0,"Same",IF(BD40>0.3,"30+%",IF(BD40>0.2,"20-30%",IF(BD40>0.1,"10-20%",IF(BD40<=0.1,"0-10%")))))) -> 30+% | BF40: =BG40*S40 -> 0.3759 | BG40: =BH40/BJ40 -> 0.1253 | BH40: =IF(BS40="Original",Z40,AQ40) -> 12.53 | BI40: =IF(BS40="Original",AA40,AR40) -> Pack | BJ40: =IF(BS40="Original",AB40,AS40) -> 100 | BK40: =IF(BS40="Original",AC40,AT40) -> Possible UOM or LPP issue. | BL40: =IF(BS40="Original",AD40,AU40) -> Body Guard[REG] | BM40: =IF(BS40="Original",AE40,AV40) -> 1334818 | BN40: =IF(BS40="Original",AF40,AW40) -> 1334818 | BO40: =IF(BS40="Original",AG40,AX40) -> Safety | BP40: =IF(BS40="Original",AH40,AY40) -> M Series 816BK 6 mil Black Nitrile Industrial Powder Free Body Guard[REG]Disposable Glove | BQ40: =IF(BS40="Original",AI40,AZ40) -> Similar Match | BR40: =IF(BS40="Original",AJ40,BA40) -> No | BS40: =IF(AQ40="","Original",IF(AP40<Y40,"Alternate","Original")) -> Original
A41: VRC_Cascadia Multiple Suppliers | B41: 39 | F41: MSC | G41: 06222558 | H41: indicators F6815 | N41: EA | O41: 1 | P41: 247.03 | Q41: 1 | R41: =P41/O41 -> 247.03 | S41: =Q41*O41 -> 1 | T41: =S41*R41 -> 247.03 | U41: =IFERROR(T41-X41,0) -> 24.829 | V41: =IFERROR(U41/T41,0) -> 0.10051006 | W41: =IF($V41<0,"Negative",IF($V41=0,"Same",IF($V41>0.3,"30+%",IF($V41>0.2,"20-30%",IF($V41>0.1,"10-20%",IF($V41<=0.1,"0-10%")))))) -> 10-20% | X41: =IFERROR(Y41*S41,0) -> 222.201 | Y41: =IFERROR(Z41/AB41,0) -> 222.201 | Z41: 222.201 | AA41: Piece | AB41: 1 | AD41: L.S. STARRETT COMPANY | AE41: 25-631J | AF41: 0325063 | AG41: Test and Measurement | AH41: 0" - 1.000" Range x 2.250" Dial x 0.0005" Grad AGD Group 2 Dial Indicator | AI41: Similar Match | AJ41: No | BC41: =T41-BF41 -> 24.829 | BD41: =BC41/T41 -> 0.10051006 | BE41: =IF(BD41<0,"Negative",IF(BD41=0,"Same",IF(BD41>0.3,"30+%",IF(BD41>0.2,"20-30%",IF(BD41>0.1,"10-20%",IF(BD41<=0.1,"0-10%")))))) -> 10-20% | BF41: =BG41*S41 -> 222.201 | BG41: =BH41/BJ41 -> 222.201 | BH41: =IF(BS41="Original",Z41,AQ41) -> 222.201 | BI41: =IF(BS41="Original",AA41,AR41) -> Piece | BJ41: =IF(BS41="Original",AB41,AS41) -> 1 | BL41: =IF(BS41="Original",AD41,AU41) -> L.S. STARRETT COMPANY | BM41: =IF(BS41="Original",AE41,AV41) -> 25-631J | BN41: =IF(BS41="Original",AF41,AW41) -> 0325063 | BO41: =IF(BS41="Original",AG41,AX41) -> Test and Measurement | BP41: =IF(BS41="Original",AH41,AY41) -> 0" - 1.000" Range x 2.250" Dial x 0.0005" Grad AGD Group 2 Dial Indicator | BQ41: =IF(BS41="Original",AI41,AZ41) -> Similar Match | BR41: =IF(BS41="Original",AJ41,BA41) -> No | BS41: =IF(AQ41="","Original",IF(AP41<Y41,"Alternate","Original")) -> Original
A42: VRC_Cascadia Multiple Suppliers | B42: 40 | F42: McMaster-Carr | G42: 27055a51 | H42: 1/2-13 tap | N42: EA | O42: 1 | P42: 119.76 | Q42: 2 | R42: =P42/O42 -> 119.76 | S42: =Q42*O42 -> 2 | T42: =S42*R42 -> 239.52 | U42: =IFERROR(T42-X42,0) -> 163.7856 | V42: =IFERROR(U42/T42,0) -> 0.68380762 | W42: =IF($V42<0,"Negative",IF($V42=0,"Same",IF($V42>0.3,"30+%",IF($V42>0.2,"20-30%",IF($V42>0.1,"10-20%",IF($V42<=0.1,"0-10%")))))) -> 30+% | X42: =IFERROR(Y42*S42,0) -> 75.7344 | Y42: =IFERROR(Z42/AB42,0) -> 37.8672 | Z42: 37.8672 | AA42: Piece | AB42: 1 | AC42: Possible UOM or LPP issue. | AD42: WIDIA - GTD | AE42: 5390249 | AF42: 3389638 | AG42: Cutting Tools and Metalworking | AH42: 1/2 - 13 NC/UNC Oxide HSS-E 3 Flute H5 Bottoming Widia[TM] VariTap[TM] | AI42: Similar Match | AJ42: No | BC42: =T42-BF42 -> 163.7856 | BD42: =BC42/T42 -> 0.68380762 | BE42: =IF(BD42<0,"Negative",IF(BD42=0,"Same",IF(BD42>0.3,"30+%",IF(BD42>0.2,"20-30%",IF(BD42>0.1,"10-20%",IF(BD42<=0.1,"0-10%")))))) -> 30+% | BF42: =BG42*S42 -> 75.7344 | BG42: =BH42/BJ42 -> 37.8672 | BH42: =IF(BS42="Original",Z42,AQ42) -> 37.8672 | BI42: =IF(BS42="Original",AA42,AR42) -> Piece | BJ42: =IF(BS42="Original",AB42,AS42) -> 1 | BK42: =IF(BS42="Original",AC42,AT42) -> Possible UOM or LPP issue. | BL42: =IF(BS42="Original",AD42,AU42) -> WIDIA - GTD | BM42: =IF(BS42="Original",AE42,AV42) -> 5390249 | BN42: =IF(BS42="Original",AF42,AW42) -> 3389638 | BO42: =IF(BS42="Original",AG42,AX42) -> Cutting Tools and Metalworking | BP42: =IF(BS42="Original",AH42,AY42) -> 1/2 - 13 NC/UNC Oxide HSS-E 3 Flute H5 Bottoming Widia[TM] VariTap[TM] | BQ42: =IF(BS42="Original",AI42,AZ42) -> Similar Match | BR42: =IF(BS42="Original",AJ42,BA42) -> No | BS42: =IF(AQ42="","Original",IF(AP42<Y42,"Alternate","Original")) -> Original
A43: VRC_Cascadia Multiple Suppliers | B43: 41 | F43: Grainger | G43: 33J010 | H43: 400 lb, 6" plate caster | N43: EA | O43: 1 | P43: 219 | Q43: 1 | R43: =P43/O43 -> 219 | S43: =Q43*O43 -> 1 | T43: =S43*R43 -> 219 | U43: =IFERROR(T43-X43,0) -> 198.2289 | V43: =IFERROR(U43/T43,0) -> 0.90515479 | W43: =IF($V43<0,"Negative",IF($V43=0,"Same",IF($V43>0.3,"30+%",IF($V43>0.2,"20-30%",IF($V43>0.1,"10-20%",IF($V43<=0.1,"0-10%")))))) -> 30+% | X43: =IFERROR(Y43*S43,0) -> 20.7711 | Y43: =IFERROR(Z43/AB43,0) -> 20.7711 | Z43: 20.7711 | AA43: Piece | AB43: 1 | AC43: Possible UOM or LPP issue. | AD43: Colson Group USA Inc. | AE43: DCIB06041S002 | AF43: BSS | AG43: Hardware | AH43: STANDARD PLATE CASTER, SWIVEL, POLYOLEFIN, 400 LB, 6 IN WHEEL DIA. | AI43: Exact Match | AJ43: No | BC43: =T43-BF43 -> 198.2289 | BD43: =BC43/T43 -> 0.90515479 | BE43: =IF(BD43<0,"Negative",IF(BD43=0,"Same",IF(BD43>0.3,"30+%",IF(BD43>0.2,"20-30%",IF(BD43>0.1,"10-20%",IF(BD43<=0.1,"0-10%")))))) -> 30+% | BF43: =BG43*S43 -> 20.7711 | BG43: =BH43/BJ43 -> 20.7711 | BH43: =IF(BS43="Original",Z43,AQ43) -> 20.7711 | BI43: =IF(BS43="Original",AA43,AR43) -> Piece | BJ43: =IF(BS43="Original",AB43,AS43) -> 1 | BK43: =IF(BS43="Original",AC43,AT43) -> Possible UOM or LPP issue. | BL43: =IF(BS43="Original",AD43,AU43) -> Colson Group USA Inc. | BM43: =IF(BS43="Original",AE43,AV43) -> DCIB06041S002 | BN43: =IF(BS43="Original",AF43,AW43) -> BSS | BO43: =IF(BS43="Original",AG43,AX43) -> Hardware | BP43: =IF(BS43="Original",AH43,AY43) -> STANDARD PLATE CASTER, SWIVEL, POLYOLEFIN, 400 LB, 6 IN WHEEL DIA. | BQ43: =IF(BS43="Original",AI43,AZ43) -> Exact Match | BR43: =IF(BS43="Original",AJ43,BA43) -> No | BS43: =IF(AQ43="","Original",IF(AP43<Y43,"Alternate","Original")) -> Original
A44: VRC_Cascadia Multiple Suppliers | B44: 42 | F44: MSC | G44: 70851944 | H44: 1/4 -20 TAP | N44: EA | O44: 1 | P44: 213.9 | Q44: 1 | R44: =P44/O44 -> 213.9 | S44: =Q44*O44 -> 1 | T44: =S44*R44 -> 213.9 | U44: =IFERROR(T44-X44,0) -> 189.5053 | V44: =IFERROR(U44/T44,0) -> 0.88595278 | W44: =IF($V44<0,"Negative",IF($V44=0,"Same",IF($V44>0.3,"30+%",IF($V44>0.2,"20-30%",IF($V44>0.1,"10-20%",IF($V44<=0.1,"0-10%")))))) -> 30+% | X44: =IFERROR(Y44*S44,0) -> 24.3947 | Y44: =IFERROR(Z44/AB44,0) -> 24.3947 | Z44: 24.3947 | AA44: Piece | AB44: 1 | AC44: Possible UOM or LPP issue. | AD44: OSG USA, INC | AE44: 1732605 | AF44: 3235527 | AG44: Cutting Tools and Metalworking | AH44: 1/4-20 x 2-1/2"OAL TiN Finish VC-10 Spiral Flute H3 EXOTAP VA-3[REG] UNC Semi Bottoming Tap | AI44: Exact Match | AJ44: No | BC44: =T44-BF44 -> 189.5053 | BD44: =BC44/T44 -> 0.88595278 | BE44: =IF(BD44<0,"Negative",IF(BD44=0,"Same",IF(BD44>0.3,"30+%",IF(BD44>0.2,"20-30%",IF(BD44>0.1,"10-20%",IF(BD44<=0.1,"0-10%")))))) -> 30+% | BF44: =BG44*S44 -> 24.3947 | BG44: =BH44/BJ44 -> 24.3947 | BH44: =IF(BS44="Original",Z44,AQ44) -> 24.3947 | BI44: =IF(BS44="Original",AA44,AR44) -> Piece | BJ44: =IF(BS44="Original",AB44,AS44) -> 1 | BK44: =IF(BS44="Original",AC44,AT44) -> Possible UOM or LPP issue. | BL44: =IF(BS44="Original",AD44,AU44) -> OSG USA, INC | BM44: =IF(BS44="Original",AE44,AV44) -> 1732605 | BN44: =IF(BS44="Original",AF44,AW44) -> 3235527 | BO44: =IF(BS44="Original",AG44,AX44) -> Cutting Tools and Metalworking | BP44: =IF(BS44="Original",AH44,AY44) -> 1/4-20 x 2-1/2"OAL TiN Finish VC-10 Spiral Flute H3 EXOTAP VA-3[REG] UNC Semi Bottoming Tap | BQ44: =IF(BS44="Original",AI44,AZ44) -> Exact Match | BR44: =IF(BS44="Original",AJ44,BA44) -> No | BS44: =IF(AQ44="","Original",IF(AP44<Y44,"Alternate","Original")) -> Original
A45: VRC_Cascadia Multiple Suppliers | B45: 43 | F45: McMaster-Carr | G45: 6606k85 | H45: 7/8 hex by 6 feet | N45: EA | O45: 1 | P45: 213.17 | Q45: 1 | R45: =P45/O45 -> 213.17 | S45: =Q45*O45 -> 1 | T45: =S45*R45 -> 213.17 | U45: =IFERROR(T45-X45,0) -> 207.7898 | V45: =IFERROR(U45/T45,0) -> 0.97476099 | W45: =IF($V45<0,"Negative",IF($V45=0,"Same",IF($V45>0.3,"30+%",IF($V45>0.2,"20-30%",IF($V45>0.1,"10-20%",IF($V45<=0.1,"0-10%")))))) -> 30+% | X45: =IFERROR(Y45*S45,0) -> 5.3802 | Y45: =IFERROR(Z45/AB45,0) -> 5.3802 | Z45: 64.5624 | AA45: Foot | AB45: 12 | AC45: Possible UOM or LPP issue. | AD45: Fastenal Approved Vendor | AE45: 19775_144_0 | AF45: 0967403 | AG45: Raw Materials | AH45: 7/8" x 12' 12L14 Steel Hexagonal Bar | AI45: Exact Match | AJ45: No | BC45: =T45-BF45 -> 207.7898 | BD45: =BC45/T45 -> 0.97476099 | BE45: =IF(BD45<0,"Negative",IF(BD45=0,"Same",IF(BD45>0.3,"30+%",IF(BD45>0.2,"20-30%",IF(BD45>0.1,"10-20%",IF(BD45<=0.1,"0-10%")))))) -> 30+% | BF45: =BG45*S45 -> 5.3802 | BG45: =BH45/BJ45 -> 5.3802 | BH45: =IF(BS45="Original",Z45,AQ45) -> 64.5624 | BI45: =IF(BS45="Original",AA45,AR45) -> Foot | BJ45: =IF(BS45="Original",AB45,AS45) -> 12 | BK45: =IF(BS45="Original",AC45,AT45) -> Possible UOM or LPP issue. | BL45: =IF(BS45="Original",AD45,AU45) -> Fastenal Approved Vendor | BM45: =IF(BS45="Original",AE45,AV45) -> 19775_144_0 | BN45: =IF(BS45="Original",AF45,AW45) -> 0967403 | BO45: =IF(BS45="Original",AG45,AX45) -> Raw Materials | BP45: =IF(BS45="Original",AH45,AY45) -> 7/8" x 12' 12L14 Steel Hexagonal Bar | BQ45: =IF(BS45="Original",AI45,AZ45) -> Exact Match | BR45: =IF(BS45="Original",AJ45,BA45) -> No | BS45: =IF(AQ45="","Original",IF(AP45<Y45,"Alternate","Original")) -> Original
A46: VRC_Cascadia Multiple Suppliers | B46: 44 | F46: Grainger | G46: 1BX45 | H46: 15 amp fuse | N46: EA | O46: 1 | P46: 53.27 | Q46: 4 | R46: =P46/O46 -> 53.27 | S46: =Q46*O46 -> 4 | T46: =S46*R46 -> 213.08 | U46: =IFERROR(T46-X46,0) -> 207.87256 | V46: =IFERROR(U46/T46,0) -> 0.9755611 | W46: =IF($V46<0,"Negative",IF($V46=0,"Same",IF($V46>0.3,"30+%",IF($V46>0.2,"20-30%",IF($V46>0.1,"10-20%",IF($V46<=0.1,"0-10%")))))) -> 30+% | X46: =IFERROR(Y46*S46,0) -> 5.20744 | Y46: =IFERROR(Z46/AB46,0) -> 1.30186 | Z46: 65.093 | AA46: Case | AB46: 50 | AC46: Possible UOM or LPP issue. | AD46: COOPER BUSSMANN | AE46: ABC-15-R | AF46: 07009111 | AG46: Electrical | AH46: 15A 250V Gray Fast-Acting ABC Ceramic Body Fuse-RoHS | AI46: Exact Match | AJ46: No | BC46: =T46-BF46 -> 207.87256 | BD46: =BC46/T46 -> 0.9755611 | BE46: =IF(BD46<0,"Negative",IF(BD46=0,"Same",IF(BD46>0.3,"30+%",IF(BD46>0.2,"20-30%",IF(BD46>0.1,"10-20%",IF(BD46<=0.1,"0-10%")))))) -> 30+% | BF46: =BG46*S46 -> 5.20744 | BG46: =BH46/BJ46 -> 1.30186 | BH46: =IF(BS46="Original",Z46,AQ46) -> 65.093 | BI46: =IF(BS46="Original",AA46,AR46) -> Case | BJ46: =IF(BS46="Original",AB46,AS46) -> 50 | BK46: =IF(BS46="Original",AC46,AT46) -> Possible UOM or LPP issue. | BL46: =IF(BS46="Original",AD46,AU46) -> COOPER BUSSMANN | BM46: =IF(BS46="Original",AE46,AV46) -> ABC-15-R | BN46: =IF(BS46="Original",AF46,AW46) -> 07009111 | BO46: =IF(BS46="Original",AG46,AX46) -> Electrical | BP46: =IF(BS46="Original",AH46,AY46) -> 15A 250V Gray Fast-Acting ABC Ceramic Body Fuse-RoHS | BQ46: =IF(BS46="Original",AI46,AZ46) -> Exact Match | BR46: =IF(BS46="Original",AJ46,BA46) -> No | BS46: =IF(AQ46="","Original",IF(AP46<Y46,"Alternate","Original")) -> Original
A47: VRC_Cascadia Multiple Suppliers | B47: 45 | F47: Grainger | G47: 11Z090 | H47: Floor Marking Tape, Pattern Solid, Blue, Width 2 in, Roll Length 100 ft | N47: EA | O47: 1 | P47: 52.79 | Q47: 4 | R47: =P47/O47 -> 52.79 | S47: =Q47*O47 -> 4 | T47: =S47*R47 -> 211.16 | U47: =IFERROR(T47-X47,0) -> 74.6336 | V47: =IFERROR(U47/T47,0) -> 0.35344573 | W47: =IF($V47<0,"Negative",IF($V47=0,"Same",IF($V47>0.3,"30+%",IF($V47>0.2,"20-30%",IF($V47>0.1,"10-20%",IF($V47<=0.1,"0-10%")))))) -> 30+% | X47: =IFERROR(Y47*S47,0) -> 136.5264 | Y47: =IFERROR(Z47/AB47,0) -> 34.1316 | Z47: 34.1316 | AA47: Roll | AB47: 1 | AD47: Toughstripe[TM] | AE47: 104314 | AF47: 1031842 | AG47: Safety | AH47: 33 yd (100') L X 2" W 8 mil Toughstripe[TM] Blue General Purpose Floor Marking Tape Blank | AI47: Exact Match | AJ47: Yes | AL47: =IF(AQ47="","",T47-AO47) -> 191.98568 | AM47: =IFERROR(AL47/T47,"") -> 0.90919529 | AN47: =IF(AM47="","",IF(AM47<0,"Negative",IF(AM47=0,"Same",IF(AM47>0.3,"30+%",IF(AM47>0.2,"20-30%",IF(AM47>0.1,"10-20%",IF(AM47<=0.1,"0-10%"))))))) -> 30+% | AO47: =IFERROR(AP47*S47,"") -> 19.174322 | AP47: =IFERROR(AQ47/AS47,"") -> 4.7935806 | AQ47: 172.5689 | AR47: Case | AS47: 36 | AT47: Possible UOM or LPP issue. | AU47: Agent[REG] | AV47: 1364278 | AW47: 1364278 | AX47: Safety | AY47: 108' L X 2" W 6 mil Agent[REG] Blue General Purpose Aisle Marking Tape | AZ47: Similar Match | BA47: No | BC47: =T47-BF47 -> 191.98568 | BD47: =BC47/T47 -> 0.90919529 | BE47: =IF(BD47<0,"Negative",IF(BD47=0,"Same",IF(BD47>0.3,"30+%",IF(BD47>0.2,"20-30%",IF(BD47>0.1,"10-20%",IF(BD47<=0.1,"0-10%")))))) -> 30+% | BF47: =BG47*S47 -> 19.174322 | BG47: =BH47/BJ47 -> 4.7935806 | BH47: =IF(BS47="Original",Z47,AQ47) -> 172.5689 | BI47: =IF(BS47="Original",AA47,AR47) -> Case | BJ47: =IF(BS47="Original",AB47,AS47) -> 36 | BK47: =IF(BS47="Original",AC47,AT47) -> Possible UOM or LPP issue. | BL47: =IF(BS47="Original",AD47,AU47) -> Agent[REG] | BM47: =IF(BS47="Original",AE47,AV47) -> 1364278 | BN47: =IF(BS47="Original",AF47,AW47) -> 1364278 | BO47: =IF(BS47="Original",AG47,AX47) -> Safety | BP47: =IF(BS47="Original",AH47,AY47) -> 108' L X 2" W 6 mil Agent[REG] Blue General Purpose Aisle Marking Tape | BQ47: =IF(BS47="Original",AI47,AZ47) -> Similar Match | BR47: =IF(BS47="Original",AJ47,BA47) -> No | BS47: =IF(AQ47="","Original",IF(AP47<Y47,"Alternate","Original")) -> Alternate
A48: VRC_Cascadia Multiple Suppliers | B48: 46 | F48: McMaster-Carr | G48: 35575A615 | H48: BLUE RUBBER HANDLE X-ACTO HANDLES (PACK OF 10) | N48: EA | O48: 1 | P48: 102.23 | Q48: 2 | R48: =P48/O48 -> 102.23 | S48: =Q48*O48 -> 2 | T48: =S48*R48 -> 204.46 | U48: =IFERROR(T48-X48,0) -> 194.5816 | V48: =IFERROR(U48/T48,0) -> 0.95168542 | W48: =IF($V48<0,"Negative",IF($V48=0,"Same",IF($V48>0.3,"30+%",IF($V48>0.2,"20-30%",IF($V48>0.1,"10-20%",IF($V48<=0.1,"0-10%")))))) -> 30+% | X48: =IFERROR(Y48*S48,0) -> 9.8784 | Y48: =IFERROR(Z48/AB48,0) -> 4.9392 | Z48: 59.2704 | AA48: Case | AB48: 12 | AC48: Possible UOM or LPP issue. | AD48: X-ACTO | AE48: X3627 | AF48: 0530665 | AG48: Tools and Equipment | AH48: X3627 X-Acto[REG] 9" Black Gripster Fine Point Knife w/ Safety Cap | AI48: Similar Match | AJ48: No | BC48: =T48-BF48 -> 194.5816 | BD48: =BC48/T48 -> 0.95168542 | BE48: =IF(BD48<0,"Negative",IF(BD48=0,"Same",IF(BD48>0.3,"30+%",IF(BD48>0.2,"20-30%",IF(BD48>0.1,"10-20%",IF(BD48<=0.1,"0-10%")))))) -> 30+% | BF48: =BG48*S48 -> 9.8784 | BG48: =BH48/BJ48 -> 4.9392 | BH48: =IF(BS48="Original",Z48,AQ48) -> 59.2704 | BI48: =IF(BS48="Original",AA48,AR48) -> Case | BJ48: =IF(BS48="Original",AB48,AS48) -> 12 | BK48: =IF(BS48="Original",AC48,AT48) -> Possible UOM or LPP issue. | BL48: =IF(BS48="Original",AD48,AU48) -> X-ACTO | BM48: =IF(BS48="Original",AE48,AV48) -> X3627 | BN48: =IF(BS48="Original",AF48,AW48) -> 0530665 | BO48: =IF(BS48="Original",AG48,AX48) -> Tools and Equipment | BP48: =IF(BS48="Original",AH48,AY48) -> X3627 X-Acto[REG] 9" Black Gripster Fine Point Knife w/ Safety Cap | BQ48: =IF(BS48="Original",AI48,AZ48) -> Similar Match | BR48: =IF(BS48="Original",AJ48,BA48) -> No | BS48: =IF(AQ48="","Original",IF(AP48<Y48,"Alternate","Original")) -> Original
A49: VRC_Cascadia Multiple Suppliers | B49: 47 | F49: MSC | G49: 89012249 | H49: 3/8" diam. 1-1/8" LOC 1 flute solid carbide down cut spiral router bit | N49: EA | O49: 1 | P49: 203.53 | Q49: 1 | R49: =P49/O49 -> 203.53 | S49: =Q49*O49 -> 1 | T49: =S49*R49 -> 203.53 | U49: =IFERROR(T49-X49,0) -> 152.8371 | V49: =IFERROR(U49/T49,0) -> 0.75093156 | W49: =IF($V49<0,"Negative",IF($V49=0,"Same",IF($V49>0.3,"30+%",IF($V49>0.2,"20-30%",IF($V49>0.1,"10-20%",IF($V49<=0.1,"0-10%")))))) -> 30+% | X49: =IFERROR(Y49*S49,0) -> 50.6929 | Y49: =IFERROR(Z49/AB49,0) -> 50.6929 | Z49: 50.6929 | AA49: Piece | AB49: 1 | AC49: Possible UOM or LPP issue. | AD49: LMT ONSRUD LP | AE49: 62-783 | AF49: 920055871 | AG49: Cutting Tools and Metalworking | AH49: 3/8 x 1 1/8 SC SINGLE EDGE DOWNCUT ""O''' SP | AI49: Exact Match | AJ49: No | BC49: =T49-BF49 -> 152.8371 | BD49: =BC49/T49 -> 0.75093156 | BE49: =IF(BD49<0,"Negative",IF(BD49=0,"Same",IF(BD49>0.3,"30+%",IF(BD49>0.2,"20-30%",IF(BD49>0.1,"10-20%",IF(BD49<=0.1,"0-10%")))))) -> 30+% | BF49: =BG49*S49 -> 50.6929 | BG49: =BH49/BJ49 -> 50.6929 | BH49: =IF(BS49="Original",Z49,AQ49) -> 50.6929 | BI49: =IF(BS49="Original",AA49,AR49) -> Piece | BJ49: =IF(BS49="Original",AB49,AS49) -> 1 | BK49: =IF(BS49="Original",AC49,AT49) -> Possible UOM or LPP issue. | BL49: =IF(BS49="Original",AD49,AU49) -> LMT ONSRUD LP | BM49: =IF(BS49="Original",AE49,AV49) -> 62-783 | BN49: =IF(BS49="Original",AF49,AW49) -> 920055871 | BO49: =IF(BS49="Original",AG49,AX49) -> Cutting Tools and Metalworking | BP49: =IF(BS49="Original",AH49,AY49) -> 3/8 x 1 1/8 SC SINGLE EDGE DOWNCUT ""O''' SP | BQ49: =IF(BS49="Original",AI49,AZ49) -> Exact Match | BR49: =IF(BS49="Original",AJ49,BA49) -> No | BS49: =IF(AQ49="","Original",IF(AP49<Y49,"Alternate","Original")) -> Original
A50: VRC_Cascadia Multiple Suppliers | B50: 48 | F50: Grainger | G50: 6T545 | H50: 3M TaperFit 32db Earplugs (200 per box) | N50: EA | O50: 1 | P50: 66.55 | Q50: 3 | R50: =P50/O50 -> 66.55 | S50: =Q50*O50 -> 3 | T50: =S50*R50 -> 199.65 | U50: =IFERROR(T50-X50,0) -> 199.1541 | V50: =IFERROR(U50/T50,0) -> 0.99751615 | W50: =IF($V50<0,"Negative",IF($V50=0,"Same",IF($V50>0.3,"30+%",IF($V50>0.2,"20-30%",IF($V50>0.1,"10-20%",IF($V50<=0.1,"0-10%")))))) -> 30+% | X50: =IFERROR(Y50*S50,0) -> 0.4959 | Y50: =IFERROR(Z50/AB50,0) -> 0.1653 | Z50: 33.06 | AA50: Pack | AB50: 200 | AC50: Possible UOM or LPP issue. | AD50: 3M PRODUCTS | AE50: 10080529120134 | AF50: 1012237 | AG50: Safety | AH50: One Size Yellow NRR 32 E-A-R[TM] TaperFit[TM] 2 PP Tapered Uncorded Disposable Earplug Pair in Poly Bag | AI50: Exact Match | AJ50: Yes | AL50: =IF(AQ50="","",T50-AO50) -> 199.3503 | AM50: =IFERROR(AL50/T50,"") -> 0.99849887 | AN50: =IF(AM50="","",IF(AM50<0,"Negative",IF(AM50=0,"Same",IF(AM50>0.3,"30+%",IF(AM50>0.2,"20-30%",IF(AM50>0.1,"10-20%",IF(AM50<=0.1,"0-10%"))))))) -> 30+% | AO50: =IFERROR(AP50*S50,"") -> 0.2997 | AP50: =IFERROR(AQ50/AS50,"") -> 0.0999 | AQ50: 19.98 | AR50: Pack | AS50: 200 | AT50: Possible UOM or LPP issue. | AU50: Body Guard[REG] | AV50: 1017247 | AW50: 1017247 | AX50: Safety | AY50: Orange NRR 32 Body Guard[REG] PU Bullet Uncorded Disposable Earplug Pair | AZ50: Similar Match | BA50: Yes | BC50: =T50-BF50 -> 199.3503 | BD50: =BC50/T50 -> 0.99849887 | BE50: =IF(BD50<0,"Negative",IF(BD50=0,"Same",IF(BD50>0.3,"30+%",IF(BD50>0.2,"20-30%",IF(BD50>0.1,"10-20%",IF(BD50<=0.1,"0-10%")))))) -> 30+% | BF50: =BG50*S50 -> 0.2997 | BG50: =BH50/BJ50 -> 0.0999 | BH50: =IF(BS50="Original",Z50,AQ50) -> 19.98 | BI50: =IF(BS50="Original",AA50,AR50) -> Pack | BJ50: =IF(BS50="Original",AB50,AS50) -> 200 | BK50: =IF(BS50="Original",AC50,AT50) -> Possible UOM or LPP issue. | BL50: =IF(BS50="Original",AD50,AU50) -> Body Guard[REG] | BM50: =IF(BS50="Original",AE50,AV50) -> 1017247 | BN50: =IF(BS50="Original",AF50,AW50) -> 1017247 | BO50: =IF(BS50="Original",AG50,AX50) -> Safety | BP50: =IF(BS50="Original",AH50,AY50) -> Orange NRR 32 Body Guard[REG] PU Bullet Uncorded Disposable Earplug Pair | BQ50: =IF(BS50="Original",AI50,AZ50) -> Similar Match | BR50: =IF(BS50="Original",AJ50,BA50) -> Yes | BS50: =IF(AQ50="","Original",IF(AP50<Y50,"Alternate","Original")) -> Alternate
A51: VRC_Cascadia Multiple Suppliers | B51: 49 | F51: MSC | G51: 06463038 | H51: pin set | N51: EA | O51: 1 | P51: 188.63 | Q51: 1 | R51: =P51/O51 -> 188.63 | S51: =Q51*O51 -> 1 | T51: =S51*R51 -> 188.63 | U51: =IFERROR(T51-X51,0) -> 3.41 | V51: =IFERROR(U51/T51,0) -> 0.018077718 | W51: =IF($V51<0,"Negative",IF($V51=0,"Same",IF($V51>0.3,"30+%",IF($V51>0.2,"20-30%",IF($V51>0.1,"10-20%",IF($V51<=0.1,"0-10%")))))) -> 0-10% | X51: =IFERROR(Y51*S51,0) -> 185.22 | Y51: =IFERROR(Z51/AB51,0) -> 185.22 | Z51: 185.22 | AA51: Set | AB51: 1 | AD51: Fastenal Approved Vendor | AE51: 8050314 | AF51: 8050314 | AG51: Tools and Equipment | AH51: REPR VERMONT 101100400 PIN SET ZZ .0610-.2500" | AI51: Exact Match | AJ51: No | BC51: =T51-BF51 -> 3.41 | BD51: =BC51/T51 -> 0.018077718 | BE51: =IF(BD51<0,"Negative",IF(BD51=0,"Same",IF(BD51>0.3,"30+%",IF(BD51>0.2,"20-30%",IF(BD51>0.1,"10-20%",IF(BD51<=0.1,"0-10%")))))) -> 0-10% | BF51: =BG51*S51 -> 185.22 | BG51: =BH51/BJ51 -> 185.22 | BH51: =IF(BS51="Original",Z51,AQ51) -> 185.22 | BI51: =IF(BS51="Original",AA51,AR51) -> Set | BJ51: =IF(BS51="Original",AB51,AS51) -> 1 | BL51: =IF(BS51="Original",AD51,AU51) -> Fastenal Approved Vendor | BM51: =IF(BS51="Original",AE51,AV51) -> 8050314 | BN51: =IF(BS51="Original",AF51,AW51) -> 8050314 | BO51: =IF(BS51="Original",AG51,AX51) -> Tools and Equipment | BP51: =IF(BS51="Original",AH51,AY51) -> REPR VERMONT 101100400 PIN SET ZZ .0610-.2500" | BQ51: =IF(BS51="Original",AI51,AZ51) -> Exact Match | BR51: =IF(BS51="Original",AJ51,BA51) -> No | BS51: =IF(AQ51="","Original",IF(AP51<Y51,"Alternate","Original")) -> Original
A52: VRC_Cascadia Multiple Suppliers | B52: 50 | F52: Grainger | G52: 6KP53 | H52: Concrete Patching Compound, 5 gal. | N52: EA | O52: 1 | P52: 186.06 | Q52: 1 | R52: =P52/O52 -> 186.06 | S52: =Q52*O52 -> 1 | T52: =S52*R52 -> 186.06 | U52: =IFERROR(T52-X52,0) -> 70.6745 | V52: =IFERROR(U52/T52,0) -> 0.3798479 | W52: =IF($V52<0,"Negative",IF($V52=0,"Same",IF($V52>0.3,"30+%",IF($V52>0.2,"20-30%",IF($V52>0.1,"10-20%",IF($V52<=0.1,"0-10%")))))) -> 30+% | X52: =IFERROR(Y52*S52,0) -> 115.3855 | Y52: =IFERROR(Z52/AB52,0) -> 115.3855 | Z52: 115.3855 | AA52: Piece | AB52: 1 | AD52: RUSTOLEUM CORPORATION | AE52: 5494323 | AF52: 0140241 | AG52: Adhesives, Sealants, and Tape | AH52: 3.5gal Pail Gray Epoxy Concrete / Grout Repair | AI52: Exact Match | AJ52: Yes | BC52: =T52-BF52 -> 70.6745 | BD52: =BC52/T52 -> 0.3798479 | BE52: =IF(BD52<0,"Negative",IF(BD52=0,"Same",IF(BD52>0.3,"30+%",IF(BD52>0.2,"20-30%",IF(BD52>0.1,"10-20%",IF(BD52<=0.1,"0-10%")))))) -> 30+% | BF52: =BG52*S52 -> 115.3855 | BG52: =BH52/BJ52 -> 115.3855 | BH52: =IF(BS52="Original",Z52,AQ52) -> 115.3855 | BI52: =IF(BS52="Original",AA52,AR52) -> Piece | BJ52: =IF(BS52="Original",AB52,AS52) -> 1 | BL52: =IF(BS52="Original",AD52,AU52) -> RUSTOLEUM CORPORATION | BM52: =IF(BS52="Original",AE52,AV52) -> 5494323 | BN52: =IF(BS52="Original",AF52,AW52) -> 0140241 | BO52: =IF(BS52="Original",AG52,AX52) -> Adhesives, Sealants, and Tape | BP52: =IF(BS52="Original",AH52,AY52) -> 3.5gal Pail Gray Epoxy Concrete / Grout Repair | BQ52: =IF(BS52="Original",AI52,AZ52) -> Exact Match | BR52: =IF(BS52="Original",AJ52,BA52) -> Yes | BS52: =IF(AQ52="","Original",IF(AP52<Y52,"Alternate","Original")) -> Original
A53: VRC_Cascadia Multiple Suppliers | B53: 51 | F53: McMaster-Carr | G53: 8975K121 | H53: aluminum plate 3 ft plate | N53: EA | O53: 1 | P53: 183.38 | Q53: 1 | R53: =P53/O53 -> 183.38 | S53: =Q53*O53 -> 1 | T53: =S53*R53 -> 183.38 | AI53: Non-Supported Product | BQ53: =IF(BS53="Original",AI53,AZ53) -> Non-Supported Product | BS53: =IF(AQ53="","Original",IF(AP53<Y53,"Alternate","Original")) -> Original
A54: VRC_Cascadia Multiple Suppliers | B54: 52 | F54: McMaster-Carr | G54: 9246k81 | H54: 1.5 by8 by8 aluminum | N54: EA | O54: 1 | P54: 91.2 | Q54: 2 | R54: =P54/O54 -> 91.2 | S54: =Q54*O54 -> 2 | T54: =S54*R54 -> 182.4 | AI54: Non-Supported Product | BQ54: =IF(BS54="Original",AI54,AZ54) -> Non-Supported Product | BS54: =IF(AQ54="","Original",IF(AP54<Y54,"Alternate","Original")) -> Original
A55: VRC_Cascadia Multiple Suppliers | B55: 53 | F55: MSC | G55: 81162851 | H55: 14by2by5 grinding wheel | N55: EA | O55: 1 | P55: 180.36 | Q55: 1 | R55: =P55/O55 -> 180.36 | S55: =Q55*O55 -> 1 | T55: =S55*R55 -> 180.36 | AI55: Non-Supported Product | BQ55: =IF(BS55="Original",AI55,AZ55) -> Non-Supported Product | BS55: =IF(AQ55="","Original",IF(AP55<Y55,"Alternate","Original")) -> Original
A56: VRC_Cascadia Multiple Suppliers | B56: 54 | F56: Grainger | G56: 38EF89 | H56: 1/4" ball valves | N56: EA | O56: 1 | P56: 180.1 | Q56: 1 | R56: =P56/O56 -> 180.1 | S56: =Q56*O56 -> 1 | T56: =S56*R56 -> 180.1 | U56: =IFERROR(T56-X56,0) -> 174.976 | V56: =IFERROR(U56/T56,0) -> 0.97154914 | W56: =IF($V56<0,"Negative",IF($V56=0,"Same",IF($V56>0.3,"30+%",IF($V56>0.2,"20-30%",IF($V56>0.1,"10-20%",IF($V56<=0.1,"0-10%")))))) -> 30+% | X56: =IFERROR(Y56*S56,0) -> 5.124 | Y56: =IFERROR(Z56/AB56,0) -> 5.124 | Z56: 5.124 | AA56: Piece | AB56: 1 | AC56: Possible UOM or LPP issue. | AD56: RUB INC. | AE56: S35BZ0 | AF56: 0427029 | AG56: Plumbing | AH56: 1/4 M-NPT x F-NPT Chrome Plated RuB s35 Mini Ball Valve | AI56: Similar Match | AJ56: No | BC56: =T56-BF56 -> 174.976 | BD56: =BC56/T56 -> 0.97154914 | BE56: =IF(BD56<0,"Negative",IF(BD56=0,"Same",IF(BD56>0.3,"30+%",IF(BD56>0.2,"20-30%",IF(BD56>0.1,"10-20%",IF(BD56<=0.1,"0-10%")))))) -> 30+% | BF56: =BG56*S56 -> 5.124 | BG56: =BH56/BJ56 -> 5.124 | BH56: =IF(BS56="Original",Z56,AQ56) -> 5.124 | BI56: =IF(BS56="Original",AA56,AR56) -> Piece | BJ56: =IF(BS56="Original",AB56,AS56) -> 1 | BK56: =IF(BS56="Original",AC56,AT56) -> Possible UOM or LPP issue. | BL56: =IF(BS56="Original",AD56,AU56) -> RUB INC. | BM56: =IF(BS56="Original",AE56,AV56) -> S35BZ0 | BN56: =IF(BS56="Original",AF56,AW56) -> 0427029 | BO56: =IF(BS56="Original",AG56,AX56) -> Plumbing | BP56: =IF(BS56="Original",AH56,AY56) -> 1/4 M-NPT x F-NPT Chrome Plated RuB s35 Mini Ball Valve | BQ56: =IF(BS56="Original",AI56,AZ56) -> Similar Match | BR56: =IF(BS56="Original",AJ56,BA56) -> No | BS56: =IF(AQ56="","Original",IF(AP56<Y56,"Alternate","Original")) -> Original
A57: VRC_Cascadia Multiple Suppliers | B57: 55 | F57: MSC | G57: 56484975 | H57: tool wrap | N57: EA | O57: 1 | P57: 175.25 | Q57: 1 | R57: =P57/O57 -> 175.25 | S57: =Q57*O57 -> 1 | T57: =S57*R57 -> 175.25 | U57: =IFERROR(T57-X57,0) -> -251.7592 | V57: =IFERROR(U57/T57,0) -> -1.4365718 | W57: =IF($V57<0,"Negative",IF($V57=0,"Same",IF($V57>0.3,"30+%",IF($V57>0.2,"20-30%",IF($V57>0.1,"10-20%",IF($V57<=0.1,"0-10%")))))) -> Negative | X57: =IFERROR(Y57*S57,0) -> 427.0092 | Y57: =IFERROR(Z57/AB57,0) -> 427.0092 | Z57: 427.0092 | AA57: Piece | AB57: 1 | AC57: Possible UOM or LPP issue. | AD57: PRECISION BRAND PRODUCTS, INC. | AE57: 20610 | AF57: 0993327 | AG57: Raw Materials | AH57: 24" x 50' x .002" Type 309 Stainless Steel Tool Wrap/Foil | AI57: Similar Match | AJ57: No | BC57: =T57-BF57 -> -251.7592 | BD57: =BC57/T57 -> -1.4365718 | BE57: =IF(BD57<0,"Negative",IF(BD57=0,"Same",IF(BD57>0.3,"30+%",IF(BD57>0.2,"20-30%",IF(BD57>0.1,"10-20%",IF(BD57<=0.1,"0-10%")))))) -> Negative | BF57: =BG57*S57 -> 427.0092 | BG57: =BH57/BJ57 -> 427.0092 | BH57: =IF(BS57="Original",Z57,AQ57) -> 427.0092 | BI57: =IF(BS57="Original",AA57,AR57) -> Piece | BJ57: =IF(BS57="Original",AB57,AS57) -> 1 | BK57: =IF(BS57="Original",AC57,AT57) -> Possible UOM or LPP issue. | BL57: =IF(BS57="Original",AD57,AU57) -> PRECISION BRAND PRODUCTS, INC. | BM57: =IF(BS57="Original",AE57,AV57) -> 20610 | BN57: =IF(BS57="Original",AF57,AW57) -> 0993327 | BO57: =IF(BS57="Original",AG57,AX57) -> Raw Materials | BP57: =IF(BS57="Original",AH57,AY57) -> 24" x 50' x .002" Type 309 Stainless Steel Tool Wrap/Foil | BQ57: =IF(BS57="Original",AI57,AZ57) -> Similar Match | BR57: =IF(BS57="Original",AJ57,BA57) -> No | BS57: =IF(AQ57="","Original",IF(AP57<Y57,"Alternate","Original")) -> Original
A58: VRC_Cascadia Multiple Suppliers | B58: 56 | F58: Grainger | G58: 1MDL9 | H58: Floor Tape Applicator, For Use With 1 to 4 in Wide Rolls, 7 in Max Roll Diameter | N58: EA | O58: 1 | P58: 174.97 | Q58: 1 | R58: =P58/O58 -> 174.97 | S58: =Q58*O58 -> 1 | T58: =S58*R58 -> 174.97 | U58: =IFERROR(T58-X58,0) -> 54.8122 | V58: =IFERROR(U58/T58,0) -> 0.31326627 | W58: =IF($V58<0,"Negative",IF($V58=0,"Same",IF($V58>0.3,"30+%",IF($V58>0.2,"20-30%",IF($V58>0.1,"10-20%",IF($V58<=0.1,"0-10%")))))) -> 30+% | X58: =IFERROR(Y58*S58,0) -> 120.1578 | Y58: =IFERROR(Z58/AB58,0) -> 120.1578 | Z58: 120.1578 | AA58: Piece | AB58: 1 | AD58: VESTIL MFG. CO. | AE58: TPA-10 | AF58: 7019036 | AG58: Safety | AH58: Economy Floor Tape Applicator | AI58: Exact Match | AJ58: No | BC58: =T58-BF58 -> 54.8122 | BD58: =BC58/T58 -> 0.31326627 | BE58: =IF(BD58<0,"Negative",IF(BD58=0,"Same",IF(BD58>0.3,"30+%",IF(BD58>0.2,"20-30%",IF(BD58>0.1,"10-20%",IF(BD58<=0.1,"0-10%")))))) -> 30+% | BF58: =BG58*S58 -> 120.1578 | BG58: =BH58/BJ58 -> 120.1578 | BH58: =IF(BS58="Original",Z58,AQ58) -> 120.1578 | BI58: =IF(BS58="Original",AA58,AR58) -> Piece | BJ58: =IF(BS58="Original",AB58,AS58) -> 1 | BL58: =IF(BS58="Original",AD58,AU58) -> VESTIL MFG. CO. | BM58: =IF(BS58="Original",AE58,AV58) -> TPA-10 | BN58: =IF(BS58="Original",AF58,AW58) -> 7019036 | BO58: =IF(BS58="Original",AG58,AX58) -> Safety | BP58: =IF(BS58="Original",AH58,AY58) -> Economy Floor Tape Applicator | BQ58: =IF(BS58="Original",AI58,AZ58) -> Exact Match | BR58: =IF(BS58="Original",AJ58,BA58) -> No | BS58: =IF(AQ58="","Original",IF(AP58<Y58,"Alternate","Original")) -> Original
A59: VRC_Cascadia Multiple Suppliers | B59: 57 | F59: Grainger | G59: 6XFY4 | H59: Hand Ratchet, 1/4 in. Dr, 3-17/32 in. L | N59: EA | O59: 1 | P59: 172.9 | Q59: 1 | R59: =P59/O59 -> 172.9 | S59: =Q59*O59 -> 1 | T59: =S59*R59 -> 172.9 | U59: =IFERROR(T59-X59,0) -> 143.5697 | V59: =IFERROR(U59/T59,0) -> 0.83036264 | W59: =IF($V59<0,"Negative",IF($V59=0,"Same",IF($V59>0.3,"30+%",IF($V59>0.2,"20-30%",IF($V59>0.1,"10-20%",IF($V59<=0.1,"0-10%")))))) -> 30+% | X59: =IFERROR(Y59*S59,0) -> 29.3303 | Y59: =IFERROR(Z59/AB59,0) -> 29.3303 | Z59: 29.3303 | AA59: Piece | AB59: 1 | AC59: Possible UOM or LPP issue. | AD59: WERA TOOLS NA INC. | AE59: 05073230001 | AF59: 0251078 | AG59: Tools and Equipment | AH59: 1/4" Mini Ratchet 1/2" x 3.25" OAL holds insert or power bits | AI59: Exact Match | AJ59: No | BC59: =T59-BF59 -> 143.5697 | BD59: =BC59/T59 -> 0.83036264 | BE59: =IF(BD59<0,"Negative",IF(BD59=0,"Same",IF(BD59>0.3,"30+%",IF(BD59>0.2,"20-30%",IF(BD59>0.1,"10-20%",IF(BD59<=0.1,"0-10%")))))) -> 30+% | BF59: =BG59*S59 -> 29.3303 | BG59: =BH59/BJ59 -> 29.3303 | BH59: =IF(BS59="Original",Z59,AQ59) -> 29.3303 | BI59: =IF(BS59="Original",AA59,AR59) -> Piece | BJ59: =IF(BS59="Original",AB59,AS59) -> 1 | BK59: =IF(BS59="Original",AC59,AT59) -> Possible UOM or LPP issue. | BL59: =IF(BS59="Original",AD59,AU59) -> WERA TOOLS NA INC. | BM59: =IF(BS59="Original",AE59,AV59) -> 05073230001 | BN59: =IF(BS59="Original",AF59,AW59) -> 0251078 | BO59: =IF(BS59="Original",AG59,AX59) -> Tools and Equipment | BP59: =IF(BS59="Original",AH59,AY59) -> 1/4" Mini Ratchet 1/2" x 3.25" OAL holds insert or power bits | BQ59: =IF(BS59="Original",AI59,AZ59) -> Exact Match | BR59: =IF(BS59="Original",AJ59,BA59) -> No | BS59: =IF(AQ59="","Original",IF(AP59<Y59,"Alternate","Original")) -> Original
A60: VRC_Cascadia Multiple Suppliers | B60: 58 | F60: McMaster-Carr | G60: 9008k62 | H60: alu bar, safeworks fixture | N60: EA | O60: 1 | P60: 168.97 | Q60: 1 | R60: =P60/O60 -> 168.97 | S60: =Q60*O60 -> 1 | T60: =S60*R60 -> 168.97 | AC60: Need length. | AI60: Not Enough Product Data | BK60: =IF(BS60="Original",AC60,AT60) -> Need length. | BQ60: =IF(BS60="Original",AI60,AZ60) -> Not Enough Product Data | BS60: =IF(AQ60="","Original",IF(AP60<Y60,"Alternate","Original")) -> Original
A61: VRC_Cascadia Multiple Suppliers | B61: 59 | F61: Grainger | G61: 11Z091 | H61: Floor Marking Tape, Pattern Solid, Green, Width 2 in, Roll Length 100 ft | N61: EA | O61: 1 | P61: 56 | Q61: 3 | R61: =P61/O61 -> 56 | S61: =Q61*O61 -> 3 | T61: =S61*R61 -> 168 | U61: =IFERROR(T61-X61,0) -> 50.2962 | V61: =IFERROR(U61/T61,0) -> 0.29938214 | W61: =IF($V61<0,"Negative",IF($V61=0,"Same",IF($V61>0.3,"30+%",IF($V61>0.2,"20-30%",IF($V61>0.1,"10-20%",IF($V61<=0.1,"0-10%")))))) -> 20-30% | X61: =IFERROR(Y61*S61,0) -> 117.7038 | Y61: =IFERROR(Z61/AB61,0) -> 39.2346 | Z61: 39.2346 | AA61: Roll | AB61: 1 | AD61: Toughstripe[TM] | AE61: 104315 | AF61: 1031843 | AG61: Safety | AH61: 33 yd (100') L X 2" W 8 mil Toughstripe[TM] Green General Purpose Floor Marking Tape Blank | AI61: Exact Match | AJ61: Yes | BC61: =T61-BF61 -> 50.2962 | BD61: =BC61/T61 -> 0.29938214 | BE61: =IF(BD61<0,"Negative",IF(BD61=0,"Same",IF(BD61>0.3,"30+%",IF(BD61>0.2,"20-30%",IF(BD61>0.1,"10-20%",IF(BD61<=0.1,"0-10%")))))) -> 20-30% | BF61: =BG61*S61 -> 117.7038 | BG61: =BH61/BJ61 -> 39.2346 | BH61: =IF(BS61="Original",Z61,AQ61) -> 39.2346 | BI61: =IF(BS61="Original",AA61,AR61) -> Roll | BJ61: =IF(BS61="Original",AB61,AS61) -> 1 | BL61: =IF(BS61="Original",AD61,AU61) -> Toughstripe[TM] | BM61: =IF(BS61="Original",AE61,AV61) -> 104315 | BN61: =IF(BS61="Original",AF61,AW61) -> 1031843 | BO61: =IF(BS61="Original",AG61,AX61) -> Safety | BP61: =IF(BS61="Original",AH61,AY61) -> 33 yd (100') L X 2" W 8 mil Toughstripe[TM] Green General Purpose Floor Marking Tape Blank | BQ61: =IF(BS61="Original",AI61,AZ61) -> Exact Match | BR61: =IF(BS61="Original",AJ61,BA61) -> Yes | BS61: =IF(AQ61="","Original",IF(AP61<Y61,"Alternate","Original")) -> Original
A62: VRC_Cascadia Multiple Suppliers | B62: 60 | F62: Grainger | G62: 11Z092 | H62: Floor Marking Tape, Pattern Solid, Orange, Width 2 in, Roll Length 100 ft | N62: EA | O62: 1 | P62: 42 | Q62: 4 | R62: =P62/O62 -> 42 | S62: =Q62*O62 -> 4 | T62: =S62*R62 -> 168 | U62: =IFERROR(T62-X62,0) -> 13.066 | V62: =IFERROR(U62/T62,0) -> 0.07777381 | W62: =IF($V62<0,"Negative",IF($V62=0,"Same",IF($V62>0.3,"30+%",IF($V62>0.2,"20-30%",IF($V62>0.1,"10-20%",IF($V62<=0.1,"0-10%")))))) -> 0-10% | X62: =IFERROR(Y62*S62,0) -> 154.934 | Y62: =IFERROR(Z62/AB62,0) -> 38.7335 | Z62: 38.7335 | AA62: Roll | AB62: 1 | AD62: Toughstripe[TM] | AE62: 104316 | AF62: 1031844 | AG62: Safety | AH62: 33 yd (100') L X 2" W 8 mil Orange General Purpose Floor Marking Tape Blank | AI62: Exact Match | AJ62: Yes | AL62: =IF(AQ62="","",T62-AO62) -> 147.1256 | AM62: =IFERROR(AL62/T62,"") -> 0.87574762 | AN62: =IF(AM62="","",IF(AM62<0,"Negative",IF(AM62=0,"Same",IF(AM62>0.3,"30+%",IF(AM62>0.2,"20-30%",IF(AM62>0.1,"10-20%",IF(AM62<=0.1,"0-10%"))))))) -> 30+% | AO62: =IFERROR(AP62*S62,"") -> 20.8744 | AP62: =IFERROR(AQ62/AS62,"") -> 5.2186 | AQ62: 5.2186 | AR62: Roll | AS62: 1 | AT62: Possible UOM or LPP issue. | AU62: Agent[REG] | AV62: 1054432 | AW62: 1054432 | AX62: Safety | AY62: 36 yd (108') L X 2" W 6 mil Orange General Purpose Aisle Marking Tape Blank | AZ62: Similar Match | BA62: Yes | BC62: =T62-BF62 -> 147.1256 | BD62: =BC62/T62 -> 0.87574762 | BE62: =IF(BD62<0,"Negative",IF(BD62=0,"Same",IF(BD62>0.3,"30+%",IF(BD62>0.2,"20-30%",IF(BD62>0.1,"10-20%",IF(BD62<=0.1,"0-10%")))))) -> 30+% | BF62: =BG62*S62 -> 20.8744 | BG62: =BH62/BJ62 -> 5.2186 | BH62: =IF(BS62="Original",Z62,AQ62) -> 5.2186 | BI62: =IF(BS62="Original",AA62,AR62) -> Roll | BJ62: =IF(BS62="Original",AB62,AS62) -> 1 | BK62: =IF(BS62="Original",AC62,AT62) -> Possible UOM or LPP issue. | BL62: =IF(BS62="Original",AD62,AU62) -> Agent[REG] | BM62: =IF(BS62="Original",AE62,AV62) -> 1054432 | BN62: =IF(BS62="Original",AF62,AW62) -> 1054432 | BO62: =IF(BS62="Original",AG62,AX62) -> Safety | BP62: =IF(BS62="Original",AH62,AY62) -> 36 yd (108') L X 2" W 6 mil Orange General Purpose Aisle Marking Tape Blank | BQ62: =IF(BS62="Original",AI62,AZ62) -> Similar Match | BR62: =IF(BS62="Original",AJ62,BA62) -> Yes | BS62: =IF(AQ62="","Original",IF(AP62<Y62,"Alternate","Original")) -> Alternate
A63: VRC_Cascadia Multiple Suppliers | B63: 61 | F63: Grainger | G63: 2ZJ16 | H63: Lower Hook | N63: EA | O63: 1 | P63: 165.35 | Q63: 1 | R63: =P63/O63 -> 165.35 | S63: =Q63*O63 -> 1 | T63: =S63*R63 -> 165.35 | U63: =IFERROR(T63-X63,0) -> 71.564 | V63: =IFERROR(U63/T63,0) -> 0.43280314 | W63: =IF($V63<0,"Negative",IF($V63=0,"Same",IF($V63>0.3,"30+%",IF($V63>0.2,"20-30%",IF($V63>0.1,"10-20%",IF($V63<=0.1,"0-10%")))))) -> 30+% | X63: =IFERROR(Y63*S63,0) -> 93.786 | Y63: =IFERROR(Z63/AB63,0) -> 93.786 | Z63: 93.786 | AA63: Piece | AB63: 1 | AC63: $200 order minimum. | AD63: Fastenal Approved Vendor | AE63: 2225165 | AF63: 2225165 | AG63: Tools and Equipment | AH63: REPR Columbus McKinnon 35612 Lower Hook | AI63: Exact Match | AJ63: No | BC63: =T63-BF63 -> 71.564 | BD63: =BC63/T63 -> 0.43280314 | BE63: =IF(BD63<0,"Negative",IF(BD63=0,"Same",IF(BD63>0.3,"30+%",IF(BD63>0.2,"20-30%",IF(BD63>0.1,"10-20%",IF(BD63<=0.1,"0-10%")))))) -> 30+% | BF63: =BG63*S63 -> 93.786 | BG63: =BH63/BJ63 -> 93.786 | BH63: =IF(BS63="Original",Z63,AQ63) -> 93.786 | BI63: =IF(BS63="Original",AA63,AR63) -> Piece | BJ63: =IF(BS63="Original",AB63,AS63) -> 1 | BK63: =IF(BS63="Original",AC63,AT63) -> $200 order minimum. | BL63: =IF(BS63="Original",AD63,AU63) -> Fastenal Approved Vendor | BM63: =IF(BS63="Original",AE63,AV63) -> 2225165 | BN63: =IF(BS63="Original",AF63,AW63) -> 2225165 | BO63: =IF(BS63="Original",AG63,AX63) -> Tools and Equipment | BP63: =IF(BS63="Original",AH63,AY63) -> REPR Columbus McKinnon 35612 Lower Hook | BQ63: =IF(BS63="Original",AI63,AZ63) -> Exact Match | BR63: =IF(BS63="Original",AJ63,BA63) -> No | BS63: =IF(AQ63="","Original",IF(AP63<Y63,"Alternate","Original")) -> Original
A64: VRC_Cascadia Multiple Suppliers | B64: 62 | F64: MSC | G64: 06450076 | H64: Teclock Dial Indicator 1" Range | N64: EA | O64: 1 | P64: 163.17 | Q64: 1 | R64: =P64/O64 -> 163.17 | S64: =Q64*O64 -> 1 | T64: =S64*R64 -> 163.17 | U64: =IFERROR(T64-X64,0) -> 141.3272 | V64: =IFERROR(U64/T64,0) -> 0.86613471 | W64: =IF($V64<0,"Negative",IF($V64=0,"Same",IF($V64>0.3,"30+%",IF($V64>0.2,"20-30%",IF($V64>0.1,"10-20%",IF($V64<=0.1,"0-10%")))))) -> 30+% | X64: =IFERROR(Y64*S64,0) -> 21.8428 | Y64: =IFERROR(Z64/AB64,0) -> 21.8428 | Z64: 21.8428 | AA64: Piece | AB64: 1 | AC64: Possible UOM or LPP issue. | AD64: Tritan[REG] | AE64: 3299166 | AF64: 3299166 | AG64: Test and Measurement | AH64: 0" - 1.000" Range x 2.375" Dial x 0.001" Grad AGD Group 2 Dial Indicator | AI64: Similar Match | AJ64: No | BC64: =T64-BF64 -> 141.3272 | BD64: =BC64/T64 -> 0.86613471 | BE64: =IF(BD64<0,"Negative",IF(BD64=0,"Same",IF(BD64>0.3,"30+%",IF(BD64>0.2,"20-30%",IF(BD64>0.1,"10-20%",IF(BD64<=0.1,"0-10%")))))) -> 30+% | BF64: =BG64*S64 -> 21.8428 | BG64: =BH64/BJ64 -> 21.8428 | BH64: =IF(BS64="Original",Z64,AQ64) -> 21.8428 | BI64: =IF(BS64="Original",AA64,AR64) -> Piece | BJ64: =IF(BS64="Original",AB64,AS64) -> 1 | BK64: =IF(BS64="Original",AC64,AT64) -> Possible UOM or LPP issue. | BL64: =IF(BS64="Original",AD64,AU64) -> Tritan[REG] | BM64: =IF(BS64="Original",AE64,AV64) -> 3299166 | BN64: =IF(BS64="Original",AF64,AW64) -> 3299166 | BO64: =IF(BS64="Original",AG64,AX64) -> Test and Measurement | BP64: =IF(BS64="Original",AH64,AY64) -> 0" - 1.000" Range x 2.375" Dial x 0.001" Grad AGD Group 2 Dial Indicator | BQ64: =IF(BS64="Original",AI64,AZ64) -> Similar Match | BR64: =IF(BS64="Original",AJ64,BA64) -> No | BS64: =IF(AQ64="","Original",IF(AP64<Y64,"Alternate","Original")) -> Original
A65: VRC_Cascadia Multiple Suppliers | B65: 63 | F65: McMaster-Carr | G65: 91259A826 | H65: SHOULDER BOLTS 5/8X7 | N65: EA | O65: 1 | P65: 162.29 | Q65: 1 | R65: =P65/O65 -> 162.29 | S65: =Q65*O65 -> 1 | T65: =S65*R65 -> 162.29 | U65: =IFERROR(T65-X65,0) -> 150.2592 | V65: =IFERROR(U65/T65,0) -> 0.92586851 | W65: =IF($V65<0,"Negative",IF($V65=0,"Same",IF($V65>0.3,"30+%",IF($V65>0.2,"20-30%",IF($V65>0.1,"10-20%",IF($V65<=0.1,"0-10%")))))) -> 30+% | X65: =IFERROR(Y65*S65,0) -> 12.0308 | Y65: =IFERROR(Z65/AB65,0) -> 12.0308 | Z65: 12.0308 | AA65: Piece | AB65: 1 | AC65: Possible UOM or LPP issue. | AD65: Fastenal Approved Vendor | AE65: 0154606 | AF65: 0154606 | AG65: Fasteners | AH65: 5/8" Shoulder x 7" Shoulder Length x 1/2"-13 Black Oxide/Plain Finish Alloy Steel Socket Shoulder Bolt | AI65: Exact Match | AJ65: No | BC65: =T65-BF65 -> 150.2592 | BD65: =BC65/T65 -> 0.92586851 | BE65: =IF(BD65<0,"Negative",IF(BD65=0,"Same",IF(BD65>0.3,"30+%",IF(BD65>0.2,"20-30%",IF(BD65>0.1,"10-20%",IF(BD65<=0.1,"0-10%")))))) -> 30+% | BF65: =BG65*S65 -> 12.0308 | BG65: =BH65/BJ65 -> 12.0308 | BH65: =IF(BS65="Original",Z65,AQ65) -> 12.0308 | BI65: =IF(BS65="Original",AA65,AR65) -> Piece | BJ65: =IF(BS65="Original",AB65,AS65) -> 1 | BK65: =IF(BS65="Original",AC65,AT65) -> Possible UOM or LPP issue. | BL65: =IF(BS65="Original",AD65,AU65) -> Fastenal Approved Vendor | BM65: =IF(BS65="Original",AE65,AV65) -> 0154606 | BN65: =IF(BS65="Original",AF65,AW65) -> 0154606 | BO65: =IF(BS65="Original",AG65,AX65) -> Fasteners | BP65: =IF(BS65="Original",AH65,AY65) -> 5/8" Shoulder x 7" Shoulder Length x 1/2"-13 Black Oxide/Plain Finish Alloy Steel Socket Shoulder Bolt | BQ65: =IF(BS65="Original",AI65,AZ65) -> Exact Match | BR65: =IF(BS65="Original",AJ65,BA65) -> No | BS65: =IF(AQ65="","Original",IF(AP65<Y65,"Alternate","Original")) -> Original
A66: VRC_Cascadia Multiple Suppliers | B66: 64 | F66: Grainger | G66: 5ZW70 | H66: strapping tensioner | N66: EA | O66: 1 | P66: 161.77 | Q66: 1 | R66: =P66/O66 -> 161.77 | S66: =Q66*O66 -> 1 | T66: =S66*R66 -> 161.77 | U66: =IFERROR(T66-X66,0) -> 22.12 | V66: =IFERROR(U66/T66,0) -> 0.13673734 | W66: =IF($V66<0,"Negative",IF($V66=0,"Same",IF($V66>0.3,"30+%",IF($V66>0.2,"20-30%",IF($V66>0.1,"10-20%",IF($V66<=0.1,"0-10%")))))) -> 10-20% | X66: =IFERROR(Y66*S66,0) -> 139.65 | Y66: =IFERROR(Z66/AB66,0) -> 139.65 | Z66: 139.65 | AA66: Piece | AB66: 1 | AD66: SIGNODE ACME | AE66: MIP-1200 | AF66: 1605691 | AG66: Packaging and Shipping Products | AH66: 3/8" to 3/4" Compact Feedwheel Steel Strapping Tensioner | AI66: Exact Match | AJ66: No | BC66: =T66-BF66 -> 22.12 | BD66: =BC66/T66 -> 0.13673734 | BE66: =IF(BD66<0,"Negative",IF(BD66=0,"Same",IF(BD66>0.3,"30+%",IF(BD66>0.2,"20-30%",IF(BD66>0.1,"10-20%",IF(BD66<=0.1,"0-10%")))))) -> 10-20% | BF66: =BG66*S66 -> 139.65 | BG66: =BH66/BJ66 -> 139.65 | BH66: =IF(BS66="Original",Z66,AQ66) -> 139.65 | BI66: =IF(BS66="Original",AA66,AR66) -> Piece | BJ66: =IF(BS66="Original",AB66,AS66) -> 1 | BL66: =IF(BS66="Original",AD66,AU66) -> SIGNODE ACME | BM66: =IF(BS66="Original",AE66,AV66) -> MIP-1200 | BN66: =IF(BS66="Original",AF66,AW66) -> 1605691 | BO66: =IF(BS66="Original",AG66,AX66) -> Packaging and Shipping Products | BP66: =IF(BS66="Original",AH66,AY66) -> 3/8" to 3/4" Compact Feedwheel Steel Strapping Tensioner | BQ66: =IF(BS66="Original",AI66,AZ66) -> Exact Match | BR66: =IF(BS66="Original",AJ66,BA66) -> No | BS66: =IF(AQ66="","Original",IF(AP66<Y66,"Alternate","Original")) -> Original
A67: VRC_Cascadia Multiple Suppliers | B67: 65 | F67: Grainger | G67: 60EZ48 | H67: 2IN CASTER W/BRAKE | N67: EA | O67: 1 | P67: 78.69 | Q67: 2 | R67: =P67/O67 -> 78.69 | S67: =Q67*O67 -> 2 | T67: =S67*R67 -> 157.38 | U67: =IFERROR(T67-X67,0) -> 141.2688 | V67: =IFERROR(U67/T67,0) -> 0.89762867 | W67: =IF($V67<0,"Negative",IF($V67=0,"Same",IF($V67>0.3,"30+%",IF($V67>0.2,"20-30%",IF($V67>0.1,"10-20%",IF($V67<=0.1,"0-10%")))))) -> 30+% | X67: =IFERROR(Y67*S67,0) -> 16.1112 | Y67: =IFERROR(Z67/AB67,0) -> 8.0556 | Z67: 8.0556 | AA67: Piece | AB67: 1 | AC67: Possible UOM or LPP issue. | AD67: Colson Group USA Inc.Shepherd Caster | AE67: C0020748ZN-POL01(KK)B | AF67: BSS | AG67: Hardware | AH67: STEM CASTER, 2 IN WHEEL DIA., 300 LB LOAD RATING | AI67: Exact Match | AJ67: No | BC67: =T67-BF67 -> 141.2688 | BD67: =BC67/T67 -> 0.89762867 | BE67: =IF(BD67<0,"Negative",IF(BD67=0,"Same",IF(BD67>0.3,"30+%",IF(BD67>0.2,"20-30%",IF(BD67>0.1,"10-20%",IF(BD67<=0.1,"0-10%")))))) -> 30+% | BF67: =BG67*S67 -> 16.1112 | BG67: =BH67/BJ67 -> 8.0556 | BH67: =IF(BS67="Original",Z67,AQ67) -> 8.0556 | BI67: =IF(BS67="Original",AA67,AR67) -> Piece | BJ67: =IF(BS67="Original",AB67,AS67) -> 1 | BK67: =IF(BS67="Original",AC67,AT67) -> Possible UOM or LPP issue. | BL67: =IF(BS67="Original",AD67,AU67) -> Colson Group USA Inc.Shepherd Caster | BM67: =IF(BS67="Original",AE67,AV67) -> C0020748ZN-POL01(KK)B | BN67: =IF(BS67="Original",AF67,AW67) -> BSS | BO67: =IF(BS67="Original",AG67,AX67) -> Hardware | BP67: =IF(BS67="Original",AH67,AY67) -> STEM CASTER, 2 IN WHEEL DIA., 300 LB LOAD RATING | BQ67: =IF(BS67="Original",AI67,AZ67) -> Exact Match | BR67: =IF(BS67="Original",AJ67,BA67) -> No | BS67: =IF(AQ67="","Original",IF(AP67<Y67,"Alternate","Original")) -> Original
A68: VRC_Cascadia Multiple Suppliers | B68: 66 | F68: Grainger | G68: 22FR52 | H68: 6"x10' SCH 80 PVC pipe | N68: EA | O68: 1 | P68: 157.19 | Q68: 1 | R68: =P68/O68 -> 157.19 | S68: =Q68*O68 -> 1 | T68: =S68*R68 -> 157.19 | U68: =IFERROR(T68-X68,0) -> 53.114 | V68: =IFERROR(U68/T68,0) -> 0.33789681 | W68: =IF($V68<0,"Negative",IF($V68=0,"Same",IF($V68>0.3,"30+%",IF($V68>0.2,"20-30%",IF($V68>0.1,"10-20%",IF($V68<=0.1,"0-10%")))))) -> 30+% | X68: =IFERROR(Y68*S68,0) -> 104.076 | Y68: =IFERROR(Z68/AB68,0) -> 104.076 | Z68: 104.076 | AA68: Piece | AB68: 1 | AD68: GEORG FISCHER HARVEL | AE68: 0800600-PG-1000 | AF68: 0472046 | AG68: Plumbing | AH68: 6" x 10 ft Gray Schedule 80 PVC Plain End Pipe | AI68: Exact Match | AJ68: No | BC68: =T68-BF68 -> 53.114 | BD68: =BC68/T68 -> 0.33789681 | BE68: =IF(BD68<0,"Negative",IF(BD68=0,"Same",IF(BD68>0.3,"30+%",IF(BD68>0.2,"20-30%",IF(BD68>0.1,"10-20%",IF(BD68<=0.1,"0-10%")))))) -> 30+% | BF68: =BG68*S68 -> 104.076 | BG68: =BH68/BJ68 -> 104.076 | BH68: =IF(BS68="Original",Z68,AQ68) -> 104.076 | BI68: =IF(BS68="Original",AA68,AR68) -> Piece | BJ68: =IF(BS68="Original",AB68,AS68) -> 1 | BL68: =IF(BS68="Original",AD68,AU68) -> GEORG FISCHER HARVEL | BM68: =IF(BS68="Original",AE68,AV68) -> 0800600-PG-1000 | BN68: =IF(BS68="Original",AF68,AW68) -> 0472046 | BO68: =IF(BS68="Original",AG68,AX68) -> Plumbing | BP68: =IF(BS68="Original",AH68,AY68) -> 6" x 10 ft Gray Schedule 80 PVC Plain End Pipe | BQ68: =IF(BS68="Original",AI68,AZ68) -> Exact Match | BR68: =IF(BS68="Original",AJ68,BA68) -> No | BS68: =IF(AQ68="","Original",IF(AP68<Y68,"Alternate","Original")) -> Original
A69: VRC_Cascadia Multiple Suppliers | B69: 67 | F69: MSC | G69: 56564958 | H69: deburr wheel | N69: EA | O69: 1 | P69: 153.11 | Q69: 1 | R69: =P69/O69 -> 153.11 | S69: =Q69*O69 -> 1 | T69: =S69*R69 -> 153.11 | U69: =IFERROR(T69-X69,0) -> 112.01888 | V69: =IFERROR(U69/T69,0) -> 0.73162351 | W69: =IF($V69<0,"Negative",IF($V69=0,"Same",IF($V69>0.3,"30+%",IF($V69>0.2,"20-30%",IF($V69>0.1,"10-20%",IF($V69<=0.1,"0-10%")))))) -> 30+% | X69: =IFERROR(Y69*S69,0) -> 41.091125 | Y69: =IFERROR(Z69/AB69,0) -> 41.091125 | Z69: 164.3645 | AA69: Case | AB69: 4 | AC69: Possible UOM or LPP issue. | AD69: 3M PRODUCTS | AE69: 00048011280233 | AF69: 99352586 | AG69: Abrasives | AH69: Scotch-Brite[TM] EXL Unitized Wheel 6" x 1/2" x 5/8"2A MED | AI69: Exact Match | AJ69: No | BC69: =T69-BF69 -> 112.01888 | BD69: =BC69/T69 -> 0.73162351 | BE69: =IF(BD69<0,"Negative",IF(BD69=0,"Same",IF(BD69>0.3,"30+%",IF(BD69>0.2,"20-30%",IF(BD69>0.1,"10-20%",IF(BD69<=0.1,"0-10%")))))) -> 30+% | BF69: =BG69*S69 -> 41.091125 | BG69: =BH69/BJ69 -> 41.091125 | BH69: =IF(BS69="Original",Z69,AQ69) -> 164.3645 | BI69: =IF(BS69="Original",AA69,AR69) -> Case | BJ69: =IF(BS69="Original",AB69,AS69) -> 4 | BK69: =IF(BS69="Original",AC69,AT69) -> Possible UOM or LPP issue. | BL69: =IF(BS69="Original",AD69,AU69) -> 3M PRODUCTS | BM69: =IF(BS69="Original",AE69,AV69) -> 00048011280233 | BN69: =IF(BS69="Original",AF69,AW69) -> 99352586 | BO69: =IF(BS69="Original",AG69,AX69) -> Abrasives | BP69: =IF(BS69="Original",AH69,AY69) -> Scotch-Brite[TM] EXL Unitized Wheel 6" x 1/2" x 5/8"2A MED | BQ69: =IF(BS69="Original",AI69,AZ69) -> Exact Match | BR69: =IF(BS69="Original",AJ69,BA69) -> No | BS69: =IF(AQ69="","Original",IF(AP69<Y69,"Alternate","Original")) -> Original
A70: VRC_Cascadia Multiple Suppliers | B70: 68 | F70: McMaster-Carr | G70: 8923a75 | H70: 3/8 end mills | N70: EA | O70: 1 | P70: 152.72 | Q70: 1 | R70: =P70/O70 -> 152.72 | S70: =Q70*O70 -> 1 | T70: =S70*R70 -> 152.72 | AI70: Metalworking Program | BQ70: =IF(BS70="Original",AI70,AZ70) -> Metalworking Program | BS70: =IF(AQ70="","Original",IF(AP70<Y70,"Alternate","Original")) -> Original
A71: VRC_Cascadia Multiple Suppliers | B71: 69 | F71: MSC | G71: 01982826 | H71: 1/2 sqare endmill | N71: EA | O71: 1 | P71: 152.64 | Q71: 1 | R71: =P71/O71 -> 152.64 | S71: =Q71*O71 -> 1 | T71: =S71*R71 -> 152.64 | U71: =IFERROR(T71-X71,0) -> 118.4979 | V71: =IFERROR(U71/T71,0) -> 0.77632272 | W71: =IF($V71<0,"Negative",IF($V71=0,"Same",IF($V71>0.3,"30+%",IF($V71>0.2,"20-30%",IF($V71>0.1,"10-20%",IF($V71<=0.1,"0-10%")))))) -> 30+% | X71: =IFERROR(Y71*S71,0) -> 34.1421 | Y71: =IFERROR(Z71/AB71,0) -> 34.1421 | Z71: 34.1421 | AA71: Piece | AB71: 1 | AC71: Possible UOM or LPP issue. | AD71: FMT ELEMENT[REG] | AE71: 0322704 | AF71: 0322704 | AG71: Cutting Tools and Metalworking | AH71: 1/2" Dia x 1" LOC x 3" OAL Carbide 4 Fl AlTiN Finish Single End 30[DEG] Hlx Finishing SQ EM | AI71: Similar Match | AJ71: Yes | BC71: =T71-BF71 -> 118.4979 | BD71: =BC71/T71 -> 0.77632272 | BE71: =IF(BD71<0,"Negative",IF(BD71=0,"Same",IF(BD71>0.3,"30+%",IF(BD71>0.2,"20-30%",IF(BD71>0.1,"10-20%",IF(BD71<=0.1,"0-10%")))))) -> 30+% | BF71: =BG71*S71 -> 34.1421 | BG71: =BH71/BJ71 -> 34.1421 | BH71: =IF(BS71="Original",Z71,AQ71) -> 34.1421 | BI71: =IF(BS71="Original",AA71,AR71) -> Piece | BJ71: =IF(BS71="Original",AB71,AS71) -> 1 | BK71: =IF(BS71="Original",AC71,AT71) -> Possible UOM or LPP issue. | BL71: =IF(BS71="Original",AD71,AU71) -> FMT ELEMENT[REG] | BM71: =IF(BS71="Original",AE71,AV71) -> 0322704 | BN71: =IF(BS71="Original",AF71,AW71) -> 0322704 | BO71: =IF(BS71="Original",AG71,AX71) -> Cutting Tools and Metalworking | BP71: =IF(BS71="Original",AH71,AY71) -> 1/2" Dia x 1" LOC x 3" OAL Carbide 4 Fl AlTiN Finish Single End 30[DEG] Hlx Finishing SQ EM | BQ71: =IF(BS71="Original",AI71,AZ71) -> Similar Match | BR71: =IF(BS71="Original",AJ71,BA71) -> Yes | BS71: =IF(AQ71="","Original",IF(AP71<Y71,"Alternate","Original")) -> Original
A72: VRC_Cascadia Multiple Suppliers | B72: 70 | F72: Grainger | G72: 33Z301 | H72: Blue shelf bin | N72: EA | O72: 1 | P72: 149.96 | Q72: 1 | R72: =P72/O72 -> 149.96 | S72: =Q72*O72 -> 1 | T72: =S72*R72 -> 149.96 | AI72: Non-Supported Product | BQ72: =IF(BS72="Original",AI72,AZ72) -> Non-Supported Product | BS72: =IF(AQ72="","Original",IF(AP72<Y72,"Alternate","Original")) -> Original
A73: VRC_Cascadia Multiple Suppliers | B73: 71 | F73: Grainger | G73: 45LV97 | H73: Condensate Removal Pump | N73: EA | O73: 1 | P73: 74.89 | Q73: 2 | R73: =P73/O73 -> 74.89 | S73: =Q73*O73 -> 2 | T73: =S73*R73 -> 149.78 | U73: =IFERROR(T73-X73,0) -> 39.765467 | V73: =IFERROR(U73/T73,0) -> 0.2654925 | W73: =IF($V73<0,"Negative",IF($V73=0,"Same",IF($V73>0.3,"30+%",IF($V73>0.2,"20-30%",IF($V73>0.1,"10-20%",IF($V73<=0.1,"0-10%")))))) -> 20-30% | X73: =IFERROR(Y73*S73,0) -> 110.01453 | Y73: =IFERROR(Z73/AB73,0) -> 55.007267 | Z73: 330.0436 | AA73: Case | AB73: 6 | AD73: DIVERSITECH | AE73: CP-22 | AF73: 0493172 | AG73: HVAC and Refrigeration | AH73: 120V 22' Lift Condensate Pump | AI73: Similar Match | AJ73: No | BC73: =T73-BF73 -> 39.765467 | BD73: =BC73/T73 -> 0.2654925 | BE73: =IF(BD73<0,"Negative",IF(BD73=0,"Same",IF(BD73>0.3,"30+%",IF(BD73>0.2,"20-30%",IF(BD73>0.1,"10-20%",IF(BD73<=0.1,"0-10%")))))) -> 20-30% | BF73: =BG73*S73 -> 110.01453 | BG73: =BH73/BJ73 -> 55.007267 | BH73: =IF(BS73="Original",Z73,AQ73) -> 330.0436 | BI73: =IF(BS73="Original",AA73,AR73) -> Case | BJ73: =IF(BS73="Original",AB73,AS73) -> 6 | BL73: =IF(BS73="Original",AD73,AU73) -> DIVERSITECH | BM73: =IF(BS73="Original",AE73,AV73) -> CP-22 | BN73: =IF(BS73="Original",AF73,AW73) -> 0493172 | BO73: =IF(BS73="Original",AG73,AX73) -> HVAC and Refrigeration | BP73: =IF(BS73="Original",AH73,AY73) -> 120V 22' Lift Condensate Pump | BQ73: =IF(BS73="Original",AI73,AZ73) -> Similar Match | BR73: =IF(BS73="Original",AJ73,BA73) -> No | BS73: =IF(AQ73="","Original",IF(AP73<Y73,"Alternate","Original")) -> Original
A74: VRC_Cascadia Multiple Suppliers | B74: 72 | F74: Grainger | G74: 60EZ47 | H74: 2IN CASTER | N74: EA | O74: 1 | P74: 73.71 | Q74: 2 | R74: =P74/O74 -> 73.71 | S74: =Q74*O74 -> 2 | T74: =S74*R74 -> 147.42 | U74: =IFERROR(T74-X74,0) -> 132.3672 | V74: =IFERROR(U74/T74,0) -> 0.89789174 | W74: =IF($V74<0,"Negative",IF($V74=0,"Same",IF($V74>0.3,"30+%",IF($V74>0.2,"20-30%",IF($V74>0.1,"10-20%",IF($V74<=0.1,"0-10%")))))) -> 30+% | X74: =IFERROR(Y74*S74,0) -> 15.0528 | Y74: =IFERROR(Z74/AB74,0) -> 7.5264 | Z74: 7.5264 | AA74: Piece | AB74: 1 | AC74: Possible UOM or LPP issue. | AD74: Colson Group USA Inc. | AE74: C0020748ZN-POL01(KK) | AF74: BSS | AG74: Hardware | AH74: STEM CASTER, 2 IN WHEEL DIA., 300 LB RATING | AI74: Exact Match | AJ74: No | BC74: =T74-BF74 -> 132.3672 | BD74: =BC74/T74 -> 0.89789174 | BE74: =IF(BD74<0,"Negative",IF(BD74=0,"Same",IF(BD74>0.3,"30+%",IF(BD74>0.2,"20-30%",IF(BD74>0.1,"10-20%",IF(BD74<=0.1,"0-10%")))))) -> 30+% | BF74: =BG74*S74 -> 15.0528 | BG74: =BH74/BJ74 -> 7.5264 | BH74: =IF(BS74="Original",Z74,AQ74) -> 7.5264 | BI74: =IF(BS74="Original",AA74,AR74) -> Piece | BJ74: =IF(BS74="Original",AB74,AS74) -> 1 | BK74: =IF(BS74="Original",AC74,AT74) -> Possible UOM or LPP issue. | BL74: =IF(BS74="Original",AD74,AU74) -> Colson Group USA Inc. | BM74: =IF(BS74="Original",AE74,AV74) -> C0020748ZN-POL01(KK) | BN74: =IF(BS74="Original",AF74,AW74) -> BSS | BO74: =IF(BS74="Original",AG74,AX74) -> Hardware | BP74: =IF(BS74="Original",AH74,AY74) -> STEM CASTER, 2 IN WHEEL DIA., 300 LB RATING | BQ74: =IF(BS74="Original",AI74,AZ74) -> Exact Match | BR74: =IF(BS74="Original",AJ74,BA74) -> No | BS74: =IF(AQ74="","Original",IF(AP74<Y74,"Alternate","Original")) -> Original
A75: VRC_Cascadia Multiple Suppliers | B75: 73 | F75: McMaster-Carr | G75: 8745a13 | H75: 3/8 end mill | N75: EA | O75: 1 | P75: 146.94 | Q75: 1 | R75: =P75/O75 -> 146.94 | S75: =Q75*O75 -> 1 | T75: =S75*R75 -> 146.94 | AI75: Metalworking Program | BQ75: =IF(BS75="Original",AI75,AZ75) -> Metalworking Program | BS75: =IF(AQ75="","Original",IF(AP75<Y75,"Alternate","Original")) -> Original
A76: VRC_Cascadia Multiple Suppliers | B76: 74 | F76: MSC | G76: 65590705 | H76: Small nitrile gloves | N76: EA | O76: 1 | P76: 73.44 | Q76: 2 | R76: =P76/O76 -> 73.44 | S76: =Q76*O76 -> 2 | T76: =S76*R76 -> 146.88 | U76: =IFERROR(T76-X76,0) -> 146.68792 | V76: =IFERROR(U76/T76,0) -> 0.99869227 | W76: =IF($V76<0,"Negative",IF($V76=0,"Same",IF($V76>0.3,"30+%",IF($V76>0.2,"20-30%",IF($V76>0.1,"10-20%",IF($V76<=0.1,"0-10%")))))) -> 30+% | X76: =IFERROR(Y76*S76,0) -> 0.19208 | Y76: =IFERROR(Z76/AB76,0) -> 0.09604 | Z76: 9.604 | AA76: Pack | AB76: 100 | AC76: Possible UOM or LPP issue. | AD76: Body Guard[REG] | AE76: 1334834 | AF76: 1334834 | AG76: Safety | AH76: S Series 815G 9" 5 mil Green Nitrile Industrial Powder Free Body Guard[REG] Disposable Glove | AI76: Similar Match | AJ76: No | BC76: =T76-BF76 -> 146.68792 | BD76: =BC76/T76 -> 0.99869227 | BE76: =IF(BD76<0,"Negative",IF(BD76=0,"Same",IF(BD76>0.3,"30+%",IF(BD76>0.2,"20-30%",IF(BD76>0.1,"10-20%",IF(BD76<=0.1,"0-10%")))))) -> 30+% | BF76: =BG76*S76 -> 0.19208 | BG76: =BH76/BJ76 -> 0.09604 | BH76: =IF(BS76="Original",Z76,AQ76) -> 9.604 | BI76: =IF(BS76="Original",AA76,AR76) -> Pack | BJ76: =IF(BS76="Original",AB76,AS76) -> 100 | BK76: =IF(BS76="Original",AC76,AT76) -> Possible UOM or LPP issue. | BL76: =IF(BS76="Original",AD76,AU76) -> Body Guard[REG] | BM76: =IF(BS76="Original",AE76,AV76) -> 1334834 | BN76: =IF(BS76="Original",AF76,AW76) -> 1334834 | BO76: =IF(BS76="Original",AG76,AX76) -> Safety | BP76: =IF(BS76="Original",AH76,AY76) -> S Series 815G 9" 5 mil Green Nitrile Industrial Powder Free Body Guard[REG] Disposable Glove | BQ76: =IF(BS76="Original",AI76,AZ76) -> Similar Match | BR76: =IF(BS76="Original",AJ76,BA76) -> No | BS76: =IF(AQ76="","Original",IF(AP76<Y76,"Alternate","Original")) -> Original
A77: VRC_Cascadia Multiple Suppliers | B77: 75 | F77: MSC | G77: 60638343 | H77: 1/4- 20 TAP | N77: EA | O77: 1 | P77: 143.52 | Q77: 1 | R77: =P77/O77 -> 143.52 | S77: =Q77*O77 -> 1 | T77: =S77*R77 -> 143.52 | AI77: Metalworking Program | BQ77: =IF(BS77="Original",AI77,AZ77) -> Metalworking Program | BS77: =IF(AQ77="","Original",IF(AP77<Y77,"Alternate","Original")) -> Original
A78: VRC_Cascadia Multiple Suppliers | B78: 76 | F78: McMaster-Carr | G78: 26255A32 | H78: 6-32 TAP, SHOP | N78: EA | O78: 1 | P78: 142.66 | Q78: 1 | R78: =P78/O78 -> 142.66 | S78: =Q78*O78 -> 1 | T78: =S78*R78 -> 142.66 | U78: =IFERROR(T78-X78,0) -> 132.5758 | V78: =IFERROR(U78/T78,0) -> 0.92931305 | W78: =IF($V78<0,"Negative",IF($V78=0,"Same",IF($V78>0.3,"30+%",IF($V78>0.2,"20-30%",IF($V78>0.1,"10-20%",IF($V78<=0.1,"0-10%")))))) -> 30+% | X78: =IFERROR(Y78*S78,0) -> 10.0842 | Y78: =IFERROR(Z78/AB78,0) -> 10.0842 | Z78: 10.0842 | AA78: Piece | AB78: 1 | AC78: Possible UOM or LPP issue. | AD78: WIDIA - GTD | AE78: 2748369 | AF78: 7003745 | AG78: Cutting Tools and Metalworking | AH78: 6-32 NC HSS 2 Flute Bright Finish H3, Spiral Flute Tap | AI78: Similar Match | AJ78: No | BC78: =T78-BF78 -> 132.5758 | BD78: =BC78/T78 -> 0.92931305 | BE78: =IF(BD78<0,"Negative",IF(BD78=0,"Same",IF(BD78>0.3,"30+%",IF(BD78>0.2,"20-30%",IF(BD78>0.1,"10-20%",IF(BD78<=0.1,"0-10%")))))) -> 30+% | BF78: =BG78*S78 -> 10.0842 | BG78: =BH78/BJ78 -> 10.0842 | BH78: =IF(BS78="Original",Z78,AQ78) -> 10.0842 | BI78: =IF(BS78="Original",AA78,AR78) -> Piece | BJ78: =IF(BS78="Original",AB78,AS78) -> 1 | BK78: =IF(BS78="Original",AC78,AT78) -> Possible UOM or LPP issue. | BL78: =IF(BS78="Original",AD78,AU78) -> WIDIA - GTD | BM78: =IF(BS78="Original",AE78,AV78) -> 2748369 | BN78: =IF(BS78="Original",AF78,AW78) -> 7003745 | BO78: =IF(BS78="Original",AG78,AX78) -> Cutting Tools and Metalworking | BP78: =IF(BS78="Original",AH78,AY78) -> 6-32 NC HSS 2 Flute Bright Finish H3, Spiral Flute Tap | BQ78: =IF(BS78="Original",AI78,AZ78) -> Similar Match | BR78: =IF(BS78="Original",AJ78,BA78) -> No | BS78: =IF(AQ78="","Original",IF(AP78<Y78,"Alternate","Original")) -> Original
A79: VRC_Cascadia Multiple Suppliers | B79: 77 | F79: Grainger | G79: 30RR09 | H79: Heat Shrink Label Cartridge | N79: EA | O79: 1 | P79: 70.98 | Q79: 2 | R79: =P79/O79 -> 70.98 | S79: =Q79*O79 -> 2 | T79: =S79*R79 -> 141.96 | U79: =IFERROR(T79-X79,0) -> 90.1866 | V79: =IFERROR(U79/T79,0) -> 0.63529586 | W79: =IF($V79<0,"Negative",IF($V79=0,"Same",IF($V79>0.3,"30+%",IF($V79>0.2,"20-30%",IF($V79>0.1,"10-20%",IF($V79<=0.1,"0-10%")))))) -> 30+% | X79: =IFERROR(Y79*S79,0) -> 51.7734 | Y79: =IFERROR(Z79/AB79,0) -> 25.8867 | Z79: 155.3202 | AA79: Case | AB79: 6 | AC79: Possible UOM or LPP issue. | AD79: BROTHER MOBILE SOLUTIONS INC | AE79: HSE221 | AF79: 1621131 | AG79: Safety | AH79: 0.34" x 4.9" Black on White Polyolefin Heat Shrink Tube Tape Cartridge | AI79: Exact Match | AJ79: No | BC79: =T79-BF79 -> 90.1866 | BD79: =BC79/T79 -> 0.63529586 | BE79: =IF(BD79<0,"Negative",IF(BD79=0,"Same",IF(BD79>0.3,"30+%",IF(BD79>0.2,"20-30%",IF(BD79>0.1,"10-20%",IF(BD79<=0.1,"0-10%")))))) -> 30+% | BF79: =BG79*S79 -> 51.7734 | BG79: =BH79/BJ79 -> 25.8867 | BH79: =IF(BS79="Original",Z79,AQ79) -> 155.3202 | BI79: =IF(BS79="Original",AA79,AR79) -> Case | BJ79: =IF(BS79="Original",AB79,AS79) -> 6 | BK79: =IF(BS79="Original",AC79,AT79) -> Possible UOM or LPP issue. | BL79: =IF(BS79="Original",AD79,AU79) -> BROTHER MOBILE SOLUTIONS INC | BM79: =IF(BS79="Original",AE79,AV79) -> HSE221 | BN79: =IF(BS79="Original",AF79,AW79) -> 1621131 | BO79: =IF(BS79="Original",AG79,AX79) -> Safety | BP79: =IF(BS79="Original",AH79,AY79) -> 0.34" x 4.9" Black on White Polyolefin Heat Shrink Tube Tape Cartridge | BQ79: =IF(BS79="Original",AI79,AZ79) -> Exact Match | BR79: =IF(BS79="Original",AJ79,BA79) -> No | BS79: =IF(AQ79="","Original",IF(AP79<Y79,"Alternate","Original")) -> Original
A80: VRC_Cascadia Multiple Suppliers | B80: 78 | F80: Grainger | G80: 40GL48 | H80: hex pipe wrench | N80: EA | O80: 1 | P80: 140.31 | Q80: 1 | R80: =P80/O80 -> 140.31 | S80: =Q80*O80 -> 1 | T80: =S80*R80 -> 140.31 | U80: =IFERROR(T80-X80,0) -> 33.9555 | V80: =IFERROR(U80/T80,0) -> 0.24200342 | W80: =IF($V80<0,"Negative",IF($V80=0,"Same",IF($V80>0.3,"30+%",IF($V80>0.2,"20-30%",IF($V80>0.1,"10-20%",IF($V80<=0.1,"0-10%")))))) -> 20-30% | X80: =IFERROR(Y80*S80,0) -> 106.3545 | Y80: =IFERROR(Z80/AB80,0) -> 106.3545 | Z80: 638.127 | AA80: Case | AB80: 6 | AD80: RIDGID[REG] | AE80: 31280 | AF80: 5228-31280 | AG80: Plumbing | AH80: 20" OAL 2" Capacity Hex Pipe Wrench | AI80: Exact Match | AJ80: No | BC80: =T80-BF80 -> 33.9555 | BD80: =BC80/T80 -> 0.24200342 | BE80: =IF(BD80<0,"Negative",IF(BD80=0,"Same",IF(BD80>0.3,"30+%",IF(BD80>0.2,"20-30%",IF(BD80>0.1,"10-20%",IF(BD80<=0.1,"0-10%")))))) -> 20-30% | BF80: =BG80*S80 -> 106.3545 | BG80: =BH80/BJ80 -> 106.3545 | BH80: =IF(BS80="Original",Z80,AQ80) -> 638.127 | BI80: =IF(BS80="Original",AA80,AR80) -> Case | BJ80: =IF(BS80="Original",AB80,AS80) -> 6 | BL80: =IF(BS80="Original",AD80,AU80) -> RIDGID[REG] | BM80: =IF(BS80="Original",AE80,AV80) -> 31280 | BN80: =IF(BS80="Original",AF80,AW80) -> 5228-31280 | BO80: =IF(BS80="Original",AG80,AX80) -> Plumbing | BP80: =IF(BS80="Original",AH80,AY80) -> 20" OAL 2" Capacity Hex Pipe Wrench | BQ80: =IF(BS80="Original",AI80,AZ80) -> Exact Match | BR80: =IF(BS80="Original",AJ80,BA80) -> No | BS80: =IF(AQ80="","Original",IF(AP80<Y80,"Alternate","Original")) -> Original
A81: VRC_Cascadia Multiple Suppliers | B81: 79 | F81: Grainger | G81: 4DA96 | H81: torque wrench | N81: EA | O81: 1 | P81: 139.53 | Q81: 1 | R81: =P81/O81 -> 139.53 | S81: =Q81*O81 -> 1 | T81: =S81*R81 -> 139.53 | AI81: Non-Supported Product | BQ81: =IF(BS81="Original",AI81,AZ81) -> Non-Supported Product | BS81: =IF(AQ81="","Original",IF(AP81<Y81,"Alternate","Original")) -> Original
A82: VRC_Cascadia Multiple Suppliers | B82: 80 | F82: McMaster-Carr | G82: 26255a55 | H82: 10-32 taps | N82: EA | O82: 1 | P82: 134.4 | Q82: 1 | R82: =P82/O82 -> 134.4 | S82: =Q82*O82 -> 1 | T82: =S82*R82 -> 134.4 | U82: =IFERROR(T82-X82,0) -> 121.1803 | V82: =IFERROR(U82/T82,0) -> 0.90163914 | W82: =IF($V82<0,"Negative",IF($V82=0,"Same",IF($V82>0.3,"30+%",IF($V82>0.2,"20-30%",IF($V82>0.1,"10-20%",IF($V82<=0.1,"0-10%")))))) -> 30+% | X82: =IFERROR(Y82*S82,0) -> 13.2197 | Y82: =IFERROR(Z82/AB82,0) -> 13.2197 | Z82: 13.2197 | AA82: Piece | AB82: 1 | AC82: Possible UOM or LPP issue. | AD82: WIDIA - GTD | AE82: 2746466 | AF82: 7003476 | AG82: Cutting Tools and Metalworking | AH82: 10-32 HSS 3 Flute TiN Finish H3 NF, Fast Spiral Bottoming Tap | AI82: Similar Match | AJ82: Yes | BC82: =T82-BF82 -> 121.1803 | BD82: =BC82/T82 -> 0.90163914 | BE82: =IF(BD82<0,"Negative",IF(BD82=0,"Same",IF(BD82>0.3,"30+%",IF(BD82>0.2,"20-30%",IF(BD82>0.1,"10-20%",IF(BD82<=0.1,"0-10%")))))) -> 30+% | BF82: =BG82*S82 -> 13.2197 | BG82: =BH82/BJ82 -> 13.2197 | BH82: =IF(BS82="Original",Z82,AQ82) -> 13.2197 | BI82: =IF(BS82="Original",AA82,AR82) -> Piece | BJ82: =IF(BS82="Original",AB82,AS82) -> 1 | BK82: =IF(BS82="Original",AC82,AT82) -> Possible UOM or LPP issue. | BL82: =IF(BS82="Original",AD82,AU82) -> WIDIA - GTD | BM82: =IF(BS82="Original",AE82,AV82) -> 2746466 | BN82: =IF(BS82="Original",AF82,AW82) -> 7003476 | BO82: =IF(BS82="Original",AG82,AX82) -> Cutting Tools and Metalworking | BP82: =IF(BS82="Original",AH82,AY82) -> 10-32 HSS 3 Flute TiN Finish H3 NF, Fast Spiral Bottoming Tap | BQ82: =IF(BS82="Original",AI82,AZ82) -> Similar Match | BR82: =IF(BS82="Original",AJ82,BA82) -> Yes | BS82: =IF(AQ82="","Original",IF(AP82<Y82,"Alternate","Original")) -> Original
A83: VRC_Cascadia Multiple Suppliers | B83: 81 | F83: MSC | G83: 75623090 | H83: 1/4 pipe tap | N83: EA | O83: 1 | P83: 133.87 | Q83: 1 | R83: =P83/O83 -> 133.87 | S83: =Q83*O83 -> 1 | T83: =S83*R83 -> 133.87 | U83: =IFERROR(T83-X83,0) -> 93.0481 | V83: =IFERROR(U83/T83,0) -> 0.69506312 | W83: =IF($V83<0,"Negative",IF($V83=0,"Same",IF($V83>0.3,"30+%",IF($V83>0.2,"20-30%",IF($V83>0.1,"10-20%",IF($V83<=0.1,"0-10%")))))) -> 30+% | X83: =IFERROR(Y83*S83,0) -> 40.8219 | Y83: =IFERROR(Z83/AB83,0) -> 40.8219 | Z83: 40.8219 | AA83: Piece | AB83: 1 | AC83: Possible UOM or LPP issue. | AD83: REGAL CUTTING TOOLS | AE83: 015913AS | AF83: 3714577 | AG83: Cutting Tools and Metalworking | AH83: 1/4-18 4 Flute Plug Taper Pipe Extension Tap - 4" | AI83: Similar Match | AJ83: No | BC83: =T83-BF83 -> 93.0481 | BD83: =BC83/T83 -> 0.69506312 | BE83: =IF(BD83<0,"Negative",IF(BD83=0,"Same",IF(BD83>0.3,"30+%",IF(BD83>0.2,"20-30%",IF(BD83>0.1,"10-20%",IF(BD83<=0.1,"0-10%")))))) -> 30+% | BF83: =BG83*S83 -> 40.8219 | BG83: =BH83/BJ83 -> 40.8219 | BH83: =IF(BS83="Original",Z83,AQ83) -> 40.8219 | BI83: =IF(BS83="Original",AA83,AR83) -> Piece | BJ83: =IF(BS83="Original",AB83,AS83) -> 1 | BK83: =IF(BS83="Original",AC83,AT83) -> Possible UOM or LPP issue. | BL83: =IF(BS83="Original",AD83,AU83) -> REGAL CUTTING TOOLS | BM83: =IF(BS83="Original",AE83,AV83) -> 015913AS | BN83: =IF(BS83="Original",AF83,AW83) -> 3714577 | BO83: =IF(BS83="Original",AG83,AX83) -> Cutting Tools and Metalworking | BP83: =IF(BS83="Original",AH83,AY83) -> 1/4-18 4 Flute Plug Taper Pipe Extension Tap - 4" | BQ83: =IF(BS83="Original",AI83,AZ83) -> Similar Match | BR83: =IF(BS83="Original",AJ83,BA83) -> No | BS83: =IF(AQ83="","Original",IF(AP83<Y83,"Alternate","Original")) -> Original
A84: VRC_Cascadia Multiple Suppliers | B84: 82 | F84: MSC | G84: 05976535 | H84: 1/2 by 1 1/4 by 8 60 grit | N84: EA | O84: 1 | P84: 133.06 | Q84: 1 | R84: =P84/O84 -> 133.06 | S84: =Q84*O84 -> 1 | T84: =S84*R84 -> 133.06 | U84: =IFERROR(T84-X84,0) -> 91.5766 | V84: =IFERROR(U84/T84,0) -> 0.68823538 | W84: =IF($V84<0,"Negative",IF($V84=0,"Same",IF($V84>0.3,"30+%",IF($V84>0.2,"20-30%",IF($V84>0.1,"10-20%",IF($V84<=0.1,"0-10%")))))) -> 30+% | X84: =IFERROR(Y84*S84,0) -> 41.4834 | Y84: =IFERROR(Z84/AB84,0) -> 41.4834 | Z84: 414.834 | AA84: Case | AB84: 10 | AC84: Possible UOM or LPP issue. | AD84: Norton Abrasives | AE84: 66253043727 | AF84: 0851155 | AG84: Abrasives | AH84: 8" x 1/2" x 1-1/4" Type 01 32A60-JVBE Grinding Wheel | AI84: Exact Match | AJ84: No | BC84: =T84-BF84 -> 91.5766 | BD84: =BC84/T84 -> 0.68823538 | BE84: =IF(BD84<0,"Negative",IF(BD84=0,"Same",IF(BD84>0.3,"30+%",IF(BD84>0.2,"20-30%",IF(BD84>0.1,"10-20%",IF(BD84<=0.1,"0-10%")))))) -> 30+% | BF84: =BG84*S84 -> 41.4834 | BG84: =BH84/BJ84 -> 41.4834 | BH84: =IF(BS84="Original",Z84,AQ84) -> 414.834 | BI84: =IF(BS84="Original",AA84,AR84) -> Case | BJ84: =IF(BS84="Original",AB84,AS84) -> 10 | BK84: =IF(BS84="Original",AC84,AT84) -> Possible UOM or LPP issue. | BL84: =IF(BS84="Original",AD84,AU84) -> Norton Abrasives | BM84: =IF(BS84="Original",AE84,AV84) -> 66253043727 | BN84: =IF(BS84="Original",AF84,AW84) -> 0851155 | BO84: =IF(BS84="Original",AG84,AX84) -> Abrasives | BP84: =IF(BS84="Original",AH84,AY84) -> 8" x 1/2" x 1-1/4" Type 01 32A60-JVBE Grinding Wheel | BQ84: =IF(BS84="Original",AI84,AZ84) -> Exact Match | BR84: =IF(BS84="Original",AJ84,BA84) -> No | BS84: =IF(AQ84="","Original",IF(AP84<Y84,"Alternate","Original")) -> Original
A85: VRC_Cascadia Multiple Suppliers | B85: 83 | F85: Grainger | G85: 4VMY7 | H85: Rapid start ballast. | N85: EA | O85: 1 | P85: 66.43 | Q85: 2 | R85: =P85/O85 -> 66.43 | S85: =Q85*O85 -> 2 | T85: =S85*R85 -> 132.86 | AI85: Non-Supported Product | BQ85: =IF(BS85="Original",AI85,AZ85) -> Non-Supported Product | BS85: =IF(AQ85="","Original",IF(AP85<Y85,"Alternate","Original")) -> Original
A86: VRC_Cascadia Multiple Suppliers | B86: 84 | F86: McMaster-Carr | G86: 6527K274 | H86: 1 1/2 square tube 6ft long | N86: EA | O86: 1 | P86: 130.8 | Q86: 1 | R86: =P86/O86 -> 130.8 | S86: =Q86*O86 -> 1 | T86: =S86*R86 -> 130.8 | U86: =IFERROR(T86-X86,0) -> 84.9045 | V86: =IFERROR(U86/T86,0) -> 0.64911697 | W86: =IF($V86<0,"Negative",IF($V86=0,"Same",IF($V86>0.3,"30+%",IF($V86>0.2,"20-30%",IF($V86>0.1,"10-20%",IF($V86<=0.1,"0-10%")))))) -> 30+% | X86: =IFERROR(Y86*S86,0) -> 45.8955 | Y86: =IFERROR(Z86/AB86,0) -> 45.8955 | Z86: 45.8955 | AA86: Piece | AB86: 1 | AC86: Possible UOM or LPP issue. | AD86: Fastenal Approved Vendor | AE86: 0964966 | AF86: 0964966 | AG86: Raw Materials | AH86: 1-1/2" OD x 0.083" Wall x 6' L ASTM A513 ERW Welded Mechanical Steel Square Tube | AI86: Similar Match | AJ86: No | BC86: =T86-BF86 -> 84.9045 | BD86: =BC86/T86 -> 0.64911697 | BE86: =IF(BD86<0,"Negative",IF(BD86=0,"Same",IF(BD86>0.3,"30+%",IF(BD86>0.2,"20-30%",IF(BD86>0.1,"10-20%",IF(BD86<=0.1,"0-10%")))))) -> 30+% | BF86: =BG86*S86 -> 45.8955 | BG86: =BH86/BJ86 -> 45.8955 | BH86: =IF(BS86="Original",Z86,AQ86) -> 45.8955 | BI86: =IF(BS86="Original",AA86,AR86) -> Piece | BJ86: =IF(BS86="Original",AB86,AS86) -> 1 | BK86: =IF(BS86="Original",AC86,AT86) -> Possible UOM or LPP issue. | BL86: =IF(BS86="Original",AD86,AU86) -> Fastenal Approved Vendor | BM86: =IF(BS86="Original",AE86,AV86) -> 0964966 | BN86: =IF(BS86="Original",AF86,AW86) -> 0964966 | BO86: =IF(BS86="Original",AG86,AX86) -> Raw Materials | BP86: =IF(BS86="Original",AH86,AY86) -> 1-1/2" OD x 0.083" Wall x 6' L ASTM A513 ERW Welded Mechanical Steel Square Tube | BQ86: =IF(BS86="Original",AI86,AZ86) -> Similar Match | BR86: =IF(BS86="Original",AJ86,BA86) -> No | BS86: =IF(AQ86="","Original",IF(AP86<Y86,"Alternate","Original")) -> Original
A87: VRC_Cascadia Multiple Suppliers | B87: 85 | F87: MSC | G87: 03359361 | H87: 1 1/2 by 12 wheel | N87: EA | O87: 1 | P87: 130.09 | Q87: 1 | R87: =P87/O87 -> 130.09 | S87: =Q87*O87 -> 1 | T87: =S87*R87 -> 130.09 | U87: =IFERROR(T87-X87,0) -> -29.5079 | V87: =IFERROR(U87/T87,0) -> -0.22682681 | W87: =IF($V87<0,"Negative",IF($V87=0,"Same",IF($V87>0.3,"30+%",IF($V87>0.2,"20-30%",IF($V87>0.1,"10-20%",IF($V87<=0.1,"0-10%")))))) -> Negative | X87: =IFERROR(Y87*S87,0) -> 159.5979 | Y87: =IFERROR(Z87/AB87,0) -> 159.5979 | Z87: 797.9895 | AA87: Pack | AB87: 5 | AD87: Norton Abrasives | AE87: 66253214987 | AF87: 0890467 | AG87: Abrasives | AH87: 12" X 1-1/2" X 5" White Aluminum Oxide Grade I Type 01 Toolroom Wheels | AI87: Exact Match | AJ87: No | BC87: =T87-BF87 -> -29.5079 | BD87: =BC87/T87 -> -0.22682681 | BE87: =IF(BD87<0,"Negative",IF(BD87=0,"Same",IF(BD87>0.3,"30+%",IF(BD87>0.2,"20-30%",IF(BD87>0.1,"10-20%",IF(BD87<=0.1,"0-10%")))))) -> Negative | BF87: =BG87*S87 -> 159.5979 | BG87: =BH87/BJ87 -> 159.5979 | BH87: =IF(BS87="Original",Z87,AQ87) -> 797.9895 | BI87: =IF(BS87="Original",AA87,AR87) -> Pack | BJ87: =IF(BS87="Original",AB87,AS87) -> 5 | BL87: =IF(BS87="Original",AD87,AU87) -> Norton Abrasives | BM87: =IF(BS87="Original",AE87,AV87) -> 66253214987 | BN87: =IF(BS87="Original",AF87,AW87) -> 0890467 | BO87: =IF(BS87="Original",AG87,AX87) -> Abrasives | BP87: =IF(BS87="Original",AH87,AY87) -> 12" X 1-1/2" X 5" White Aluminum Oxide Grade I Type 01 Toolroom Wheels | BQ87: =IF(BS87="Original",AI87,AZ87) -> Exact Match | BR87: =IF(BS87="Original",AJ87,BA87) -> No | BS87: =IF(AQ87="","Original",IF(AP87<Y87,"Alternate","Original")) -> Original
A88: VRC_Cascadia Multiple Suppliers | B88: 86 | F88: MSC | G88: INS-0080 | H88: HI 008 WH 8-32 EZ LOK | N88: EA | O88: 1 | P88: 62.82 | Q88: 2 | R88: =P88/O88 -> 62.82 | S88: =Q88*O88 -> 2 | T88: =S88*R88 -> 125.64 | U88: =IFERROR(T88-X88,0) -> 125.50168 | V88: =IFERROR(U88/T88,0) -> 0.99889908 | W88: =IF($V88<0,"Negative",IF($V88=0,"Same",IF($V88>0.3,"30+%",IF($V88>0.2,"20-30%",IF($V88>0.1,"10-20%",IF($V88<=0.1,"0-10%")))))) -> 30+% | X88: =IFERROR(Y88*S88,0) -> 0.13832 | Y88: =IFERROR(Z88/AB88,0) -> 0.06916 | Z88: 6.916 | AA88: Case | AB88: 100 | AC88: Possible UOM or LPP issue. | AD88: Fastenal Approved Vendor | AE88: HI-008-WH | AF88: 11126017 | AG88: Fasteners | AH88: #8-32 IntThrd Brass Straight Flush Insert For Thermoplastic | AI88: Exact Match | AJ88: No | BC88: =T88-BF88 -> 125.50168 | BD88: =BC88/T88 -> 0.99889908 | BE88: =IF(BD88<0,"Negative",IF(BD88=0,"Same",IF(BD88>0.3,"30+%",IF(BD88>0.2,"20-30%",IF(BD88>0.1,"10-20%",IF(BD88<=0.1,"0-10%")))))) -> 30+% | BF88: =BG88*S88 -> 0.13832 | BG88: =BH88/BJ88 -> 0.06916 | BH88: =IF(BS88="Original",Z88,AQ88) -> 6.916 | BI88: =IF(BS88="Original",AA88,AR88) -> Case | BJ88: =IF(BS88="Original",AB88,AS88) -> 100 | BK88: =IF(BS88="Original",AC88,AT88) -> Possible UOM or LPP issue. | BL88: =IF(BS88="Original",AD88,AU88) -> Fastenal Approved Vendor | BM88: =IF(BS88="Original",AE88,AV88) -> HI-008-WH | BN88: =IF(BS88="Original",AF88,AW88) -> 11126017 | BO88: =IF(BS88="Original",AG88,AX88) -> Fasteners | BP88: =IF(BS88="Original",AH88,AY88) -> #8-32 IntThrd Brass Straight Flush Insert For Thermoplastic | BQ88: =IF(BS88="Original",AI88,AZ88) -> Exact Match | BR88: =IF(BS88="Original",AJ88,BA88) -> No | BS88: =IF(AQ88="","Original",IF(AP88<Y88,"Alternate","Original")) -> Original
A89: VRC_Cascadia Multiple Suppliers | B89: 87 | F89: Grainger | G89: 24W596 | H89: T12 Flourescent Bulb 30 pk | N89: EA | O89: 1 | P89: 125.57 | Q89: 1 | R89: =P89/O89 -> 125.57 | S89: =Q89*O89 -> 1 | T89: =S89*R89 -> 125.57 | U89: =IFERROR(T89-X89,0) -> 123.2195 | V89: =IFERROR(U89/T89,0) -> 0.98128136 | W89: =IF($V89<0,"Negative",IF($V89=0,"Same",IF($V89>0.3,"30+%",IF($V89>0.2,"20-30%",IF($V89>0.1,"10-20%",IF($V89<=0.1,"0-10%")))))) -> 30+% | X89: =IFERROR(Y89*S89,0) -> 2.3505 | Y89: =IFERROR(Z89/AB89,0) -> 2.3505 | Z89: 2.3505 | AA89: Piece | AB89: 1 | AC89: Possible UOM or LPP issue. | AD89: ATR LIGHTING | AE89: 52715 | AF89: 07002157 | AG89: Lighting | AH89: 34W 48" T12 Bi-Pin Base F34/CX41/WM/ECO 4100K 20000hr GE Linear Fluorescent Lamp | AI89: Exact Match | AJ89: No | BC89: =T89-BF89 -> 123.2195 | BD89: =BC89/T89 -> 0.98128136 | BE89: =IF(BD89<0,"Negative",IF(BD89=0,"Same",IF(BD89>0.3,"30+%",IF(BD89>0.2,"20-30%",IF(BD89>0.1,"10-20%",IF(BD89<=0.1,"0-10%")))))) -> 30+% | BF89: =BG89*S89 -> 2.3505 | BG89: =BH89/BJ89 -> 2.3505 | BH89: =IF(BS89="Original",Z89,AQ89) -> 2.3505 | BI89: =IF(BS89="Original",AA89,AR89) -> Piece | BJ89: =IF(BS89="Original",AB89,AS89) -> 1 | BK89: =IF(BS89="Original",AC89,AT89) -> Possible UOM or LPP issue. | BL89: =IF(BS89="Original",AD89,AU89) -> ATR LIGHTING | BM89: =IF(BS89="Original",AE89,AV89) -> 52715 | BN89: =IF(BS89="Original",AF89,AW89) -> 07002157 | BO89: =IF(BS89="Original",AG89,AX89) -> Lighting | BP89: =IF(BS89="Original",AH89,AY89) -> 34W 48" T12 Bi-Pin Base F34/CX41/WM/ECO 4100K 20000hr GE Linear Fluorescent Lamp | BQ89: =IF(BS89="Original",AI89,AZ89) -> Exact Match | BR89: =IF(BS89="Original",AJ89,BA89) -> No | BS89: =IF(AQ89="","Original",IF(AP89<Y89,"Alternate","Original")) -> Original
A90: VRC_Cascadia Multiple Suppliers | B90: 88 | F90: McMaster-Carr | G90: 45015k21 | H90: Rod seal installation tool 1"-1.5" | N90: EA | O90: 1 | P90: 41.84 | Q90: 3 | R90: =P90/O90 -> 41.84 | S90: =Q90*O90 -> 3 | T90: =S90*R90 -> 125.52 | AI90: Non-Supported Product | BQ90: =IF(BS90="Original",AI90,AZ90) -> Non-Supported Product | BS90: =IF(AQ90="","Original",IF(AP90<Y90,"Alternate","Original")) -> Original
A91: VRC_Cascadia Multiple Suppliers | B91: 89 | F91: McMaster-Carr | G91: 2302A114 | H91: gage pin handles | N91: EA | O91: 1 | P91: 124.9 | Q91: 1 | R91: =P91/O91 -> 124.9 | S91: =Q91*O91 -> 1 | T91: =S91*R91 -> 124.9 | U91: =IFERROR(T91-X91,0) -> 80.7055 | V91: =IFERROR(U91/T91,0) -> 0.64616093 | W91: =IF($V91<0,"Negative",IF($V91=0,"Same",IF($V91>0.3,"30+%",IF($V91>0.2,"20-30%",IF($V91>0.1,"10-20%",IF($V91<=0.1,"0-10%")))))) -> 30+% | X91: =IFERROR(Y91*S91,0) -> 44.1945 | Y91: =IFERROR(Z91/AB91,0) -> 44.1945 | Z91: 44.1945 | AA91: Piece | AB91: 1 | AC91: Possible UOM or LPP issue. | AD91: ACCURATE MANUFACTURED PRODUCTS | AE91: Z2800-PURPLE | AF91: 920147528 | AG91: Test and Measurement | AH91: PIN GAGE HANDLE PURPLE SOLID ALUMINUM 1/32-1/2GO/NO GO | AI91: Exact Match | AJ91: No | BC91: =T91-BF91 -> 80.7055 | BD91: =BC91/T91 -> 0.64616093 | BE91: =IF(BD91<0,"Negative",IF(BD91=0,"Same",IF(BD91>0.3,"30+%",IF(BD91>0.2,"20-30%",IF(BD91>0.1,"10-20%",IF(BD91<=0.1,"0-10%")))))) -> 30+% | BF91: =BG91*S91 -> 44.1945 | BG91: =BH91/BJ91 -> 44.1945 | BH91: =IF(BS91="Original",Z91,AQ91) -> 44.1945 | BI91: =IF(BS91="Original",AA91,AR91) -> Piece | BJ91: =IF(BS91="Original",AB91,AS91) -> 1 | BK91: =IF(BS91="Original",AC91,AT91) -> Possible UOM or LPP issue. | BL91: =IF(BS91="Original",AD91,AU91) -> ACCURATE MANUFACTURED PRODUCTS | BM91: =IF(BS91="Original",AE91,AV91) -> Z2800-PURPLE | BN91: =IF(BS91="Original",AF91,AW91) -> 920147528 | BO91: =IF(BS91="Original",AG91,AX91) -> Test and Measurement | BP91: =IF(BS91="Original",AH91,AY91) -> PIN GAGE HANDLE PURPLE SOLID ALUMINUM 1/32-1/2GO/NO GO | BQ91: =IF(BS91="Original",AI91,AZ91) -> Exact Match | BR91: =IF(BS91="Original",AJ91,BA91) -> No | BS91: =IF(AQ91="","Original",IF(AP91<Y91,"Alternate","Original")) -> Original
A92: VRC_Cascadia Multiple Suppliers | B92: 90 | F92: McMaster-Carr | G92: 2302A55 | H92: Gage pin handles f6815 | N92: EA | O92: 1 | P92: 124.85 | Q92: 1 | R92: =P92/O92 -> 124.85 | S92: =Q92*O92 -> 1 | T92: =S92*R92 -> 124.85 | AI92: Non-Supported Product | BQ92: =IF(BS92="Original",AI92,AZ92) -> Non-Supported Product | BS92: =IF(AQ92="","Original",IF(AP92<Y92,"Alternate","Original")) -> Original
A93: VRC_Cascadia Multiple Suppliers | B93: 91 | F93: Grainger | G93: 11Z094 | H93: Floor Marking Tape, Pattern Striped, Red, White, Width 2 in, Roll Length 100 ft | N93: EA | O93: 1 | P93: 62.4 | Q93: 2 | R93: =P93/O93 -> 62.4 | S93: =Q93*O93 -> 2 | T93: =S93*R93 -> 124.8 | U93: =IFERROR(T93-X93,0) -> 48.3452 | V93: =IFERROR(U93/T93,0) -> 0.38738141 | W93: =IF($V93<0,"Negative",IF($V93=0,"Same",IF($V93>0.3,"30+%",IF($V93>0.2,"20-30%",IF($V93>0.1,"10-20%",IF($V93<=0.1,"0-10%")))))) -> 30+% | X93: =IFERROR(Y93*S93,0) -> 76.4548 | Y93: =IFERROR(Z93/AB93,0) -> 38.2274 | Z93: 38.2274 | AA93: Roll | AB93: 1 | AD93: Brady[REG] | AE93: 104318 | AF93: 1031846 | AG93: Safety | AH93: 33 yd (100') L X 2" W 8 mil Toughstripe[TM] Red / White Stripe Hazard Warning Tape Blank | AI93: Exact Match | AJ93: No | AL93: =IF(AQ93="","",T93-AO93) -> 113.784 | AM93: =IFERROR(AL93/T93,"") -> 0.91173077 | AN93: =IF(AM93="","",IF(AM93<0,"Negative",IF(AM93=0,"Same",IF(AM93>0.3,"30+%",IF(AM93>0.2,"20-30%",IF(AM93>0.1,"10-20%",IF(AM93<=0.1,"0-10%"))))))) -> 30+% | AO93: =IFERROR(AP93*S93,"") -> 11.016 | AP93: =IFERROR(AQ93/AS93,"") -> 5.508 | AQ93: 5.508 | AR93: Roll | AS93: 1 | AT93: Possible UOM or LPP issue. Offering 36 yards vs 33 yards of Exact Match and 6 mil rather than 8 mil. | AU93: Agent[REG] | AV93: 1054431 | AW93: 1054431 | AX93: Safety | AY93: 36 yd (108') L X 2" W 6 mil Agent[REG] Red / White Stripe Hazard Warning Tape Blank | AZ93: Similar Match | BA93: No | BC93: =T93-BF93 -> 113.784 | BD93: =BC93/T93 -> 0.91173077 | BE93: =IF(BD93<0,"Negative",IF(BD93=0,"Same",IF(BD93>0.3,"30+%",IF(BD93>0.2,"20-30%",IF(BD93>0.1,"10-20%",IF(BD93<=0.1,"0-10%")))))) -> 30+% | BF93: =BG93*S93 -> 11.016 | BG93: =BH93/BJ93 -> 5.508 | BH93: =IF(BS93="Original",Z93,AQ93) -> 5.508 | BI93: =IF(BS93="Original",AA93,AR93) -> Roll | BJ93: =IF(BS93="Original",AB93,AS93) -> 1 | BK93: =IF(BS93="Original",AC93,AT93) -> Possible UOM or LPP issue. Offering 36 yards vs 33 yards of Exact Match and 6 mil rather than 8 mil. | BL93: =IF(BS93="Original",AD93,AU93) -> Agent[REG] | BM93: =IF(BS93="Original",AE93,AV93) -> 1054431 | BN93: =IF(BS93="Original",AF93,AW93) -> 1054431 | BO93: =IF(BS93="Original",AG93,AX93) -> Safety | BP93: =IF(BS93="Original",AH93,AY93) -> 36 yd (108') L X 2" W 6 mil Agent[REG] Red / White Stripe Hazard Warning Tape Blank | BQ93: =IF(BS93="Original",AI93,AZ93) -> Similar Match | BR93: =IF(BS93="Original",AJ93,BA93) -> No | BS93: =IF(AQ93="","Original",IF(AP93<Y93,"Alternate","Original")) -> Alternate
A94: VRC_Cascadia Multiple Suppliers | B94: 92 | F94: Grainger | G94: 11Z096 | H94: Yellow floor marking tape | N94: EA | O94: 1 | P94: 124.79 | Q94: 1 | R94: =P94/O94 -> 124.79 | S94: =Q94*O94 -> 1 | T94: =S94*R94 -> 124.79 | U94: =IFERROR(T94-X94,0) -> 90.2893 | V94: =IFERROR(U94/T94,0) -> 0.72352993 | W94: =IF($V94<0,"Negative",IF($V94=0,"Same",IF($V94>0.3,"30+%",IF($V94>0.2,"20-30%",IF($V94>0.1,"10-20%",IF($V94<=0.1,"0-10%")))))) -> 30+% | X94: =IFERROR(Y94*S94,0) -> 34.5007 | Y94: =IFERROR(Z94/AB94,0) -> 34.5007 | Z94: 34.5007 | AA94: Roll | AB94: 1 | AC94: Possible UOM or LPP issue. | AD94: Toughstripe[TM] | AE94: 104312 | AF94: 1031840 | AG94: Safety | AH94: 33 yd (100') L X 2" W 8 mil Toughstripe[TM] Yellow General Purpose Floor Marking Tape Blank | AI94: Exact Match | AJ94: Yes | AL94: =IF(AQ94="","",T94-AO94) -> 121.0115 | AM94: =IFERROR(AL94/T94,"") -> 0.96972113 | AN94: =IF(AM94="","",IF(AM94<0,"Negative",IF(AM94=0,"Same",IF(AM94>0.3,"30+%",IF(AM94>0.2,"20-30%",IF(AM94>0.1,"10-20%",IF(AM94<=0.1,"0-10%"))))))) -> 30+% | AO94: =IFERROR(AP94*S94,"") -> 3.7785 | AP94: =IFERROR(AQ94/AS94,"") -> 3.7785 | AQ94: 3.7785 | AR94: Roll | AS94: 1 | AT94: Possible UOM or LPP issue. | AU94: Talon[REG] | AV94: 1014652 | AW94: 1014652 | AX94: Safety | AY94: 36 yd (108') L X 2" W 6 mil Yellow General Purpose Aisle Marking Tape Blank | AZ94: Similar Match | BA94: Yes | BC94: =T94-BF94 -> 121.0115 | BD94: =BC94/T94 -> 0.96972113 | BE94: =IF(BD94<0,"Negative",IF(BD94=0,"Same",IF(BD94>0.3,"30+%",IF(BD94>0.2,"20-30%",IF(BD94>0.1,"10-20%",IF(BD94<=0.1,"0-10%")))))) -> 30+% | BF94: =BG94*S94 -> 3.7785 | BG94: =BH94/BJ94 -> 3.7785 | BH94: =IF(BS94="Original",Z94,AQ94) -> 3.7785 | BI94: =IF(BS94="Original",AA94,AR94) -> Roll | BJ94: =IF(BS94="Original",AB94,AS94) -> 1 | BK94: =IF(BS94="Original",AC94,AT94) -> Possible UOM or LPP issue. | BL94: =IF(BS94="Original",AD94,AU94) -> Talon[REG] | BM94: =IF(BS94="Original",AE94,AV94) -> 1014652 | BN94: =IF(BS94="Original",AF94,AW94) -> 1014652 | BO94: =IF(BS94="Original",AG94,AX94) -> Safety | BP94: =IF(BS94="Original",AH94,AY94) -> 36 yd (108') L X 2" W 6 mil Yellow General Purpose Aisle Marking Tape Blank | BQ94: =IF(BS94="Original",AI94,AZ94) -> Similar Match | BR94: =IF(BS94="Original",AJ94,BA94) -> Yes | BS94: =IF(AQ94="","Original",IF(AP94<Y94,"Alternate","Original")) -> Alternate
A95: VRC_Cascadia Multiple Suppliers | B95: 93 | F95: MSC | G95: 55306153 | H95: #2-56 Class 2B, 3B, Single End PPlug Thread Go Gage | N95: EA | O95: 1 | P95: 122.61 | Q95: 1 | R95: =P95/O95 -> 122.61 | S95: =Q95*O95 -> 1 | T95: =S95*R95 -> 122.61 | U95: =IFERROR(T95-X95,0) -> 69.1624 | V95: =IFERROR(U95/T95,0) -> 0.5640845 | W95: =IF($V95<0,"Negative",IF($V95=0,"Same",IF($V95>0.3,"30+%",IF($V95>0.2,"20-30%",IF($V95>0.1,"10-20%",IF($V95<=0.1,"0-10%")))))) -> 30+% | X95: =IFERROR(Y95*S95,0) -> 53.4476 | Y95: =IFERROR(Z95/AB95,0) -> 53.4476 | Z95: 53.4476 | AA95: Piece | AB95: 1 | AD95: GF Gage | AE95: W008656GK | AF95: 0357716 | AG95: Test and Measurement | AH95: #2-56 2B, 3B Taperlock GO Plug Gage | AI95: Exact Match | AJ95: No | BC95: =T95-BF95 -> 69.1624 | BD95: =BC95/T95 -> 0.5640845 | BE95: =IF(BD95<0,"Negative",IF(BD95=0,"Same",IF(BD95>0.3,"30+%",IF(BD95>0.2,"20-30%",IF(BD95>0.1,"10-20%",IF(BD95<=0.1,"0-10%")))))) -> 30+% | BF95: =BG95*S95 -> 53.4476 | BG95: =BH95/BJ95 -> 53.4476 | BH95: =IF(BS95="Original",Z95,AQ95) -> 53.4476 | BI95: =IF(BS95="Original",AA95,AR95) -> Piece | BJ95: =IF(BS95="Original",AB95,AS95) -> 1 | BL95: =IF(BS95="Original",AD95,AU95) -> GF Gage | BM95: =IF(BS95="Original",AE95,AV95) -> W008656GK | BN95: =IF(BS95="Original",AF95,AW95) -> 0357716 | BO95: =IF(BS95="Original",AG95,AX95) -> Test and Measurement | BP95: =IF(BS95="Original",AH95,AY95) -> #2-56 2B, 3B Taperlock GO Plug Gage | BQ95: =IF(BS95="Original",AI95,AZ95) -> Exact Match | BR95: =IF(BS95="Original",AJ95,BA95) -> No | BS95: =IF(AQ95="","Original",IF(AP95<Y95,"Alternate","Original")) -> Original
A96: VRC_Cascadia Multiple Suppliers | B96: 94 | F96: MSC | G96: 60476157 | H96: band saw blades | N96: EA | O96: 1 | P96: 122.41 | Q96: 1 | R96: =P96/O96 -> 122.41 | S96: =Q96*O96 -> 1 | T96: =S96*R96 -> 122.41 | U96: =IFERROR(T96-X96,0) -> 67.4695 | V96: =IFERROR(U96/T96,0) -> 0.55117637 | W96: =IF($V96<0,"Negative",IF($V96=0,"Same",IF($V96>0.3,"30+%",IF($V96>0.2,"20-30%",IF($V96>0.1,"10-20%",IF($V96<=0.1,"0-10%")))))) -> 30+% | X96: =IFERROR(Y96*S96,0) -> 54.9405 | Y96: =IFERROR(Z96/AB96,0) -> 54.9405 | Z96: 54.9405 | AA96: Piece | AB96: 1 | AD96: Lenox[REG] | AE96: 80455CLB113530 | AF96: 3246808 | AG96: Cutting Tools and Metalworking | AH96: 11' 7" x 3/4" 6-10 TPI 0.035" Classic[REG] Band Saw Blade | AI96: Exact Match | AJ96: No | BC96: =T96-BF96 -> 67.4695 | BD96: =BC96/T96 -> 0.55117637 | BE96: =IF(BD96<0,"Negative",IF(BD96=0,"Same",IF(BD96>0.3,"30+%",IF(BD96>0.2,"20-30%",IF(BD96>0.1,"10-20%",IF(BD96<=0.1,"0-10%")))))) -> 30+% | BF96: =BG96*S96 -> 54.9405 | BG96: =BH96/BJ96 -> 54.9405 | BH96: =IF(BS96="Original",Z96,AQ96) -> 54.9405 | BI96: =IF(BS96="Original",AA96,AR96) -> Piece | BJ96: =IF(BS96="Original",AB96,AS96) -> 1 | BL96: =IF(BS96="Original",AD96,AU96) -> Lenox[REG] | BM96: =IF(BS96="Original",AE96,AV96) -> 80455CLB113530 | BN96: =IF(BS96="Original",AF96,AW96) -> 3246808 | BO96: =IF(BS96="Original",AG96,AX96) -> Cutting Tools and Metalworking | BP96: =IF(BS96="Original",AH96,AY96) -> 11' 7" x 3/4" 6-10 TPI 0.035" Classic[REG] Band Saw Blade | BQ96: =IF(BS96="Original",AI96,AZ96) -> Exact Match | BR96: =IF(BS96="Original",AJ96,BA96) -> No | BS96: =IF(AQ96="","Original",IF(AP96<Y96,"Alternate","Original")) -> Original
A97: VRC_Cascadia Multiple Suppliers | B97: 95 | F97: MSC | G97: 01408301 | H97: #30 Drill Bit | N97: EA | O97: 1 | P97: 60.58 | Q97: 2 | R97: =P97/O97 -> 60.58 | S97: =Q97*O97 -> 2 | T97: =S97*R97 -> 121.16 | U97: =IFERROR(T97-X97,0) -> 104.717 | V97: =IFERROR(U97/T97,0) -> 0.86428689 | W97: =IF($V97<0,"Negative",IF($V97=0,"Same",IF($V97>0.3,"30+%",IF($V97>0.2,"20-30%",IF($V97>0.1,"10-20%",IF($V97<=0.1,"0-10%")))))) -> 30+% | X97: =IFERROR(Y97*S97,0) -> 16.443 | Y97: =IFERROR(Z97/AB97,0) -> 8.2215 | Z97: 98.658 | AA97: Case | AB97: 12 | AC97: Possible UOM or LPP issue. | AD97: Chicago-Latrobe | AE97: 50320 | AF97: 0356498 | AG97: Cutting Tools and Metalworking | AH97: #30 HSS 118[DEG] Black Oxide Finish, Taper Length Drill | AI97: Similar Match | AJ97: No | BC97: =T97-BF97 -> 104.717 | BD97: =BC97/T97 -> 0.86428689 | BE97: =IF(BD97<0,"Negative",IF(BD97=0,"Same",IF(BD97>0.3,"30+%",IF(BD97>0.2,"20-30%",IF(BD97>0.1,"10-20%",IF(BD97<=0.1,"0-10%")))))) -> 30+% | BF97: =BG97*S97 -> 16.443 | BG97: =BH97/BJ97 -> 8.2215 | BH97: =IF(BS97="Original",Z97,AQ97) -> 98.658 | BI97: =IF(BS97="Original",AA97,AR97) -> Case | BJ97: =IF(BS97="Original",AB97,AS97) -> 12 | BK97: =IF(BS97="Original",AC97,AT97) -> Possible UOM or LPP issue. | BL97: =IF(BS97="Original",AD97,AU97) -> Chicago-Latrobe | BM97: =IF(BS97="Original",AE97,AV97) -> 50320 | BN97: =IF(BS97="Original",AF97,AW97) -> 0356498 | BO97: =IF(BS97="Original",AG97,AX97) -> Cutting Tools and Metalworking | BP97: =IF(BS97="Original",AH97,AY97) -> #30 HSS 118[DEG] Black Oxide Finish, Taper Length Drill | BQ97: =IF(BS97="Original",AI97,AZ97) -> Similar Match | BR97: =IF(BS97="Original",AJ97,BA97) -> No | BS97: =IF(AQ97="","Original",IF(AP97<Y97,"Alternate","Original")) -> Original
A98: VRC_Cascadia Multiple Suppliers | B98: 96 | F98: Grainger | G98: 1AZ97 | H98: GLACIER FREEZE GATORADE | N98: EA | O98: 1 | P98: 120.53 | Q98: 1 | R98: =P98/O98 -> 120.53 | S98: =Q98*O98 -> 1 | T98: =S98*R98 -> 120.53 | U98: =IFERROR(T98-X98,0) -> 116.1038 | V98: =IFERROR(U98/T98,0) -> 0.96327719 | W98: =IF($V98<0,"Negative",IF($V98=0,"Same",IF($V98>0.3,"30+%",IF($V98>0.2,"20-30%",IF($V98>0.1,"10-20%",IF($V98<=0.1,"0-10%")))))) -> 30+% | X98: =IFERROR(Y98*S98,0) -> 4.4262 | Y98: =IFERROR(Z98/AB98,0) -> 4.4262 | Z98: 4.4262 | AA98: Piece | AB98: 1 | AC98: Possible UOM or LPP issue. | AD98: Glacier Freeze[TM] | AE98: 33677 | AF98: 1002864 | AG98: Safety | AH98: 21oz Packet (2.5gal Yield) Glacier Freeze[TM] Gatorade[TM] Powder Concentrate Sports Drink | AI98: Exact Match | AJ98: No | BC98: =T98-BF98 -> 116.1038 | BD98: =BC98/T98 -> 0.96327719 | BE98: =IF(BD98<0,"Negative",IF(BD98=0,"Same",IF(BD98>0.3,"30+%",IF(BD98>0.2,"20-30%",IF(BD98>0.1,"10-20%",IF(BD98<=0.1,"0-10%")))))) -> 30+% | BF98: =BG98*S98 -> 4.4262 | BG98: =BH98/BJ98 -> 4.4262 | BH98: =IF(BS98="Original",Z98,AQ98) -> 4.4262 | BI98: =IF(BS98="Original",AA98,AR98) -> Piece | BJ98: =IF(BS98="Original",AB98,AS98) -> 1 | BK98: =IF(BS98="Original",AC98,AT98) -> Possible UOM or LPP issue. | BL98: =IF(BS98="Original",AD98,AU98) -> Glacier Freeze[TM] | BM98: =IF(BS98="Original",AE98,AV98) -> 33677 | BN98: =IF(BS98="Original",AF98,AW98) -> 1002864 | BO98: =IF(BS98="Original",AG98,AX98) -> Safety | BP98: =IF(BS98="Original",AH98,AY98) -> 21oz Packet (2.5gal Yield) Glacier Freeze[TM] Gatorade[TM] Powder Concentrate Sports Drink | BQ98: =IF(BS98="Original",AI98,AZ98) -> Exact Match | BR98: =IF(BS98="Original",AJ98,BA98) -> No | BS98: =IF(AQ98="","Original",IF(AP98<Y98,"Alternate","Original")) -> Original
A99: VRC_Cascadia Multiple Suppliers | B99: 97 | F99: Grainger | G99: 3AP83 | H99: FRUIT PUNCH GATORADE | N99: EA | O99: 1 | P99: 120.53 | Q99: 1 | R99: =P99/O99 -> 120.53 | S99: =Q99*O99 -> 1 | T99: =S99*R99 -> 120.53 | U99: =IFERROR(T99-X99,0) -> 116.1038 | V99: =IFERROR(U99/T99,0) -> 0.96327719 | W99: =IF($V99<0,"Negative",IF($V99=0,"Same",IF($V99>0.3,"30+%",IF($V99>0.2,"20-30%",IF($V99>0.1,"10-20%",IF($V99<=0.1,"0-10%")))))) -> 30+% | X99: =IFERROR(Y99*S99,0) -> 4.4262 | Y99: =IFERROR(Z99/AB99,0) -> 4.4262 | Z99: 4.4262 | AA99: Piece | AB99: 1 | AC99: Possible UOM or LPP issue. | AD99: GATORADE/FRITO LAY | AE99: 33691 | AF99: 2326-33691 | AG99: Safety | AH99: 21oz Packet (2.5gal Yield) Fruit Punch Gatorade[TM]Powder Concentrate Sports Drink | AI99: Exact Match | AJ99: No | AL99: =IF(AQ99="","",T99-AO99) -> 116.6834 | AM99: =IFERROR(AL99/T99,"") -> 0.96808595 | AN99: =IF(AM99="","",IF(AM99<0,"Negative",IF(AM99=0,"Same",IF(AM99>0.3,"30+%",IF(AM99>0.2,"20-30%",IF(AM99>0.1,"10-20%",IF(AM99<=0.1,"0-10%"))))))) -> 30+% | AO99: =IFERROR(AP99*S99,"") -> 3.8466 | AP99: =IFERROR(AQ99/AS99,"") -> 3.8466 | AQ99: 3.8466 | AR99: Piece | AS99: 1 | AT99: Possible UOM or LPP issue. | AU99: Sqwincher[REG] | AV99: 159016042 | AW99: 1003020 | AX99: Safety | AY99: 23.83oz Packet (2.5gal Yield) Fruit Punch Sqwincher[REG] Powder Concentrate Electrolyte Replacement Sports Drink | AZ99: Similar Match | BA99: Yes | BC99: =T99-BF99 -> 116.6834 | BD99: =BC99/T99 -> 0.96808595 | BE99: =IF(BD99<0,"Negative",IF(BD99=0,"Same",IF(BD99>0.3,"30+%",IF(BD99>0.2,"20-30%",IF(BD99>0.1,"10-20%",IF(BD99<=0.1,"0-10%")))))) -> 30+% | BF99: =BG99*S99 -> 3.8466 | BG99: =BH99/BJ99 -> 3.8466 | BH99: =IF(BS99="Original",Z99,AQ99) -> 3.8466 | BI99: =IF(BS99="Original",AA99,AR99) -> Piece | BJ99: =IF(BS99="Original",AB99,AS99) -> 1 | BK99: =IF(BS99="Original",AC99,AT99) -> Possible UOM or LPP issue. | BL99: =IF(BS99="Original",AD99,AU99) -> Sqwincher[REG] | BM99: =IF(BS99="Original",AE99,AV99) -> 159016042 | BN99: =IF(BS99="Original",AF99,AW99) -> 1003020 | BO99: =IF(BS99="Original",AG99,AX99) -> Safety | BP99: =IF(BS99="Original",AH99,AY99) -> 23.83oz Packet (2.5gal Yield) Fruit Punch Sqwincher[REG] Powder Concentrate Electrolyte Replacement Sports Drink | BQ99: =IF(BS99="Original",AI99,AZ99) -> Similar Match | BR99: =IF(BS99="Original",AJ99,BA99) -> Yes | BS99: =IF(AQ99="","Original",IF(AP99<Y99,"Alternate","Original")) -> Alternate
A100: VRC_Cascadia Multiple Suppliers | B100: 98 | F100: Grainger | G100: 5T405 | H100: LEMON LIME GATORADE | N100: EA | O100: 1 | P100: 120.53 | Q100: 1 | R100: =P100/O100 -> 120.53 | S100: =Q100*O100 -> 1 | T100: =S100*R100 -> 120.53 | U100: =IFERROR(T100-X100,0) -> 116.1038 | V100: =IFERROR(U100/T100,0) -> 0.96327719 | W100: =IF($V100<0,"Negative",IF($V100=0,"Same",IF($V100>0.3,"30+%",IF($V100>0.2,"20-30%",IF($V100>0.1,"10-20%",IF($V100<=0.1,"0-10%")))))) -> 30+% | X100: =IFERROR(Y100*S100,0) -> 4.4262 | Y100: =IFERROR(Z100/AB100,0) -> 4.4262 | Z100: 4.4262 | AA100: Piece | AB100: 1 | AC100: Possible UOM or LPP issue. | AD100: GATORADE/FRITO LAY | AE100: 03969 | AF100: 2326-03969 | AG100: Safety | AH100: 21oz Packet (2.5gal Yield) Lemon-Lime Gatorade[TM] Powder Concentrate Sports Drink | AI100: Exact Match | AJ100: No | AL100: =IF(AQ100="","",T100-AO100) -> 116.4589 | AM100: =IFERROR(AL100/T100,"") -> 0.96622335 | AN100: =IF(AM100="","",IF(AM100<0,"Negative",IF(AM100=0,"Same",IF(AM100>0.3,"30+%",IF(AM100>0.2,"20-30%",IF(AM100>0.1,"10-20%",IF(AM100<=0.1,"0-10%"))))))) -> 30+% | AO100: =IFERROR(AP100*S100,"") -> 4.0711 | AP100: =IFERROR(AQ100/AS100,"") -> 4.0711 | AQ100: 4.0711 | AR100: Piece | AS100: 1 | AT100: Possible UOM or LPP issue. | AU100: Sqwincher[REG] | AV100: 159016043 | AW100: 1003021 | AX100: Safety | AY100: 23.83oz Packet (2.5gal Yield) Lemon-Lime Sqwincher[REG] Powder Concentrate Electrolyte Replacement Sports Drink | AZ100: Similar Match | BA100: No | BC100: =T100-BF100 -> 116.4589 | BD100: =BC100/T100 -> 0.96622335 | BE100: =IF(BD100<0,"Negative",IF(BD100=0,"Same",IF(BD100>0.3,"30+%",IF(BD100>0.2,"20-30%",IF(BD100>0.1,"10-20%",IF(BD100<=0.1,"0-10%")))))) -> 30+% | BF100: =BG100*S100 -> 4.0711 | BG100: =BH100/BJ100 -> 4.0711 | BH100: =IF(BS100="Original",Z100,AQ100) -> 4.0711 | BI100: =IF(BS100="Original",AA100,AR100) -> Piece | BJ100: =IF(BS100="Original",AB100,AS100) -> 1 | BK100: =IF(BS100="Original",AC100,AT100) -> Possible UOM or LPP issue. | BL100: =IF(BS100="Original",AD100,AU100) -> Sqwincher[REG] | BM100: =IF(BS100="Original",AE100,AV100) -> 159016043 | BN100: =IF(BS100="Original",AF100,AW100) -> 1003021 | BO100: =IF(BS100="Original",AG100,AX100) -> Safety | BP100: =IF(BS100="Original",AH100,AY100) -> 23.83oz Packet (2.5gal Yield) Lemon-Lime Sqwincher[REG] Powder Concentrate Electrolyte Replacement Sports Drink | BQ100: =IF(BS100="Original",AI100,AZ100) -> Similar Match | BR100: =IF(BS100="Original",AJ100,BA100) -> No | BS100: =IF(AQ100="","Original",IF(AP100<Y100,"Alternate","Original")) -> Alternate
...

Sheet Guideline
C4: Color Code Legend | D4: Columns Found | E4: Notes
C5: Customer Data | D5: A-T | E5: Member data provided by PA team in columns "A-T". No changes should be made to these columns, sequence numbers must remain in tact
C6: Savings Calculations Formulas | D6: U-W, AL-AN, BC-BE | E6: Formulas should be copied down to review file savings. Use savings categories to aid in UoM and match checks
C7: PA Formula Fields | D7: X-Y, AO-AP, BF-BS | E7: No changes to be made, copy down formulas to aid in savings calculation
C8: Fastenal Product Input | D8: Z-AJ | E8: Provide product crosses that are exact or the closest possible match based on function and quality
C9: PA Notes | D9: AK, BB | E9: Used by PA to provide notes to Vendor
C10: Fastenal Alternate Solution | D10: AQ-BA | E10: Provide alternate products when possible with goal of maximizing savings
B12: Pricing Validation | D12: Notes
C13: PA PRICE | D13: PA pricing per pack should be entered into Columns Z and AQ (as applicable). An example is Blue Nitrile Gloves - $8.95/ PK100. Please provide $8.95 in this cell
C14: Fastenal UOM | D14: Unit of Measure to be provided in column AA and AR (as applicable). e.g. EA and PK.
C15: Fastenal UNITS/ PACK | D15: Number of items in pack entered into column AB and AS (as applicable). Based on our example on Nitrile Gloves please provide 100 in this cell
C16: Final File Check | D16: Outliers that are either +60% savings or -80% should have a note that the SKU has been confirmed
B19: File Checks | D19: Notes | E19: Validation
C20: Match Type (Column AI) | D20: Should be provided for all lines | E20: =IF((COUNTIF(Data!A:A,"<>")-COUNTIF(Data!AI:AI,"<>"))=0,"Complete","Insert Match Types") -> Complete
C21: CATEGORY | D21: Provided for all SKU crosses | E21: =IF((COUNTIF(Data!AG:AG,"<>")-COUNTIF(Data!AF:AF,"<>"))=0,"Complete","Update Category Info") -> Complete
C22: PRODUCT DESCRIPTION | D22: Provided for all SKU crosses | E22: =IF((COUNTIF(Data!AH:AH,"<>")-COUNTIF(Data!AF:AF,"<>"))=0,"Complete","Update Product Description") -> Complete
C23: PA CORE | D23: Provided for all SKU crosses | E23: =IF((COUNTIF(Data!AJ:AJ,"<>")-COUNTIF(Data!AF:AF,"<>"))=0,"Complete","Update PA Core") -> Complete
C24: Fastenal UOM | D24: Provided for all SKU crosses | E24: =IF((COUNTIF(Data!AA:AA,"<>")-COUNTIF(Data!AF:AF,"<>"))=0,"Complete","Update FNL UoM") -> Complete
C25: Fastenal UNITS/ PACK | D25: Provided for all SKU crosses | E25: =IF((COUNTIF(Data!AB:AB,"<>")-COUNTIF(Data!AF:AF,"<>"))=0,"Complete","Update Units per Pack") -> Complete

Sheet Match Types
C3: Match Type | D3: Code | E3: Definition
C4: Exact Match | D4: E | E4: Item matches the Mfg/Vendor Name and Mfg/Vendor Part Number provided by Member
C5: Similar Match | D5: SM | E5: Similar product related to form, fit, function based on Mfg/Vendor Name, Mfg/Vendor Part Number and/or Detailed Item Description provided by Member
C6: Potential Sourcing | D6: O | E6: Products are not available through the primary product offering. They would be sourced upon request for convienance.
C7: Not Enough Product Data | D7: X | E7: Unable to process due to: missing or incomplete Mfg/Vendor Name, Mfg/Vendor Part Number, incomplete detailed item descriptions and/or poor data quality in original Member data
C8: Metalworking Program | D8: MW | E8: Item would fall under Metalworking Program which is based on Total Cost of Ownership (TCO) savings
C9: Low Threshold Spend | D9: TAIL | E9: Items with low usage and/ or low spend (less than $100)
C10: Not Product Data | D10: NPD | E10: Lines representing non-product related data i.e. service fees, instruction manuals, quotes, repair services, calibration services, etc.
C11: Non-Supported Product | D11: NSP | E11: Products that are not supported by Fastenal
