Workbook

Sheet Summary
C1: Procurement Advisors
C2: BlueScope Steel | H2: 46000
A4: Incumbent | B4: Total Eligible Spend | C4: Benchmarked Spend | D4: Benchmarked % of Total | E4: PA Pricing | F4: Savings $ | G4: Savings | H4: Comments
A5: Airgas | B5: =C37 -> 1180039.5 | C5: =SUM('Item Detail'!O:O) -> 407377.1 | D5: =C5/B5 -> 0.34522328 | E5: =SUM('Item Detail'!S:S) -> 393855.52 | F5: =C5-E5 -> 13521.58 | G5: =SUM(1-(E5/C5)) -> 0.033191802 | H5: Like-to-like SKU benchmarking
A7: No. of SKUs | B7: Negative | C7: Same | D7: 0-10% | E7: 10-20% | F7: 20-30% | G7: 30+% | H7: Total
A8: Total SKUs | B8: =COUNTIF('Item Detail'!$R:$R,"Negative") -> 55 | C8: =COUNTIF('Item Detail'!$R:$R,"Same") -> 1 | D8: =COUNTIF('Item Detail'!$R:$R,"0-10%") -> 26 | E8: =COUNTIF('Item Detail'!$R:$R,"10-20%") -> 8 | F8: =COUNTIF('Item Detail'!$R:$R,"20-30%") -> 3 | G8: =COUNTIF('Item Detail'!$R:$R,"30+%") -> 9 | H8: =SUM(B8:G8) -> 102
A10: $ Spend | B10: Negative | C10: Same | D10: 0-10% | E10: 10-20% | F10: 20-30% | G10: 30+% | H10: Total
A11: =A5 -> Airgas | B11: =SUMIF('Item Detail'!$R:$R,"Negative",'Item Detail'!$O:$O) -> 78082.72 | C11: =SUMIF('Item Detail'!$R:$R,"Same",'Item Detail'!$O:$O) -> 16531.32 | D11: =SUMIF('Item Detail'!$R:$R,"0-10%",'Item Detail'!$O:$O) -> 146054.15 | E11: =SUMIF('Item Detail'!$R:$R,"10-20%",'Item Detail'!$O:$O) -> 113700.91 | F11: =SUMIF('Item Detail'!$R:$R,"20-30%",'Item Detail'!$O:$O) -> 15400.61 | G11: =SUMIF('Item Detail'!$R:$R,"30+%",'Item Detail'!$O:$O) -> 37607.39 | H11: =SUM(B11:G11) -> 407377.1
A12: WWG-PA | B12: =SUMIF('Item Detail'!$R:$R,"Negative",'Item Detail'!$S:$S) -> 106802.58 | C12: =SUMIF('Item Detail'!$R:$R,"Same",'Item Detail'!$S:$S) -> 16531.32 | D12: =SUMIF('Item Detail'!$R:$R,"0-10%",'Item Detail'!$S:$S) -> 140775.73 | E12: =SUMIF('Item Detail'!$R:$R,"10-20%",'Item Detail'!$S:$S) -> 97353.69 | F12: =SUMIF('Item Detail'!$R:$R,"20-30%",'Item Detail'!$S:$S) -> 11275.63 | G12: =SUMIF('Item Detail'!$R:$R,"30+%",'Item Detail'!$S:$S) -> 21116.57 | H12: =SUM(B12:G12) -> 393855.52
A13: SKU Level Savings | B13: =B11-B12 -> -28719.86 | C13: =C11-C12 -> 0 | D13: =D11-D12 -> 5278.42 | E13: =E11-E12 -> 16347.22 | F13: =F11-F12 -> 4124.98 | G13: =G11-G12 -> 16490.82 | H13: =H11-H12 -> 13521.58
A15: CSPL breakdown | B15: SKUs | C15: % | D15: $ | E15: PA $ | F15: Savings % | G15: Savings $
A16: CSPL Skus | B16: =COUNTIF('Item Detail'!AI:AI,"*True")+COUNTIF('Item Detail'!AI:AI,"TRUEA") -> 18 | C16: =B16/H8 -> 0.17647059 | D16: =SUMIF('Item Detail'!$AI:$AI,"*True",'Item Detail'!$O:$O)+SUMIF('Item Detail'!$AI:$AI,"TrueA",'Item Detail'!$O:$O) -> 63533.95 | E16: =SUMIF('Item Detail'!$AI:$AI,"*True",'Item Detail'!$S:$S)+SUMIF('Item Detail'!$AI:$AI,"TrueA",'Item Detail'!$S:$S) -> 63372.54 | F16: =1-E16/D16 -> 0.0025405315 | G16: =D16-E16 -> 161.41
A17: Non-CSPL Skus | B17: =COUNTA('Item Detail'!B:B)-Summary!B16-1 -> 84 | C17: =B17/H8 -> 0.82352941 | D17: =SUMIF('Item Detail'!$AI:$AI,"",'Item Detail'!$O:$O) -> 343843.15 | E17: =SUMIF('Item Detail'!$AI:$AI,"",'Item Detail'!$S:$S) -> 330482.98 | F17: =1-E17/D17 -> 0.03885542 | G17: =D17-E17 -> 13360.17
A18: Total | B18: =SUM(B16:B17) -> 102 | C18: =SUM(C16:C17) -> 1 | D18: =SUM(D16:D17) -> 407377.1 | E18: =SUM(E16:E17) -> 393855.52 | F18: =1-E18/D18 -> 0.033191802 | G18: =SUM(G16:G17) -> 13521.58
A20: SKUs Submitted for Conditional CSP | B20: =COUNTIF('Item Detail'!$AI:$AI,"TRUEA") -> 0
A22: Note:
A23: (1) Total eligible spend is the full data provided by the customer
A24: (2) Benchmarked active Redbook SKUs
A25: (3) Savings do not reflect A) volume and manufacturer rebates, B) future CSPL adds, C) freight savings
A26: (4) Benchmark files are a preliminary assessment and valid for 30 days. Final SKU review will occur at time of affiliation.
A28: Product cross-reference comparisons do not imply that products are available or perfectly comparable. Cross-referenced products are not represented or warranted as functional or performance equivalents. Each Member shall review all cross-referenced product specifications prior to purchase and use to determine suitability of the product for the Member's intended use. Savings $ and % presented is based on these products alone. Changes in the product mix will result is a different savings calculation.
A30: File Summary
B31: # SKU | C31: Spend $
A32: Total Provided | B32: =COUNTA('Cust File'!B:B)-1 -> 620 | C32: =SUM('Cust File'!T:T) -> 1256069
A33: SKUs not meeting threshold | B33: =B32-B34 -> 370 | C33: =C32-C34 -> 76029.495
A34: SKUs reviewed for benchmarking | B34: =B37 -> 250 | C34: =C37 -> 1180039.5
A36: Benchmarking Summary
A37: Total Eligible Spend | B37: =COUNTA('Item Detail'!B:B)-1+COUNTA(Excluded!B:B)-1 -> 250 | C37: =SUM('Item Detail'!O:O)+SUM(Excluded!O:O) -> 1180039.5
A39: Items Benchmarked (Item Detail) | B39: =B37-B41 -> 230 | C39: =C37-C41 -> 1101376.4
A41: Total Excluded (Excluded Tab) | B41: =SUM(B42:B48) -> 20 | C41: =SUM(C42:C48) -> 78663.08
A42: Non-MRO spend (DNC) | B42: =COUNTIF(Excluded!$V:$V,"DNC") -> 0 | C42: =SUMIF(Excluded!$V:$V,"DNC",Excluded!$O:$O) -> 0
A43: Need more information (X) | B43: =COUNTIF(Excluded!$V:$V,"X") -> 0 | C43: =SUMIF(Excluded!$V:$V,"X",Excluded!$O:$O) -> 0
A44: Items with zero spend (ZERO) | B44: =COUNTIF(Excluded!$V:$V,"ZERO") -> 0 | C44: =SUMIF(Excluded!$V:$V,"ZERO",Excluded!$O:$O) -> 0
A45: UOM issues (UOM) | B45: =COUNTIF(Excluded!$V:$V,"UOM") -> 0 | C45: =SUMIF(Excluded!$V:$V,"UOM",Excluded!$O:$O) -> 0
A46: WWG potential sourcing (O) | B46: =COUNTIF(Excluded!$V:$V,"O") -> 18 | C46: =SUMIF(Excluded!$V:$V,"O",Excluded!$O:$O) -> 77028.53
A47: Non Product Data (NPD) | B47: =COUNTIF(Excluded!$V:$V,"NPD") -> 0 | C47: =SUMIF(Excluded!$V:$V,"NPD",Excluded!$O:$O) -> 0
A48: Duplicates (DUP) | B48: =COUNTIF(Excluded!$V:$V,"DUP") -> 2 | C48: =SUMIF(Excluded!$V:$V,"DUP",Excluded!$O:$O) -> 1634.55

Sheet Item Detail
A1: Xsort | B1: Sequence # | C1: Customer product # | D1: Distributor name | E1: Distributor # | F1: Description | G1: Manufacturer name | H1: Manufacturer number | I1: Unit of measure | J1: Units/pack | K1: Pack price | L1: Total packs | M1: Unit price | N1: Total baseline units | O1: Total incumbent spend | P1: Savings $ | Q1: Savings % | R1: Savings cat. | S1: WWG extended price | T1: WWG unit price | U1: WWG item # | V1: Code | W1: Status (in/out) | X1: Act price | Y1: Notes | Z1: Xref Notes | AA1: WWG unit of measure | AB1: WWG unit/pack | AC1: WWG Manufacturer name | AD1: WWG Manufacturer number | AE1: WWG Description | AF1: Product segment | AG1: Product category | AH1: Product family | AI1: CSP | AJ1: Flag | AK1: Note
A2: 1 | B2: 125 | F2: [DS] CHICAGO PROTECTIVE APPAREL/CPA | G2: AIRGAS | H2: CB2GENERIC | I2: FALSE | J2: 1 | K2: 601.90 | L2: 144 | M2: =IFERROR(IF(A2="","",K2/J2)," ") -> 601.9 | N2: =IFERROR(IF(A2="","",J2*L2)," ") -> 144 | O2: =IFERROR(M2*N2," ") -> 86673.6 | P2: =IFERROR(IF(A2="","",O2-S2)," ") -> 11666.88 | Q2: =IFERROR(IF(A2="","",P2/O2)," ") -> 0.13460708 | R2: =IFERROR(IF(A2="","",(IF(Q2<0,"Negative",IF(Q2=0,"Same",IF(Q2>0.3,"30+%",IF(Q2>0.2,"20-30%",IF(Q2>0.1,"10-20%",IF(Q2<=0.1,"0-10%"))))))))," ") -> 10-20% | S2: =IFERROR(IF(A2="","",T2*N2)," ") -> 75006.72 | T2: =IFERROR(IF(A2="","",X2/AB2)," ") -> 520.88 | U2: 5PGX2 | V2: FE | X2: 520.88 | Z2: 0 | AA2: EA | AB2: 1 | AC2: HI TEMP | AD2: R51-36X36X1-P | AE2: Welding Pad, 3 ft W, 3 ft L, Red | AF2: Welding | AG2: Welding Blankets, Pads, Wraps and Rolls | AH2: Welding Safety Equipment | AJ2: Exact Match | AK2: Savings
A3: 5 | B3: 527 | F3: RESP Z-LINK & RESP INCL 16-810 SFTY LENS | G3: AIRGAS | H3: RPB16-078-21-FR | I3: FALSE | J3: 1 | K3: 2547.85 | L3: 14 | M3: =IFERROR(IF(A3="","",K3/J3)," ") -> 2547.85 | N3: =IFERROR(IF(A3="","",J3*L3)," ") -> 14 | O3: =IFERROR(M3*N3," ") -> 35669.9 | P3: =IFERROR(IF(A3="","",O3-S3)," ") -> 1783.46 | Q3: =IFERROR(IF(A3="","",P3/O3)," ") -> 0.049999019 | R3: =IFERROR(IF(A3="","",(IF(Q3<0,"Negative",IF(Q3=0,"Same",IF(Q3>0.3,"30+%",IF(Q3>0.2,"20-30%",IF(Q3>0.1,"10-20%",IF(Q3<=0.1,"0-10%"))))))))," ") -> 0-10% | S3: =IFERROR(IF(A3="","",T3*N3)," ") -> 33886.44 | T3: =IFERROR(IF(A3="","",X3/AB3)," ") -> 2420.46 | U3: 61CX77 | V3: E | X3: 2420.46 | Z3: 0 | AA3: EA | AB3: 1 | AC3: RPB SAFETY | AD3: 16-078-21-FR | AE3: Z-Link Helmet | AF3: Safety | AG3: Powered Air-Purifying Respirators | AH3: Respiratory | AJ3: Exact Match | AK3: Savings
A4: 9 | B4: 461 | F4: GLV DRVR LG GN CWHD HIVIS IMPRINTED | G4: AIRGAS | H4: RAD64057044 | I4: FALSE | J4: 1 | K4: 4.96 | L4: 3504 | M4: =IFERROR(IF(A4="","",K4/J4)," ") -> 4.96 | N4: =IFERROR(IF(A4="","",J4*L4)," ") -> 3504 | O4: =IFERROR(M4*N4," ") -> 17379.84 | P4: =IFERROR(IF(A4="","",O4-S4)," ") -> 840.96 | Q4: =IFERROR(IF(A4="","",P4/O4)," ") -> 0.048387097 | R4: =IFERROR(IF(A4="","",(IF(Q4<0,"Negative",IF(Q4=0,"Same",IF(Q4>0.3,"30+%",IF(Q4>0.2,"20-30%",IF(Q4>0.1,"10-20%",IF(Q4<=0.1,"0-10%"))))))))," ") -> 0-10% | S4: =IFERROR(IF(A4="","",T4*N4)," ") -> 16538.88 | T4: =IFERROR(IF(A4="","",X4/AB4)," ") -> 4.72 | U4: 3ZL50 | V4: FE | X4: 4.72 | Z4: 0 | AA4: PR | AB4: 1 | AC4: CONDOR | AD4: 3ZL50 | AE4: Leather Gloves,White,L,PR | AF4: Safety | AG4: Leather Gloves and Mitts | AH4: Gloves and Hand Protection | AI4: TRUE | AJ4: Exact Match | AK4: Savings
A5: 10 | B5: 108 | F5: MNTR SNGL GAS BW CLP CO 35-200PPM RTD 2Y | G5: AIRGAS | H5: B86BWC2RM | I5: FALSE | J5: 1 | K5: 211.94 | L5: 78 | M5: =IFERROR(IF(A5="","",K5/J5)," ") -> 211.94 | N5: =IFERROR(IF(A5="","",J5*L5)," ") -> 78 | O5: =IFERROR(M5*N5," ") -> 16531.32 | P5: =IFERROR(IF(A5="","",O5-S5)," ") -> 0 | Q5: =IFERROR(IF(A5="","",P5/O5)," ") -> 0 | R5: =IFERROR(IF(A5="","",(IF(Q5<0,"Negative",IF(Q5=0,"Same",IF(Q5>0.3,"30+%",IF(Q5>0.2,"20-30%",IF(Q5>0.1,"10-20%",IF(Q5<=0.1,"0-10%"))))))))," ") -> Same | S5: =IFERROR(IF(A5="","",T5*N5)," ") -> 16531.32 | T5: =IFERROR(IF(A5="","",X5/AB5)," ") -> 211.94 | U5: 41HG96 | V5: FE | X5: 211.94 | Z5: 0 | AA5: EA | AB5: 1 | AC5: HONEYWELL | AD5: BWC2-M | AE5: Single Gas Detectr,CO,Yllw,2yr. Battery | AF5: Safety | AG5: Portable Single- and Multi-Gas Detectors | AH5: Gas Detection | AJ5: Exact Match | AK5: Savings
A6: 15 | B6: 295 | F6: CT HT RES XL 12OZ OPF BLND FLCE CLTH | G6: AIRGAS | H6: N33C22CWXL48179 | I6: FALSE | J6: 1 | K6: 539.50 | L6: 24 | M6: =IFERROR(IF(A6="","",K6/J6)," ") -> 539.5 | N6: =IFERROR(IF(A6="","",J6*L6)," ") -> 24 | O6: =IFERROR(M6*N6," ") -> 12948 | P6: =IFERROR(IF(A6="","",O6-S6)," ") -> 2247.6 | Q6: =IFERROR(IF(A6="","",P6/O6)," ") -> 0.17358665 | R6: =IFERROR(IF(A6="","",(IF(Q6<0,"Negative",IF(Q6=0,"Same",IF(Q6>0.3,"30+%",IF(Q6>0.2,"20-30%",IF(Q6>0.1,"10-20%",IF(Q6<=0.1,"0-10%"))))))))," ") -> 10-20% | S6: =IFERROR(IF(A6="","",T6*N6)," ") -> 10700.4 | T6: =IFERROR(IF(A6="","",X6/AB6)," ") -> 445.85 | U6: 8AAR2 | V6: PS-NMI | X6: 445.85 | Z6: 0 | AA6: EA | AB6: 1 | AC6: KAREWEAR | AD6: 714ACKXL | AE6: Aluminized Jacket,XL,Carbon Kevlar(R) | AF6: Safety | AG6: Aluminized Jackets and Coats | AH6: Flame Resistant and Arc Flash Clothing | AJ6: Exact Match | AK6: Savings
A7: 17 | B7: 329 | F7: TALLYHOOD 8.6OZ OPF BLND RPSP TWLL | G7: AIRGAS | H7: N33H74H3001 | I7: FALSE | J7: 1 | K7: 83.81 | L7: 144 | M7: =IFERROR(IF(A7="","",K7/J7)," ") -> 83.81 | N7: =IFERROR(IF(A7="","",J7*L7)," ") -> 144 | O7: =IFERROR(M7*N7," ") -> 12068.64 | P7: =IFERROR(IF(A7="","",O7-S7)," ") -> 4060.8 | Q7: =IFERROR(IF(A7="","",P7/O7)," ") -> 0.33647536 | R7: =IFERROR(IF(A7="","",(IF(Q7<0,"Negative",IF(Q7=0,"Same",IF(Q7>0.3,"30+%",IF(Q7>0.2,"20-30%",IF(Q7>0.1,"10-20%",IF(Q7<=0.1,"0-10%"))))))))," ") -> 30+% | S7: =IFERROR(IF(A7="","",T7*N7)," ") -> 8007.84 | T7: =IFERROR(IF(A7="","",X7/AB7)," ") -> 55.61 | U7: 61RN10 | V7: PS-PLG | X7: 55.61 | Z7: 0 | AA7: EA | AB7: 1 | AC7: ARIAT | AD7: 10018116 | AE7: FR Balaclava,Black | AF7: Safety | AG7: Flame Resistant and Arc Flash Hats and Caps | AH7: Flame Resistant and Arc Flash Clothing | AJ7: Exact Match | AK7: Savings
A8: 18 | B8: 291 | F8: CT HT RES 3X 12OZ OPF BLND FLCE CLTH | G8: AIRGAS | H8: N33C22CW3X48179 | I8: FALSE | J8: 1 | K8: 593.43 | L8: 20 | M8: =IFERROR(IF(A8="","",K8/J8)," ") -> 593.43 | N8: =IFERROR(IF(A8="","",J8*L8)," ") -> 20 | O8: =IFERROR(M8*N8," ") -> 11868.6 | P8: =IFERROR(IF(A8="","",O8-S8)," ") -> 3240 | Q8: =IFERROR(IF(A8="","",P8/O8)," ") -> 0.27298923 | R8: =IFERROR(IF(A8="","",(IF(Q8<0,"Negative",IF(Q8=0,"Same",IF(Q8>0.3,"30+%",IF(Q8>0.2,"20-30%",IF(Q8>0.1,"10-20%",IF(Q8<=0.1,"0-10%"))))))))," ") -> 20-30% | S8: =IFERROR(IF(A8="","",T8*N8)," ") -> 8628.6 | T8: =IFERROR(IF(A8="","",X8/AB8)," ") -> 431.43 | U8: 8DN27 | V8: PS-NMI | X8: 431.43 | Z8: 0 | AA8: EA | AB8: 1 | AC8: KAREWEAR | AD8: 714ACK3XL | AE8: Aluminized Jacket,3XL,Carbon Kevlar(R) | AF8: Safety | AG8: Aluminized Jackets and Coats | AH8: Flame Resistant and Arc Flash Clothing | AJ8: Exact Match | AK8: Savings
A9: 20 | B9: 511 | F9: FAN HSNG | G9: AIRGAS | H9: RPB03-810 | I9: FALSE | J9: 1 | K9: 867.98 | L9: 13 | M9: =IFERROR(IF(A9="","",K9/J9)," ") -> 867.98 | N9: =IFERROR(IF(A9="","",J9*L9)," ") -> 13 | O9: =IFERROR(M9*N9," ") -> 11283.74 | P9: =IFERROR(IF(A9="","",O9-S9)," ") -> 221 | Q9: =IFERROR(IF(A9="","",P9/O9)," ") -> 0.019585705 | R9: =IFERROR(IF(A9="","",(IF(Q9<0,"Negative",IF(Q9=0,"Same",IF(Q9>0.3,"30+%",IF(Q9>0.2,"20-30%",IF(Q9>0.1,"10-20%",IF(Q9<=0.1,"0-10%"))))))))," ") -> 0-10% | S9: =IFERROR(IF(A9="","",T9*N9)," ") -> 11062.74 | T9: =IFERROR(IF(A9="","",X9/AB9)," ") -> 850.98 | U9: 382WZ4 | V9: E | X9: 850.98 | Z9: 0 | AA9: EA | AB9: 1 | AC9: RPB SAFETY | AD9: 03-810 | AE9: PX5 Fan Housing | AF9: Safety | AG9: Powered Air-Purifying Respirator PAPR System Components and Accessories | AH9: Respiratory | AJ9: Exact Match | AK9: Savings
A10: 22 | B10: 290 | F10: CT ALUMZD 2X 48" LNG 14OZ CARBON-X | G10: AIRGAS | H10: N33C22CW2X48179 | I10: FALSE | J10: 1 | K10: 595.37 | L10: 18 | M10: =IFERROR(IF(A10="","",K10/J10)," ") -> 595.37 | N10: =IFERROR(IF(A10="","",J10*L10)," ") -> 18 | O10: =IFERROR(M10*N10," ") -> 10716.66 | P10: =IFERROR(IF(A10="","",O10-S10)," ") -> 200.52 | Q10: =IFERROR(IF(A10="","",P10/O10)," ") -> 0.018711054 | R10: =IFERROR(IF(A10="","",(IF(Q10<0,"Negative",IF(Q10=0,"Same",IF(Q10>0.3,"30+%",IF(Q10>0.2,"20-30%",IF(Q10>0.1,"10-20%",IF(Q10<=0.1,"0-10%"))))))))," ") -> 0-10% | S10: =IFERROR(IF(A10="","",T10*N10)," ") -> 10516.14 | T10: =IFERROR(IF(A10="","",X10/AB10)," ") -> 584.23 | U10: 2YRK4 | V10: FE | X10: 584.23 | Z10: 0 | AA10: EA | AB10: 1 | AC10: NATIONAL SAFETY APPAREL | AD10: C22NL2X45 | AE10: Aluminized Coat,2XL,Carbon Kevlar(R) | AF10: Safety | AG10: Aluminized Jackets and Coats | AH10: Flame Resistant and Arc Flash Clothing | AJ10: Exact Match | AK10: Savings
A11: 31 | B11: 98 | F11: GLV CUT RES PU CTD MD WHT 13 GA HPPE | G11: AIRGAS | H11: B13540-M | I11: FALSE | J11: 1 | K11: 6.26 | L11: 1584 | M11: =IFERROR(IF(A11="","",K11/J11)," ") -> 6.26 | N11: =IFERROR(IF(A11="","",J11*L11)," ") -> 1584 | O11: =IFERROR(M11*N11," ") -> 9915.84 | P11: =IFERROR(IF(A11="","",O11-S11)," ") -> 15.84 | Q11: =IFERROR(IF(A11="","",P11/O11)," ") -> 0.0015974441 | R11: =IFERROR(IF(A11="","",(IF(Q11<0,"Negative",IF(Q11=0,"Same",IF(Q11>0.3,"30+%",IF(Q11>0.2,"20-30%",IF(Q11>0.1,"10-20%",IF(Q11<=0.1,"0-10%"))))))))," ") -> 0-10% | S11: =IFERROR(IF(A11="","",T11*N11)," ") -> 9900 | T11: =IFERROR(IF(A11="","",X11/AB11)," ") -> 6.25 | U11: 24L254 | V11: FE | X11: 6.25 | Z11: 0 | AA11: PR | AB11: 1 | AC11: HYFLEX | AD11: 11-644 | AE11: PR,Cut Resistant Gloves,Lgt Gry,8 | AF11: Safety | AG11: Knit Gloves and Mitts | AH11: Gloves and Hand Protection | AI11: TRUE | AJ11: Exact Match | AK11: Savings
A12: 38 | B12: 462 | F12: GLV DRVR XL GN CWHD UNL KYSTN THMB HIVIS | G12: AIRGAS | H12: RAD64057045 | I12: FALSE | J12: 1 | K12: 4.99 | L12: 1632 | M12: =IFERROR(IF(A12="","",K12/J12)," ") -> 4.99 | N12: =IFERROR(IF(A12="","",J12*L12)," ") -> 1632 | O12: =IFERROR(M12*N12," ") -> 8143.68 | P12: =IFERROR(IF(A12="","",O12-S12)," ") -> 391.68 | Q12: =IFERROR(IF(A12="","",P12/O12)," ") -> 0.048096192 | R12: =IFERROR(IF(A12="","",(IF(Q12<0,"Negative",IF(Q12=0,"Same",IF(Q12>0.3,"30+%",IF(Q12>0.2,"20-30%",IF(Q12>0.1,"10-20%",IF(Q12<=0.1,"0-10%"))))))))," ") -> 0-10% | S12: =IFERROR(IF(A12="","",T12*N12)," ") -> 7752 | T12: =IFERROR(IF(A12="","",X12/AB12)," ") -> 4.75 | U12: 3ZL49 | V12: FE | X12: 4.75 | Z12: 0 | AA12: PR | AB12: 1 | AC12: CONDOR | AD12: 3ZL49 | AE12: Leather Gloves,Beige,XL,PR | AF12: Safety | AG12: Leather Gloves and Mitts | AH12: Gloves and Hand Protection | AI12: TRUE | AJ12: Exact Match | AK12: Savings
A13: 42 | B13: 608 | F13: GLV MIG XL TOP GN CWHD FLCE LND PLM | G13: AIRGAS | H13: TIL50XL | I13: FALSE | J13: 1 | K13: 26.50 | L13: 289 | M13: =IFERROR(IF(A13="","",K13/J13)," ") -> 26.5 | N13: =IFERROR(IF(A13="","",J13*L13)," ") -> 289 | O13: =IFERROR(M13*N13," ") -> 7658.5 | P13: =IFERROR(IF(A13="","",O13-S13)," ") -> 118.49 | Q13: =IFERROR(IF(A13="","",P13/O13)," ") -> 0.015471698 | R13: =IFERROR(IF(A13="","",(IF(Q13<0,"Negative",IF(Q13=0,"Same",IF(Q13>0.3,"30+%",IF(Q13>0.2,"20-30%",IF(Q13>0.1,"10-20%",IF(Q13<=0.1,"0-10%"))))))))," ") -> 0-10% | S13: =IFERROR(IF(A13="","",T13*N13)," ") -> 7540.01 | T13: =IFERROR(IF(A13="","",X13/AB13)," ") -> 26.09 | U13: 5UPC8 | V13: FE | X13: 26.09 | Z13: 0 | AA13: PR | AB13: 1 | AC13: TILLMAN | AD13: 50XL | AE13: Welding Gloves,MIG,XL/10,PR | AF13: Safety | AG13: Welding Gloves | AH13: Gloves and Hand Protection | AJ13: Exact Match | AK13: Savings
A14: 46 | B14: 604 | F14: GLV MIG LG TOP GN CWHD FLCE LND PLM | G14: AIRGAS | H14: TIL50L | I14: FALSE | J14: 1 | K14: 26.51 | L14: 272 | M14: =IFERROR(IF(A14="","",K14/J14)," ") -> 26.51 | N14: =IFERROR(IF(A14="","",J14*L14)," ") -> 272 | O14: =IFERROR(M14*N14," ") -> 7210.72 | P14: =IFERROR(IF(A14="","",O14-S14)," ") -> 114.24 | Q14: =IFERROR(IF(A14="","",P14/O14)," ") -> 0.015843078 | R14: =IFERROR(IF(A14="","",(IF(Q14<0,"Negative",IF(Q14=0,"Same",IF(Q14>0.3,"30+%",IF(Q14>0.2,"20-30%",IF(Q14>0.1,"10-20%",IF(Q14<=0.1,"0-10%"))))))))," ") -> 0-10% | S14: =IFERROR(IF(A14="","",T14*N14)," ") -> 7096.48 | T14: =IFERROR(IF(A14="","",X14/AB14)," ") -> 26.09 | U14: 5UPC7 | V14: FE | X14: 26.09 | Z14: 0 | AA14: PR | AB14: 1 | AC14: TILLMAN | AD14: 50L | AE14: Welding Gloves,MIG,L/9,PR | AF14: Safety | AG14: Welding Gloves | AH14: Gloves and Hand Protection | AJ14: Exact Match | AK14: Savings
A15: 53 | B15: 218 | F15: LCKR CYL FOR 12 HRZNL 20/33LB LPG CYL | G15: AIRGAS | H15: JTR23004 | I15: FALSE | J15: 1 | K15: 2796.23 | L15: 2 | M15: =IFERROR(IF(A15="","",K15/J15)," ") -> 2796.23 | N15: =IFERROR(IF(A15="","",J15*L15)," ") -> 2 | O15: =IFERROR(M15*N15," ") -> 5592.46 | P15: =IFERROR(IF(A15="","",O15-S15)," ") -> 3467.26 | Q15: =IFERROR(IF(A15="","",P15/O15)," ") -> 0.61998834 | R15: =IFERROR(IF(A15="","",(IF(Q15<0,"Negative",IF(Q15=0,"Same",IF(Q15>0.3,"30+%",IF(Q15>0.2,"20-30%",IF(Q15>0.1,"10-20%",IF(Q15<=0.1,"0-10%"))))))))," ") -> 30+% | S15: =IFERROR(IF(A15="","",T15*N15)," ") -> 2125.2 | T15: =IFERROR(IF(A15="","",X15/AB15)," ") -> 1062.6 | U15: 6HCA2 | V15: FE | X15: 1062.6 | Z15: 0 | AA15: EA | AB15: 1 | AC15: VESTIL | AD15: CYL-EX-12-S | AE15: Cylinder Storage Cabinet, White, Steel | AF15: Safety | AG15: Cylinder Storage Cabinets and Lockers | AH15: Safety Storage | AJ15: Exact Match | AK15: Savings
A16: 55 | B16: 325 | F16: HDGR 13OZ DLX ALUMZD W/ RTCHT HDGR | G16: AIRGAS | H16: N33H15NJGOLD | I16: FALSE | J16: 1 | K16: 424.79 | L16: 12 | M16: =IFERROR(IF(A16="","",K16/J16)," ") -> 424.79 | N16: =IFERROR(IF(A16="","",J16*L16)," ") -> 12 | O16: =IFERROR(M16*N16," ") -> 5097.48 | P16: =IFERROR(IF(A16="","",O16-S16)," ") -> -803.76 | Q16: =IFERROR(IF(A16="","",P16/O16)," ") -> -0.15767791 | R16: =IFERROR(IF(A16="","",(IF(Q16<0,"Negative",IF(Q16=0,"Same",IF(Q16>0.3,"30+%",IF(Q16>0.2,"20-30%",IF(Q16>0.1,"10-20%",IF(Q16<=0.1,"0-10%"))))))))," ") -> Negative | S16: =IFERROR(IF(A16="","",T16*N16)," ") -> 5901.24 | T16: =IFERROR(IF(A16="","",X16/AB16)," ") -> 491.77 | U16: 2YRL4 | V16: FE | X16: 491.77 | Z16: 0 | AA16: EA | AB16: 1 | AC16: NATIONAL SAFETY APPAREL | AD16: H58NLHG | AE16: Hood,Aluminized Carbon Kevlar(R) | AF16: Safety | AG16: Aluminized Hoods | AH16: Flame Resistant and Arc Flash Clothing | AJ16: Exact Match | AK16: Current Price
A17: 61 | B17: 409 | F17: GLV CLD WTHR DRVR GN PIG LTHR LG TAN | G17: AIRGAS | H17: PIP994KOTP/L | I17: FALSE | J17: 1 | K17: 7.49 | L17: 576 | M17: =IFERROR(IF(A17="","",K17/J17)," ") -> 7.49 | N17: =IFERROR(IF(A17="","",J17*L17)," ") -> 576 | O17: =IFERROR(M17*N17," ") -> 4314.24 | P17: =IFERROR(IF(A17="","",O17-S17)," ") -> 213.12 | Q17: =IFERROR(IF(A17="","",P17/O17)," ") -> 0.049399199 | R17: =IFERROR(IF(A17="","",(IF(Q17<0,"Negative",IF(Q17=0,"Same",IF(Q17>0.3,"30+%",IF(Q17>0.2,"20-30%",IF(Q17>0.1,"10-20%",IF(Q17<=0.1,"0-10%"))))))))," ") -> 0-10% | S17: =IFERROR(IF(A17="","",T17*N17)," ") -> 4101.12 | T17: =IFERROR(IF(A17="","",X17/AB17)," ") -> 7.12 | U17: 25D570 | V17: FE | X17: 7.12 | Z17: 0 | AA17: PR | AB17: 1 | AC17: MCR SAFETY | AD17: 3213HVIL | AE17: Leather Gloves,Beige,L,PR | AF17: Safety | AG17: Leather Gloves and Mitts | AH17: Gloves and Hand Protection | AJ17: Exact Match | AK17: Savings
A18: 64 | B18: 562 | F18: FCSHD PN 9"X15.5"X.060" CLR UBD | G18: AIRGAS | H18: SEL29084 | I18: FALSE | J18: 1 | K18: 9.06 | L18: 456 | M18: =IFERROR(IF(A18="","",K18/J18)," ") -> 9.06 | N18: =IFERROR(IF(A18="","",J18*L18)," ") -> 456 | O18: =IFERROR(M18*N18," ") -> 4131.36 | P18: =IFERROR(IF(A18="","",O18-S18)," ") -> 109.44 | Q18: =IFERROR(IF(A18="","",P18/O18)," ") -> 0.026490066 | R18: =IFERROR(IF(A18="","",(IF(Q18<0,"Negative",IF(Q18=0,"Same",IF(Q18>0.3,"30+%",IF(Q18>0.2,"20-30%",IF(Q18>0.1,"10-20%",IF(Q18<=0.1,"0-10%"))))))))," ") -> 0-10% | S18: =IFERROR(IF(A18="","",T18*N18)," ") -> 4021.92 | T18: =IFERROR(IF(A18="","",X18/AB18)," ") -> 8.82 | U18: 33VA20 | V18: E | X18: 8.82 | Z18: 0 | AA18: EA | AB18: 1 | AC18: JACKSON SAFETY | AD18: 29084 | AE18: FaceShieldVisor,Clr,Uncoated,PC | AF18: Safety | AG18: Face Shield Replacement Visors and Lenses | AH18: Face Protection | AJ18: Exact Match | AK18: Savings
A19: 67 | B19: 35 | F19: CRTDG ORGC VPR RESPY PRTN 6001 | G19: AIRGAS | H19: 3MR6001 | I19: FALSE | J19: 1 | K19: 13.81 | L19: 288 | M19: =IFERROR(IF(A19="","",K19/J19)," ") -> 13.81 | N19: =IFERROR(IF(A19="","",J19*L19)," ") -> 288 | O19: =IFERROR(M19*N19," ") -> 3977.28 | P19: =IFERROR(IF(A19="","",O19-S19)," ") -> 1375.2 | Q19: =IFERROR(IF(A19="","",P19/O19)," ") -> 0.34576394 | R19: =IFERROR(IF(A19="","",(IF(Q19<0,"Negative",IF(Q19=0,"Same",IF(Q19>0.3,"30+%",IF(Q19>0.2,"20-30%",IF(Q19>0.1,"10-20%",IF(Q19<=0.1,"0-10%"))))))))," ") -> 30+% | S19: =IFERROR(IF(A19="","",T19*N19)," ") -> 2602.08 | T19: =IFERROR(IF(A19="","",X19/AB19)," ") -> 9.035 | U19: 6AM37 | V19: E | X19: 18.07 | Z19: 0 | AA19: PK | AB19: 2 | AC19: 3M | AD19: 6001 | AE19: Cartridge,Black,Bayonet,PK2 | AF19: Safety | AG19: Respirator Cartridges and Filters | AH19: Respiratory | AI19: TRUE | AJ19: Exact Match | AK19: Savings
A20: 69 | B20: 320 | F20: \\ TSHT LNG SLV FR XL 8.75OZ PRFRMN DES | G20: AIRGAS | H20: N33DF2CM265ALSDSXL | I20: FALSE | J20: 1 | K20: 86.89 | L20: 45 | M20: =IFERROR(IF(A20="","",K20/J20)," ") -> 86.89 | N20: =IFERROR(IF(A20="","",J20*L20)," ") -> 45 | O20: =IFERROR(M20*N20," ") -> 3910.05 | P20: =IFERROR(IF(A20="","",O20-S20)," ") -> 684.45 | Q20: =IFERROR(IF(A20="","",P20/O20)," ") -> 0.17504891 | R20: =IFERROR(IF(A20="","",(IF(Q20<0,"Negative",IF(Q20=0,"Same",IF(Q20>0.3,"30+%",IF(Q20>0.2,"20-30%",IF(Q20>0.1,"10-20%",IF(Q20<=0.1,"0-10%"))))))))," ") -> 10-20% | S20: =IFERROR(IF(A20="","",T20*N20)," ") -> 3225.6 | T20: =IFERROR(IF(A20="","",X20/AB20)," ") -> 71.68 | U20: 61RJ24 | V20: FE | X20: 71.68 | Z20: 0 | AA20: EA | AB20: 1 | AC20: ARIAT | AD20: 10022328 | AE20: FR Crew Longsleeve Tee,Tan,XL | AF20: Safety | AG20: Flame-Resistant and Arc Flash Shirts | AH20: Flame Resistant and Arc Flash Clothing | AJ20: Exact Match | AK20: Savings
A21: 70 | B21: 292 | F21: CT HT RES 4X 12OZ OPF BLND FLCE CLTH | G21: AIRGAS | H21: N33C22CW4X48179 | I21: FALSE | J21: 1 | K21: 650.14 | L21: 6 | M21: =IFERROR(IF(A21="","",K21/J21)," ") -> 650.14 | N21: =IFERROR(IF(A21="","",J21*L21)," ") -> 6 | O21: =IFERROR(M21*N21," ") -> 3900.84 | P21: =IFERROR(IF(A21="","",O21-S21)," ") -> 1312.26 | Q21: =IFERROR(IF(A21="","",P21/O21)," ") -> 0.33640447 | R21: =IFERROR(IF(A21="","",(IF(Q21<0,"Negative",IF(Q21=0,"Same",IF(Q21>0.3,"30+%",IF(Q21>0.2,"20-30%",IF(Q21>0.1,"10-20%",IF(Q21<=0.1,"0-10%"))))))))," ") -> 30+% | S21: =IFERROR(IF(A21="","",T21*N21)," ") -> 2588.58 | T21: =IFERROR(IF(A21="","",X21/AB21)," ") -> 431.43 | U21: 8DN27 | V21: PS-PLG | X21: 431.43 | Z21: 0 | AA21: EA | AB21: 1 | AC21: KAREWEAR | AD21: 714ACK3XL | AE21: Aluminized Jacket,3XL,Carbon Kevlar(R) | AF21: Safety | AG21: Aluminized Jackets and Coats | AH21: Flame Resistant and Arc Flash Clothing | AJ21: Exact Match | AK21: Savings
A22: 71 | B22: 476 | F22: GLV WLDG SPLT CWHD CSHN COR LND LG | G22: AIRGAS | H22: REV320L | I22: FALSE | J22: 1 | K22: 12.36 | L22: 312 | M22: =IFERROR(IF(A22="","",K22/J22)," ") -> 12.36 | N22: =IFERROR(IF(A22="","",J22*L22)," ") -> 312 | O22: =IFERROR(M22*N22," ") -> 3856.32 | P22: =IFERROR(IF(A22="","",O22-S22)," ") -> 190.32 | Q22: =IFERROR(IF(A22="","",P22/O22)," ") -> 0.049352751 | R22: =IFERROR(IF(A22="","",(IF(Q22<0,"Negative",IF(Q22=0,"Same",IF(Q22>0.3,"30+%",IF(Q22>0.2,"20-30%",IF(Q22>0.1,"10-20%",IF(Q22<=0.1,"0-10%"))))))))," ") -> 0-10% | S22: =IFERROR(IF(A22="","",T22*N22)," ") -> 3666 | T22: =IFERROR(IF(A22="","",X22/AB22)," ") -> 11.75 | U22: 4TJX5 | V22: FE | X22: 11.75 | Z22: 0 | AA22: PR | AB22: 1 | AC22: CONDOR | AD22: 4TJX5 | AE22: Welding Gloves,Stick,L/9,PR | AF22: Safety | AG22: Welding Gloves | AH22: Gloves and Hand Protection | AI22: TRUE | AJ22: Exact Match | AK22: Savings
A23: 78 | B23: 412 | F23: GLV CLD WTHR DRVR GN PIG LTHR XL TAN | G23: AIRGAS | H23: PIP994KOTP/XL | I23: FALSE | J23: 1 | K23: 7.51 | L23: 480 | M23: =IFERROR(IF(A23="","",K23/J23)," ") -> 7.51 | N23: =IFERROR(IF(A23="","",J23*L23)," ") -> 480 | O23: =IFERROR(M23*N23," ") -> 3604.8 | P23: =IFERROR(IF(A23="","",O23-S23)," ") -> 177.6 | Q23: =IFERROR(IF(A23="","",P23/O23)," ") -> 0.049267643 | R23: =IFERROR(IF(A23="","",(IF(Q23<0,"Negative",IF(Q23=0,"Same",IF(Q23>0.3,"30+%",IF(Q23>0.2,"20-30%",IF(Q23>0.1,"10-20%",IF(Q23<=0.1,"0-10%"))))))))," ") -> 0-10% | S23: =IFERROR(IF(A23="","",T23*N23)," ") -> 3427.2 | T23: =IFERROR(IF(A23="","",X23/AB23)," ") -> 7.14 | U23: 25D573 | V23: FE | X23: 7.14 | Z23: 0 | AA23: PR | AB23: 1 | AC23: MCR SAFETY | AD23: 3213HVIXL | AE23: Leather Gloves,Beige,XL,PR | AF23: Safety | AG23: Leather Gloves and Mitts | AH23: Gloves and Hand Protection | AJ23: Exact Match | AK23: Savings
A24: 81 | B24: 318 | F24: \\ TSHT LNG SLV FR LG 8.75OZ PRFRMN DES | G24: AIRGAS | H24: N33DF2CM265ALSDSLG | I24: FALSE | J24: 1 | K24: 87.37 | L24: 39 | M24: =IFERROR(IF(A24="","",K24/J24)," ") -> 87.37 | N24: =IFERROR(IF(A24="","",J24*L24)," ") -> 39 | O24: =IFERROR(M24*N24," ") -> 3407.43 | P24: =IFERROR(IF(A24="","",O24-S24)," ") -> 611.91 | Q24: =IFERROR(IF(A24="","",P24/O24)," ") -> 0.17958109 | R24: =IFERROR(IF(A24="","",(IF(Q24<0,"Negative",IF(Q24=0,"Same",IF(Q24>0.3,"30+%",IF(Q24>0.2,"20-30%",IF(Q24>0.1,"10-20%",IF(Q24<=0.1,"0-10%"))))))))," ") -> 10-20% | S24: =IFERROR(IF(A24="","",T24*N24)," ") -> 2795.52 | T24: =IFERROR(IF(A24="","",X24/AB24)," ") -> 71.68 | U24: 61RJ23 | V24: FE | X24: 71.68 | Z24: 0 | AA24: EA | AB24: 1 | AC24: ARIAT | AD24: 10022328 | AE24: FR Crew Longsleeve Tee,Tan,L | AF24: Safety | AG24: Flame-Resistant and Arc Flash Shirts | AH24: Flame Resistant and Arc Flash Clothing | AJ24: Exact Match | AK24: Savings
A25: 82 | B25: 543 | F25: VSN LNK LED LGHT BDY ASSY | G25: AIRGAS | H25: RPB16-910 | I25: FALSE | J25: 1 | K25: 224.74 | L25: 15 | M25: =IFERROR(IF(A25="","",K25/J25)," ") -> 224.74 | N25: =IFERROR(IF(A25="","",J25*L25)," ") -> 15 | O25: =IFERROR(M25*N25," ") -> 3371.1 | P25: =IFERROR(IF(A25="","",O25-S25)," ") -> 2568.3 | Q25: =IFERROR(IF(A25="","",P25/O25)," ") -> 0.76185815 | R25: =IFERROR(IF(A25="","",(IF(Q25<0,"Negative",IF(Q25=0,"Same",IF(Q25>0.3,"30+%",IF(Q25>0.2,"20-30%",IF(Q25>0.1,"10-20%",IF(Q25<=0.1,"0-10%"))))))))," ") -> 30+% | S25: =IFERROR(IF(A25="","",T25*N25)," ") -> 802.8 | T25: =IFERROR(IF(A25="","",X25/AB25)," ") -> 53.52 | U25: 43MJ59 | V25: PS-PLG | X25: 53.52 | Z25: 0 | AA25: EA | AB25: 1 | AC25: PELICAN | AD25: 2760C | AE25: Headlamp,Polycarbonate,Black,289lm | AF25: Lighting | AG25: Headlamps and Headgear Mounted Lights | AH25: Flashlights | AJ25: Exact Match | AK25: Savings
A26: 85 | B26: 460 | F26: GLV DRVR MD GN CWHD HIVIS IMPRINTED | G26: AIRGAS | H26: RAD64057043 | I26: FALSE | J26: 1 | K26: 4.99 | L26: 648 | M26: =IFERROR(IF(A26="","",K26/J26)," ") -> 4.99 | N26: =IFERROR(IF(A26="","",J26*L26)," ") -> 648 | O26: =IFERROR(M26*N26," ") -> 3233.52 | P26: =IFERROR(IF(A26="","",O26-S26)," ") -> 155.52 | Q26: =IFERROR(IF(A26="","",P26/O26)," ") -> 0.048096192 | R26: =IFERROR(IF(A26="","",(IF(Q26<0,"Negative",IF(Q26=0,"Same",IF(Q26>0.3,"30+%",IF(Q26>0.2,"20-30%",IF(Q26>0.1,"10-20%",IF(Q26<=0.1,"0-10%"))))))))," ") -> 0-10% | S26: =IFERROR(IF(A26="","",T26*N26)," ") -> 3078 | T26: =IFERROR(IF(A26="","",X26/AB26)," ") -> 4.75 | U26: 3ZL51 | V26: FE | X26: 4.75 | Z26: 0 | AA26: PR | AB26: 1 | AC26: CONDOR | AD26: 3ZL51 | AE26: Leather Gloves,Beige,M,PR | AF26: Safety | AG26: Leather Gloves and Mitts | AH26: Gloves and Hand Protection | AI26: TRUE | AJ26: Exact Match | AK26: Savings
A27: 92 | B27: 147 | F27: LFLN SLF RTRCTG 9' 3M DBI-SALA NANO-L | G27: AIRGAS | H27: D623101366 | I27: FALSE | J27: 1 | K27: 273.74 | L27: 11 | M27: =IFERROR(IF(A27="","",K27/J27)," ") -> 273.74 | N27: =IFERROR(IF(A27="","",J27*L27)," ") -> 11 | O27: =IFERROR(M27*N27," ") -> 3011.14 | P27: =IFERROR(IF(A27="","",O27-S27)," ") -> -882.09 | Q27: =IFERROR(IF(A27="","",P27/O27)," ") -> -0.29294221 | R27: =IFERROR(IF(A27="","",(IF(Q27<0,"Negative",IF(Q27=0,"Same",IF(Q27>0.3,"30+%",IF(Q27>0.2,"20-30%",IF(Q27>0.1,"10-20%",IF(Q27<=0.1,"0-10%"))))))))," ") -> Negative | S27: =IFERROR(IF(A27="","",T27*N27)," ") -> 3893.23 | T27: =IFERROR(IF(A27="","",X27/AB27)," ") -> 353.93 | U27: 46W460 | V27: FE | X27: 353.93 | Z27: 0 | AA27: EA | AB27: 1 | AC27: 3M DBI-SALA | AD27: 3101366 | AE27: Self-Retracting Lifeline,9 ft L,1Leg | AF27: Safety | AG27: Self-Retracting Lifelines | AH27: Fall Protection | AJ27: Exact Match | AK27: Current Price
A28: 97 | B28: 13 | F28: EYEWR PROTV W/FM GSKT CLR AF LENS | G28: AIRGAS | H28: 3MR11872-00000 | I28: FALSE | J28: 1 | K28: 8.08 | L28: 360 | M28: =IFERROR(IF(A28="","",K28/J28)," ") -> 8.08 | N28: =IFERROR(IF(A28="","",J28*L28)," ") -> 360 | O28: =IFERROR(M28*N28," ") -> 2908.8 | P28: =IFERROR(IF(A28="","",O28-S28)," ") -> -284.4 | Q28: =IFERROR(IF(A28="","",P28/O28)," ") -> -0.097772277 | R28: =IFERROR(IF(A28="","",(IF(Q28<0,"Negative",IF(Q28=0,"Same",IF(Q28>0.3,"30+%",IF(Q28>0.2,"20-30%",IF(Q28>0.1,"10-20%",IF(Q28<=0.1,"0-10%"))))))))," ") -> Negative | S28: =IFERROR(IF(A28="","",T28*N28)," ") -> 3193.2 | T28: =IFERROR(IF(A28="","",X28/AB28)," ") -> 8.87 | U28: 46F390 | V28: FE | X28: 8.87 | Z28: 0 | AA28: EA | AB28: 1 | AC28: 3M | AD28: 11872 | AE28: Safety Glasses, Clear, Anti-Fog, Clear | AF28: Safety | AG28: Safety Glasses | AH28: Eye Protection and Accessories | AI28: TRUE | AJ28: Exact Match | AK28: Current Price
A29: 99 | B29: 293 | F29: CT HT RES 5X 12OZ OPF BLND FLCE CLTH | G29: AIRGAS | H29: N33C22CW5X48179 | I29: FALSE | J29: 1 | K29: 721.91 | L29: 4 | M29: =IFERROR(IF(A29="","",K29/J29)," ") -> 721.91 | N29: =IFERROR(IF(A29="","",J29*L29)," ") -> 4 | O29: =IFERROR(M29*N29," ") -> 2887.64 | P29: =IFERROR(IF(A29="","",O29-S29)," ") -> 1161.92 | Q29: =IFERROR(IF(A29="","",P29/O29)," ") -> 0.40237703 | R29: =IFERROR(IF(A29="","",(IF(Q29<0,"Negative",IF(Q29=0,"Same",IF(Q29>0.3,"30+%",IF(Q29>0.2,"20-30%",IF(Q29>0.1,"10-20%",IF(Q29<=0.1,"0-10%"))))))))," ") -> 30+% | S29: =IFERROR(IF(A29="","",T29*N29)," ") -> 1725.72 | T29: =IFERROR(IF(A29="","",X29/AB29)," ") -> 431.43 | U29: 8DN27 | V29: PS-PLG | X29: 431.43 | Z29: 0 | AA29: EA | AB29: 1 | AC29: KAREWEAR | AD29: 714ACK3XL | AE29: Aluminized Jacket,3XL,Carbon Kevlar(R) | AF29: Safety | AG29: Aluminized Jackets and Coats | AH29: Flame Resistant and Arc Flash Clothing | AJ29: Exact Match | AK29: Savings
A30: 104 | B30: 205 | F30: TP BARICD 3"X500' RED DNGR RFRCD GRDE | G30: AIRGAS | H30: ICMREBT2057 | I30: FALSE | J30: 1 | K30: 20.85 | L30: 132 | M30: =IFERROR(IF(A30="","",K30/J30)," ") -> 20.85 | N30: =IFERROR(IF(A30="","",J30*L30)," ") -> 132 | O30: =IFERROR(M30*N30," ") -> 2752.2 | P30: =IFERROR(IF(A30="","",O30-S30)," ") -> 137.28 | Q30: =IFERROR(IF(A30="","",P30/O30)," ") -> 0.049880096 | R30: =IFERROR(IF(A30="","",(IF(Q30<0,"Negative",IF(Q30=0,"Same",IF(Q30>0.3,"30+%",IF(Q30>0.2,"20-30%",IF(Q30>0.1,"10-20%",IF(Q30<=0.1,"0-10%"))))))))," ") -> 0-10% | S30: =IFERROR(IF(A30="","",T30*N30)," ") -> 2614.92 | T30: =IFERROR(IF(A30="","",X30/AB30)," ") -> 19.81 | U30: 30WU19 | V30: DR | X30: 19.81 | Z30: 0 | AA30: EA | AB30: 1 | AC30: APPROVED VENDOR | AD30: BR35XR21-200 | AE30: Barricade Tape, Red, 500 ft L, 3 in | AF30: Security | AG30: Barrier, Flagging and Underground Marking Tapes | AH30: Access Barriers and Crowd Control | AJ30: Exact Match | AK30: Savings
A31: 106 | B31: 316 | F31: \\ TSHT LNG SLV FR 2X 8.75OZ PRFRMN DES | G31: AIRGAS | H31: N33DF2CM265ALSDS2X | I31: FALSE | J31: 1 | K31: 96.17 | L31: 28 | M31: =IFERROR(IF(A31="","",K31/J31)," ") -> 96.17 | N31: =IFERROR(IF(A31="","",J31*L31)," ") -> 28 | O31: =IFERROR(M31*N31," ") -> 2692.76 | P31: =IFERROR(IF(A31="","",O31-S31)," ") -> 685.72 | Q31: =IFERROR(IF(A31="","",P31/O31)," ") -> 0.25465322 | R31: =IFERROR(IF(A31="","",(IF(Q31<0,"Negative",IF(Q31=0,"Same",IF(Q31>0.3,"30+%",IF(Q31>0.2,"20-30%",IF(Q31>0.1,"10-20%",IF(Q31<=0.1,"0-10%"))))))))," ") -> 20-30% | S31: =IFERROR(IF(A31="","",T31*N31)," ") -> 2007.04 | T31: =IFERROR(IF(A31="","",X31/AB31)," ") -> 71.68 | U31: 61RJ25 | V31: FE | X31: 71.68 | Z31: 0 | AA31: EA | AB31: 1 | AC31: ARIAT | AD31: 10022328 | AE31: FR Crew Longsleeve Tee,Tan,2XL | AF31: Safety | AG31: Flame-Resistant and Arc Flash Shirts | AH31: Flame Resistant and Arc Flash Clothing | AJ31: Exact Match | AK31: Savings
A32: 110 | B32: 299 | F32: CT HT RES 4X 13OZ ALUMZD CARBON | G32: AIRGAS | H32: N33C22NU4X48018 | I32: FALSE | J32: 1 | K32: 431.70 | L32: 6 | M32: =IFERROR(IF(A32="","",K32/J32)," ") -> 431.7 | N32: =IFERROR(IF(A32="","",J32*L32)," ") -> 6 | O32: =IFERROR(M32*N32," ") -> 2590.2 | P32: =IFERROR(IF(A32="","",O32-S32)," ") -> 1.62 | Q32: =IFERROR(IF(A32="","",P32/O32)," ") -> 0.00062543433 | R32: =IFERROR(IF(A32="","",(IF(Q32<0,"Negative",IF(Q32=0,"Same",IF(Q32>0.3,"30+%",IF(Q32>0.2,"20-30%",IF(Q32>0.1,"10-20%",IF(Q32<=0.1,"0-10%"))))))))," ") -> 0-10% | S32: =IFERROR(IF(A32="","",T32*N32)," ") -> 2588.58 | T32: =IFERROR(IF(A32="","",X32/AB32)," ") -> 431.43 | U32: 8DN27 | V32: PS-PLG | X32: 431.43 | Z32: 0 | AA32: EA | AB32: 1 | AC32: KAREWEAR | AD32: 714ACK3XL | AE32: Aluminized Jacket,3XL,Carbon Kevlar(R) | AF32: Safety | AG32: Aluminized Jackets and Coats | AH32: Flame Resistant and Arc Flash Clothing | AJ32: Exact Match | AK32: Savings
A33: 111 | B33: 481 | F33: GLV SZ LG WLDG CWHD BCK PRM MIG GN | G33: AIRGAS | H33: REVBM88-LG | I33: FALSE | J33: 1 | K33: 17.83 | L33: 144 | M33: =IFERROR(IF(A33="","",K33/J33)," ") -> 17.83 | N33: =IFERROR(IF(A33="","",J33*L33)," ") -> 144 | O33: =IFERROR(M33*N33," ") -> 2567.52 | P33: =IFERROR(IF(A33="","",O33-S33)," ") -> 875.52 | Q33: =IFERROR(IF(A33="","",P33/O33)," ") -> 0.34099832 | R33: =IFERROR(IF(A33="","",(IF(Q33<0,"Negative",IF(Q33=0,"Same",IF(Q33>0.3,"30+%",IF(Q33>0.2,"20-30%",IF(Q33>0.1,"10-20%",IF(Q33<=0.1,"0-10%"))))))))," ") -> 30+% | S33: =IFERROR(IF(A33="","",T33*N33)," ") -> 1692 | T33: =IFERROR(IF(A33="","",X33/AB33)," ") -> 11.75 | U33: 4TJX5 | V33: FE | X33: 11.75 | Z33: 0 | AA33: PR | AB33: 1 | AC33: CONDOR | AD33: 4TJX5 | AE33: Welding Gloves,Stick,L/9,PR | AF33: Safety | AG33: Welding Gloves | AH33: Gloves and Hand Protection | AI33: TRUE | AJ33: Exact Match | AK33: Savings
A34: 113 | B34: 119 | F34: GATE SFTY 27" SELF-CLOSING | G34: AIRGAS | H34: BWA500367 | I34: FALSE | J34: 1 | K34: 315.28 | L34: 8 | M34: =IFERROR(IF(A34="","",K34/J34)," ") -> 315.28 | N34: =IFERROR(IF(A34="","",J34*L34)," ") -> 8 | O34: =IFERROR(M34*N34," ") -> 2522.24 | P34: =IFERROR(IF(A34="","",O34-S34)," ") -> 1151.6 | Q34: =IFERROR(IF(A34="","",P34/O34)," ") -> 0.45657828 | R34: =IFERROR(IF(A34="","",(IF(Q34<0,"Negative",IF(Q34=0,"Same",IF(Q34>0.3,"30+%",IF(Q34>0.2,"20-30%",IF(Q34>0.1,"10-20%",IF(Q34<=0.1,"0-10%"))))))))," ") -> 30+% | S34: =IFERROR(IF(A34="","",T34*N34)," ") -> 1370.64 | T34: =IFERROR(IF(A34="","",X34/AB34)," ") -> 171.33 | U34: 31TT69 | V34: FE | X34: 171.33 | Z34: 0 | AA34: EA | AB34: 1 | AC34: CONDOR | AD34: 31TT69 | AE34: Single-Door,11 3/4 in,Yellow | AF34: Material Handling | AG34: Self-Closing Safety Gates | AH34: Structures and Storage Buildings | AJ34: Exact Match | AK34: Savings
A35: 115 | B35: 540 | F35: LENS IMPCT WLDG ADF | G35: AIRGAS | H35: RPB16-872 | I35: FALSE | J35: 1 | K35: 1.77 | L35: 1350 | M35: =IFERROR(IF(A35="","",K35/J35)," ") -> 1.77 | N35: =IFERROR(IF(A35="","",J35*L35)," ") -> 1350 | O35: =IFERROR(M35*N35," ") -> 2389.5 | P35: =IFERROR(IF(A35="","",O35-S35)," ") -> -720.9 | Q35: =IFERROR(IF(A35="","",P35/O35)," ") -> -0.30169492 | R35: =IFERROR(IF(A35="","",(IF(Q35<0,"Negative",IF(Q35=0,"Same",IF(Q35>0.3,"30+%",IF(Q35>0.2,"20-30%",IF(Q35>0.1,"10-20%",IF(Q35<=0.1,"0-10%"))))))))," ") -> Negative | S35: =IFERROR(IF(A35="","",T35*N35)," ") -> 3110.4 | T35: =IFERROR(IF(A35="","",X35/AB35)," ") -> 2.304 | U35: 61CX89 | V35: E | X35: 23.04 | Z35: 0 | AA35: PK | AB35: 10 | AC35: RPB SAFETY | AD35: 16-872 | AE35: ADF Impact Lens,Clear,PK 10 | AF35: Safety | AG35: Powered Air-Purifying Respirators | AH35: Respiratory | AJ35: Exact Match | AK35: Current Price
A36: 117 | B36: 15 | F36: PFLTR WLDG SFTY 15-0099-99X12 12 PER CA | G36: AIRGAS | H36: 3MR15009999X12 | I36: FALSE | J36: 1 | K36: 3.03 | L36: 780 | M36: =IFERROR(IF(A36="","",K36/J36)," ") -> 3.03 | N36: =IFERROR(IF(A36="","",J36*L36)," ") -> 780 | O36: =IFERROR(M36*N36," ") -> 2363.4 | P36: =IFERROR(IF(A36="","",O36-S36)," ") -> -967.2 | Q36: =IFERROR(IF(A36="","",P36/O36)," ") -> -0.40924092 | R36: =IFERROR(IF(A36="","",(IF(Q36<0,"Negative",IF(Q36=0,"Same",IF(Q36>0.3,"30+%",IF(Q36>0.2,"20-30%",IF(Q36>0.1,"10-20%",IF(Q36<=0.1,"0-10%"))))))))," ") -> Negative | S36: =IFERROR(IF(A36="","",T36*N36)," ") -> 3330.6 | T36: =IFERROR(IF(A36="","",X36/AB36)," ") -> 4.27 | U36: 32V222 | V36: E | X36: 51.24 | Z36: 0 | AA36: PK | AB36: 12 | AC36: SPEEDGLAS | AD36: 15-0099-99X12 | AE36: PAPR Prefilter,PK12 | AF36: Safety | AG36: Respirator Parts and Accessories | AH36: Respiratory | AJ36: Exact Match | AK36: Current Price
A37: 118 | B37: 319 | F37: \\ TSHT LNG SLV FR MD 8.75OZ PRFRMN DES | G37: AIRGAS | H37: N33DF2CM265ALSDSMD | I37: FALSE | J37: 1 | K37: 86.97 | L37: 27 | M37: =IFERROR(IF(A37="","",K37/J37)," ") -> 86.97 | N37: =IFERROR(IF(A37="","",J37*L37)," ") -> 27 | O37: =IFERROR(M37*N37," ") -> 2348.19 | P37: =IFERROR(IF(A37="","",O37-S37)," ") -> 412.83 | Q37: =IFERROR(IF(A37="","",P37/O37)," ") -> 0.17580775 | R37: =IFERROR(IF(A37="","",(IF(Q37<0,"Negative",IF(Q37=0,"Same",IF(Q37>0.3,"30+%",IF(Q37>0.2,"20-30%",IF(Q37>0.1,"10-20%",IF(Q37<=0.1,"0-10%"))))))))," ") -> 10-20% | S37: =IFERROR(IF(A37="","",T37*N37)," ") -> 1935.36 | T37: =IFERROR(IF(A37="","",X37/AB37)," ") -> 71.68 | U37: 61RJ22 | V37: FE | X37: 71.68 | Z37: 0 | AA37: EA | AB37: 1 | AC37: ARIAT | AD37: 10022328 | AE37: FR Crew Longsleeve Tee,Tan,M | AF37: Safety | AG37: Flame-Resistant and Arc Flash Shirts | AH37: Flame Resistant and Arc Flash Clothing | AJ37: Exact Match | AK37: Savings
A38: 119 | B38: 298 | F38: CT HT RES 3X 13OZ ALUMZD CARBON | G38: AIRGAS | H38: N33C22NU3X48018 | I38: FALSE | J38: 1 | K38: 391.18 | L38: 6 | M38: =IFERROR(IF(A38="","",K38/J38)," ") -> 391.18 | N38: =IFERROR(IF(A38="","",J38*L38)," ") -> 6 | O38: =IFERROR(M38*N38," ") -> 2347.08 | P38: =IFERROR(IF(A38="","",O38-S38)," ") -> -241.5 | Q38: =IFERROR(IF(A38="","",P38/O38)," ") -> -0.10289381 | R38: =IFERROR(IF(A38="","",(IF(Q38<0,"Negative",IF(Q38=0,"Same",IF(Q38>0.3,"30+%",IF(Q38>0.2,"20-30%",IF(Q38>0.1,"10-20%",IF(Q38<=0.1,"0-10%"))))))))," ") -> Negative | S38: =IFERROR(IF(A38="","",T38*N38)," ") -> 2588.58 | T38: =IFERROR(IF(A38="","",X38/AB38)," ") -> 431.43 | U38: 8DN27 | V38: FE | X38: 431.43 | Z38: 0 | AA38: EA | AB38: 1 | AC38: KAREWEAR | AD38: 714ACK3XL | AE38: Aluminized Jacket,3XL,Carbon Kevlar(R) | AF38: Safety | AG38: Aluminized Jackets and Coats | AH38: Flame Resistant and Arc Flash Clothing | AJ38: Exact Match | AK38: Current Price
A39: 120 | B39: 297 | F39: CT HT RES 2X 13OZ ALUMZD CARBON | G39: AIRGAS | H39: N33C22NU2X48018 | I39: FALSE | J39: 1 | K39: 390.45 | L39: 6 | M39: =IFERROR(IF(A39="","",K39/J39)," ") -> 390.45 | N39: =IFERROR(IF(A39="","",J39*L39)," ") -> 6 | O39: =IFERROR(M39*N39," ") -> 2342.7 | P39: =IFERROR(IF(A39="","",O39-S39)," ") -> -520.38 | Q39: =IFERROR(IF(A39="","",P39/O39)," ") -> -0.22212831 | R39: =IFERROR(IF(A39="","",(IF(Q39<0,"Negative",IF(Q39=0,"Same",IF(Q39>0.3,"30+%",IF(Q39>0.2,"20-30%",IF(Q39>0.1,"10-20%",IF(Q39<=0.1,"0-10%"))))))))," ") -> Negative | S39: =IFERROR(IF(A39="","",T39*N39)," ") -> 2863.08 | T39: =IFERROR(IF(A39="","",X39/AB39)," ") -> 477.18 | U39: 9NN05 | V39: FE | X39: 477.18 | Z39: 0 | AA39: EA | AB39: 1 | AC39: KAREWEAR | AD39: 714ACK2XL | AE39: Aluminized Jacket,2XL,Carbon Kevlar(R) | AF39: Safety | AG39: Aluminized Jackets and Coats | AH39: Flame Resistant and Arc Flash Clothing | AJ39: Exact Match | AK39: Current Price
A40: 126 | B40: 241 | F40: GLV DRVR PRM GRDE LTHR GTSN LG WHT | G40: AIRGAS | H40: MEG3601KL | I40: FALSE | J40: 1 | K40: 12.14 | L40: 181 | M40: =IFERROR(IF(A40="","",K40/J40)," ") -> 12.14 | N40: =IFERROR(IF(A40="","",J40*L40)," ") -> 181 | O40: =IFERROR(M40*N40," ") -> 2197.34 | P40: =IFERROR(IF(A40="","",O40-S40)," ") -> -680.56 | Q40: =IFERROR(IF(A40="","",P40/O40)," ") -> -0.30971993 | R40: =IFERROR(IF(A40="","",(IF(Q40<0,"Negative",IF(Q40=0,"Same",IF(Q40>0.3,"30+%",IF(Q40>0.2,"20-30%",IF(Q40>0.1,"10-20%",IF(Q40<=0.1,"0-10%"))))))))," ") -> Negative | S40: =IFERROR(IF(A40="","",T40*N40)," ") -> 2877.9 | T40: =IFERROR(IF(A40="","",X40/AB40)," ") -> 15.9 | U40: 21NM43 | V40: E | X40: 15.9 | Z40: 0 | AA40: PR | AB40: 1 | AC40: MCR SAFETY | AD40: 3601KL | AE40: Leather Gloves,White,L,PR | AF40: Safety | AG40: Leather Gloves and Mitts | AH40: Gloves and Hand Protection | AI40: TRUE | AJ40: Exact Match | AK40: Current Price
A41: 127 | B41: 294 | F41: CT HT RES LG 12OZ OPF BLND FLCE CLTH | G41: AIRGAS | H41: N33C22CWLG48179 | I41: FALSE | J41: 1 | K41: 539.45 | L41: 4 | M41: =IFERROR(IF(A41="","",K41/J41)," ") -> 539.45 | N41: =IFERROR(IF(A41="","",J41*L41)," ") -> 4 | O41: =IFERROR(M41*N41," ") -> 2157.8 | P41: =IFERROR(IF(A41="","",O41-S41)," ") -> 374.4 | Q41: =IFERROR(IF(A41="","",P41/O41)," ") -> 0.17351006 | R41: =IFERROR(IF(A41="","",(IF(Q41<0,"Negative",IF(Q41=0,"Same",IF(Q41>0.3,"30+%",IF(Q41>0.2,"20-30%",IF(Q41>0.1,"10-20%",IF(Q41<=0.1,"0-10%"))))))))," ") -> 10-20% | S41: =IFERROR(IF(A41="","",T41*N41)," ") -> 1783.4 | T41: =IFERROR(IF(A41="","",X41/AB41)," ") -> 445.85 | U41: 8AAR0 | V41: PS-NMI | X41: 445.85 | Z41: 0 | AA41: EA | AB41: 1 | AC41: KAREWEAR | AD41: 714ACKL | AE41: Aluminized Jacket,L,Carbon Kevlar(R) | AF41: Safety | AG41: Aluminized Jackets and Coats | AH41: Flame Resistant and Arc Flash Clothing | AJ41: Exact Match | AK41: Savings
A42: 128 | B42: 153 | F42: E CBNT FLAM BTOP 4G MAN YEL | G42: AIRGAS | H42: E421904X | I42: FALSE | J42: 1 | K42: 530.31 | L42: 4 | M42: =IFERROR(IF(A42="","",K42/J42)," ") -> 530.31 | N42: =IFERROR(IF(A42="","",J42*L42)," ") -> 4 | O42: =IFERROR(M42*N42," ") -> 2121.24 | P42: =IFERROR(IF(A42="","",O42-S42)," ") -> 106.04 | Q42: =IFERROR(IF(A42="","",P42/O42)," ") -> 0.049989629 | R42: =IFERROR(IF(A42="","",(IF(Q42<0,"Negative",IF(Q42=0,"Same",IF(Q42>0.3,"30+%",IF(Q42>0.2,"20-30%",IF(Q42>0.1,"10-20%",IF(Q42<=0.1,"0-10%"))))))))," ") -> 0-10% | S42: =IFERROR(IF(A42="","",T42*N42)," ") -> 2015.2 | T42: =IFERROR(IF(A42="","",X42/AB42)," ") -> 503.8 | U42: 55EA62 | V42: E | X42: 503.8 | Z42: 0 | AA42: EA | AB42: 1 | AC42: EAGLE | AD42: 1904X | AE42: HazmatStorageCabinet,Yellow,Steel | AF42: Safety | AG42: Hazardous Material Storage Cabinets | AH42: Safety Storage | AJ42: Exact Match | AK42: Savings
A43: 129 | B43: 132 | F43: HRNS SFTY EXOFIT NEX LG FRNT/BCK D-RN | G43: AIRGAS | H43: D621113037 | I43: FALSE | J43: 1 | K43: 418.26 | L43: 5 | M43: =IFERROR(IF(A43="","",K43/J43)," ") -> 418.26 | N43: =IFERROR(IF(A43="","",J43*L43)," ") -> 5 | O43: =IFERROR(M43*N43," ") -> 2091.3 | P43: =IFERROR(IF(A43="","",O43-S43)," ") -> -961.6 | Q43: =IFERROR(IF(A43="","",P43/O43)," ") -> -0.45980969 | R43: =IFERROR(IF(A43="","",(IF(Q43<0,"Negative",IF(Q43=0,"Same",IF(Q43>0.3,"30+%",IF(Q43>0.2,"20-30%",IF(Q43>0.1,"10-20%",IF(Q43<=0.1,"0-10%"))))))))," ") -> Negative | S43: =IFERROR(IF(A43="","",T43*N43)," ") -> 3052.9 | T43: =IFERROR(IF(A43="","",X43/AB43)," ") -> 610.58 | U43: 788CM0 | V43: FE | X43: 610.58 | Z43: 0 | AA43: EA | AB43: 1 | AC43: 3M DBI-SALA | AD43: 1113037 | AE43: Harness,L,Gray,Quick-Connect,Polyester | AF43: Safety | AG43: Fall Protection Harnesses | AH43: Fall Protection | AJ43: Exact Match | AK43: Current Price
A44: 134 | B44: 410 | F44: GLV CLD WTHR DRVR GN PIG LTHR MD TA | G44: AIRGAS | H44: PIP994KOTP/M | I44: FALSE | J44: 1 | K44: 7.49 | L44: 264 | M44: =IFERROR(IF(A44="","",K44/J44)," ") -> 7.49 | N44: =IFERROR(IF(A44="","",J44*L44)," ") -> 264 | O44: =IFERROR(M44*N44," ") -> 1977.36 | P44: =IFERROR(IF(A44="","",O44-S44)," ") -> 97.68 | Q44: =IFERROR(IF(A44="","",P44/O44)," ") -> 0.049399199 | R44: =IFERROR(IF(A44="","",(IF(Q44<0,"Negative",IF(Q44=0,"Same",IF(Q44>0.3,"30+%",IF(Q44>0.2,"20-30%",IF(Q44>0.1,"10-20%",IF(Q44<=0.1,"0-10%"))))))))," ") -> 0-10% | S44: =IFERROR(IF(A44="","",T44*N44)," ") -> 1879.68 | T44: =IFERROR(IF(A44="","",X44/AB44)," ") -> 7.12 | U44: 25D571 | V44: FE | X44: 7.12 | Z44: 0 | AA44: PR | AB44: 1 | AC44: MCR SAFETY | AD44: 3213HVIM | AE44: Leather Gloves,Beige,M,PR | AF44: Safety | AG44: Leather Gloves and Mitts | AH44: Gloves and Hand Protection | AJ44: Exact Match | AK44: Savings
A45: 136 | B45: 524 | F45: RESP Z-LINK INCL SFTY LENS FR FACE SL | G45: AIRGAS | H45: RPB16-010-11 | I45: FALSE | J45: 1 | K45: 490.49 | L45: 4 | M45: =IFERROR(IF(A45="","",K45/J45)," ") -> 490.49 | N45: =IFERROR(IF(A45="","",J45*L45)," ") -> 4 | O45: =IFERROR(M45*N45," ") -> 1961.96 | P45: =IFERROR(IF(A45="","",O45-S45)," ") -> -665.4 | Q45: =IFERROR(IF(A45="","",P45/O45)," ") -> -0.33915065 | R45: =IFERROR(IF(A45="","",(IF(Q45<0,"Negative",IF(Q45=0,"Same",IF(Q45>0.3,"30+%",IF(Q45>0.2,"20-30%",IF(Q45>0.1,"10-20%",IF(Q45<=0.1,"0-10%"))))))))," ") -> Negative | S45: =IFERROR(IF(A45="","",T45*N45)," ") -> 2627.36 | T45: =IFERROR(IF(A45="","",X45/AB45)," ") -> 656.84 | U45: 61CX57 | V45: E | X45: 656.84 | Z45: 0 | AA45: EA | AB45: 1 | AC45: RPB SAFETY | AD45: 16-010-11 | AE45: RPB Z-Z Link | AF45: Safety | AG45: Powered Air-Purifying Respirators | AH45: Respiratory | AJ45: Exact Match | AK45: Current Price
A46: 140 | B46: 30 | F46: BLWR UNIT PAPR W/CVR 35-1099-01 ADF | G46: AIRGAS | H46: 3MR35-1099-01 | I46: FALSE | J46: 1 | K46: 465.40 | L46: 4 | M46: =IFERROR(IF(A46="","",K46/J46)," ") -> 465.4 | N46: =IFERROR(IF(A46="","",J46*L46)," ") -> 4 | O46: =IFERROR(M46*N46," ") -> 1861.6 | P46: =IFERROR(IF(A46="","",O46-S46)," ") -> -564.96 | Q46: =IFERROR(IF(A46="","",P46/O46)," ") -> -0.30348088 | R46: =IFERROR(IF(A46="","",(IF(Q46<0,"Negative",IF(Q46=0,"Same",IF(Q46>0.3,"30+%",IF(Q46>0.2,"20-30%",IF(Q46>0.1,"10-20%",IF(Q46<=0.1,"0-10%"))))))))," ") -> Negative | S46: =IFERROR(IF(A46="","",T46*N46)," ") -> 2426.56 | T46: =IFERROR(IF(A46="","",X46/AB46)," ") -> 606.64 | U46: 32NC24 | V46: E | X46: 606.64 | Z46: 0 | AA46: EA | AB46: 1 | AC46: 3M | AD46: 35-1099-01 | AE46: PAPR Blower,w/Blower Unit, Cover | AF46: Safety | AG46: Powered Air-Purifying Respirator Blowers | AH46: Respiratory | AJ46: Exact Match | AK46: Current Price
A47: 142 | B47: 129 | F47: HRNS SFTY DELTA II UNIV D-RNG NMX/KVL | G47: AIRGAS | H47: D621109975 | I47: FALSE | J47: 1 | K47: 363.50 | L47: 5 | M47: =IFERROR(IF(A47="","",K47/J47)," ") -> 363.5 | N47: =IFERROR(IF(A47="","",J47*L47)," ") -> 5 | O47: =IFERROR(M47*N47," ") -> 1817.5 | P47: =IFERROR(IF(A47="","",O47-S47)," ") -> -497.7 | Q47: =IFERROR(IF(A47="","",P47/O47)," ") -> -0.27383769 | R47: =IFERROR(IF(A47="","",(IF(Q47<0,"Negative",IF(Q47=0,"Same",IF(Q47>0.3,"30+%",IF(Q47>0.2,"20-30%",IF(Q47>0.1,"10-20%",IF(Q47<=0.1,"0-10%"))))))))," ") -> Negative | S47: =IFERROR(IF(A47="","",T47*N47)," ") -> 2315.2 | T47: =IFERROR(IF(A47="","",X47/AB47)," ") -> 463.04 | U47: 30M512 | V47: FE | X47: 463.04 | Z47: 0 | AA47: EA | AB47: 1 | AC47: 3M DBI-SALA | AD47: 1109975 | AE47: Hot Work Harness,Delta,Univ | AF47: Safety | AG47: Fall Protection Harnesses | AH47: Fall Protection | AJ47: Exact Match | AK47: Current Price
A48: 145 | B48: 526 | F48: RESP Z-LINK RESP INCL 16-810 SFTY LENS | G48: AIRGAS | H48: RPB16-018-21-FR | I48: FALSE | J48: 1 | K48: 1798.62 | L48: 1 | M48: =IFERROR(IF(A48="","",K48/J48)," ") -> 1798.62 | N48: =IFERROR(IF(A48="","",J48*L48)," ") -> 1 | O48: =IFERROR(M48*N48," ") -> 1798.62 | P48: =IFERROR(IF(A48="","",O48-S48)," ") -> -94.11 | Q48: =IFERROR(IF(A48="","",P48/O48)," ") -> -0.052323448 | R48: =IFERROR(IF(A48="","",(IF(Q48<0,"Negative",IF(Q48=0,"Same",IF(Q48>0.3,"30+%",IF(Q48>0.2,"20-30%",IF(Q48>0.1,"10-20%",IF(Q48<=0.1,"0-10%"))))))))," ") -> Negative | S48: =IFERROR(IF(A48="","",T48*N48)," ") -> 1892.73 | T48: =IFERROR(IF(A48="","",X48/AB48)," ") -> 1892.73 | U48: 61CX70 | V48: E | X48: 1892.73 | Z48: 0 | AA48: EA | AB48: 1 | AC48: RPB SAFETY | AD48: 16-018-21-FR | AE48: Z-Link Helmet | AF48: Safety | AG48: Powered Air-Purifying Respirators | AH48: Respiratory | AJ48: Exact Match | AK48: Current Price
A49: 150 | B49: 477 | F49: GLV WLDG SPLT CWHD CSHN COR LND MD | G49: AIRGAS | H49: REV320M | I49: FALSE | J49: 1 | K49: 12.25 | L49: 132 | M49: =IFERROR(IF(A49="","",K49/J49)," ") -> 12.25 | N49: =IFERROR(IF(A49="","",J49*L49)," ") -> 132 | O49: =IFERROR(M49*N49," ") -> 1617 | P49: =IFERROR(IF(A49="","",O49-S49)," ") -> 80.52 | Q49: =IFERROR(IF(A49="","",P49/O49)," ") -> 0.049795918 | R49: =IFERROR(IF(A49="","",(IF(Q49<0,"Negative",IF(Q49=0,"Same",IF(Q49>0.3,"30+%",IF(Q49>0.2,"20-30%",IF(Q49>0.1,"10-20%",IF(Q49<=0.1,"0-10%"))))))))," ") -> 0-10% | S49: =IFERROR(IF(A49="","",T49*N49)," ") -> 1536.48 | T49: =IFERROR(IF(A49="","",X49/AB49)," ") -> 11.64 | U49: 4TJV2 | V49: FE | X49: 11.64 | Z49: 0 | AA49: PR | AB49: 1 | AC49: CONDOR | AD49: 4TJV2 | AE49: Welding Gloves,Stick,M/8,PR | AF49: Safety | AG49: Welding Gloves | AH49: Gloves and Hand Protection | AJ49: Exact Match | AK49: Savings
A50: 151 | B50: 244 | F50: GLV DRVR PRM GRDE LTHR GTSN XL WHT | G50: AIRGAS | H50: MEG3601KXL | I50: FALSE | J50: 1 | K50: 12.69 | L50: 126 | M50: =IFERROR(IF(A50="","",K50/J50)," ") -> 12.69 | N50: =IFERROR(IF(A50="","",J50*L50)," ") -> 126 | O50: =IFERROR(M50*N50," ") -> 1598.94 | P50: =IFERROR(IF(A50="","",O50-S50)," ") -> -404.46 | Q50: =IFERROR(IF(A50="","",P50/O50)," ") -> -0.25295508 | R50: =IFERROR(IF(A50="","",(IF(Q50<0,"Negative",IF(Q50=0,"Same",IF(Q50>0.3,"30+%",IF(Q50>0.2,"20-30%",IF(Q50>0.1,"10-20%",IF(Q50<=0.1,"0-10%"))))))))," ") -> Negative | S50: =IFERROR(IF(A50="","",T50*N50)," ") -> 2003.4 | T50: =IFERROR(IF(A50="","",X50/AB50)," ") -> 15.9 | U50: 21NM44 | V50: E | X50: 15.9 | Z50: 0 | AA50: PR | AB50: 1 | AC50: MCR SAFETY | AD50: 3601KXL | AE50: Leather Gloves,White,XL,PR | AF50: Safety | AG50: Leather Gloves and Mitts | AH50: Gloves and Hand Protection | AI50: TRUE | AJ50: Exact Match | AK50: Current Price
A51: 155 | B51: 246 | F51: GLV DRVR PRM GRDE LTHR GTSN 3X WHT | G51: AIRGAS | H51: MEG3601KXXXL | I51: FALSE | J51: 1 | K51: 17.09 | L51: 89 | M51: =IFERROR(IF(A51="","",K51/J51)," ") -> 17.09 | N51: =IFERROR(IF(A51="","",J51*L51)," ") -> 89 | O51: =IFERROR(M51*N51," ") -> 1521.01 | P51: =IFERROR(IF(A51="","",O51-S51)," ") -> 75.65 | Q51: =IFERROR(IF(A51="","",P51/O51)," ") -> 0.049736688 | R51: =IFERROR(IF(A51="","",(IF(Q51<0,"Negative",IF(Q51=0,"Same",IF(Q51>0.3,"30+%",IF(Q51>0.2,"20-30%",IF(Q51>0.1,"10-20%",IF(Q51<=0.1,"0-10%"))))))))," ") -> 0-10% | S51: =IFERROR(IF(A51="","",T51*N51)," ") -> 1445.36 | T51: =IFERROR(IF(A51="","",X51/AB51)," ") -> 16.24 | U51: 21NM46 | V51: E | X51: 16.24 | Z51: 0 | AA51: PR | AB51: 1 | AC51: MCR SAFETY | AD51: 3601KXXXL | AE51: Leather Gloves,White,3XL,PR | AF51: Safety | AG51: Leather Gloves and Mitts | AH51: Gloves and Hand Protection | AJ51: Exact Match | AK51: Savings
A52: 157 | B52: 300 | F52: CT HT RES XL 13OZ ALUMZD CARBON | G52: AIRGAS | H52: N33C22NUXL48018 | I52: FALSE | J52: 1 | K52: 356.85 | L52: 4 | M52: =IFERROR(IF(A52="","",K52/J52)," ") -> 356.85 | N52: =IFERROR(IF(A52="","",J52*L52)," ") -> 4 | O52: =IFERROR(M52*N52," ") -> 1427.4 | P52: =IFERROR(IF(A52="","",O52-S52)," ") -> -266.52 | Q52: =IFERROR(IF(A52="","",P52/O52)," ") -> -0.18671711 | R52: =IFERROR(IF(A52="","",(IF(Q52<0,"Negative",IF(Q52=0,"Same",IF(Q52>0.3,"30+%",IF(Q52>0.2,"20-30%",IF(Q52>0.1,"10-20%",IF(Q52<=0.1,"0-10%"))))))))," ") -> Negative | S52: =IFERROR(IF(A52="","",T52*N52)," ") -> 1693.92 | T52: =IFERROR(IF(A52="","",X52/AB52)," ") -> 423.48 | U52: 2YRJ6 | V52: E | X52: 423.48 | Z52: 0 | AA52: EA | AB52: 1 | AC52: NATIONAL SAFETY APPAREL | AD52: C22NLXL30 | AE52: Aluminized Coat,XL,Carbon Kevlar(R) | AF52: Safety | AG52: Aluminized Jackets and Coats | AH52: Flame Resistant and Arc Flash Clothing | AJ52: Exact Match | AK52: Current Price
A53: 158 | B53: 48 | F53: ERMF BEHIND-THE-HEAD HRG CONSERVATION | G53: AIRGAS | H53: 3MRH7B | I53: FALSE | J53: 1 | K53: 21.65 | L53: 65 | M53: =IFERROR(IF(A53="","",K53/J53)," ") -> 21.65 | N53: =IFERROR(IF(A53="","",J53*L53)," ") -> 65 | O53: =IFERROR(M53*N53," ") -> 1407.25 | P53: =IFERROR(IF(A53="","",O53-S53)," ") -> -884 | Q53: =IFERROR(IF(A53="","",P53/O53)," ") -> -0.62817552 | R53: =IFERROR(IF(A53="","",(IF(Q53<0,"Negative",IF(Q53=0,"Same",IF(Q53>0.3,"30+%",IF(Q53>0.2,"20-30%",IF(Q53>0.1,"10-20%",IF(Q53<=0.1,"0-10%"))))))))," ") -> Negative | S53: =IFERROR(IF(A53="","",T53*N53)," ") -> 2291.25 | T53: =IFERROR(IF(A53="","",X53/AB53)," ") -> 35.25 | U53: 3NZF2 | V53: FE | X53: 35.25 | Z53: 0 | AA53: EA | AB53: 1 | AC53: 3M PELTOR | AD53: H7B | AE53: Ear Muffs,Behind-the-Neck,NRR 26dB | AF53: Safety | AG53: Passive Earmuffs | AH53: Hearing Protection | AI53: TRUE | AJ53: Exact Match | AK53: Current Price
A54: 159 | B54: 242 | F54: GLV DRVR PRM GRDE LTHR GTSN MD WHT | G54: AIRGAS | H54: MEG3601KM | I54: FALSE | J54: 1 | K54: 12.12 | L54: 115 | M54: =IFERROR(IF(A54="","",K54/J54)," ") -> 12.12 | N54: =IFERROR(IF(A54="","",J54*L54)," ") -> 115 | O54: =IFERROR(M54*N54," ") -> 1393.8 | P54: =IFERROR(IF(A54="","",O54-S54)," ") -> -434.7 | Q54: =IFERROR(IF(A54="","",P54/O54)," ") -> -0.31188119 | R54: =IFERROR(IF(A54="","",(IF(Q54<0,"Negative",IF(Q54=0,"Same",IF(Q54>0.3,"30+%",IF(Q54>0.2,"20-30%",IF(Q54>0.1,"10-20%",IF(Q54<=0.1,"0-10%"))))))))," ") -> Negative | S54: =IFERROR(IF(A54="","",T54*N54)," ") -> 1828.5 | T54: =IFERROR(IF(A54="","",X54/AB54)," ") -> 15.9 | U54: 21NM42 | V54: E | X54: 15.9 | Z54: 0 | AA54: PR | AB54: 1 | AC54: MCR SAFETY | AD54: 3601KM | AE54: Leather Gloves,White,M,PR | AF54: Safety | AG54: Leather Gloves and Mitts | AH54: Gloves and Hand Protection | AI54: TRUE | AJ54: Exact Match | AK54: Current Price
A55: 164 | B55: 618 | F55: HOOD ASSY LIFT FRNT PRM 40CAL | G55: AIRGAS | H55: W43LFH40PRG-PP | I55: FALSE | J55: 1 | K55: 670.47 | L55: 2 | M55: =IFERROR(IF(A55="","",K55/J55)," ") -> 670.47 | N55: =IFERROR(IF(A55="","",J55*L55)," ") -> 2 | O55: =IFERROR(M55*N55," ") -> 1340.94 | P55: =IFERROR(IF(A55="","",O55-S55)," ") -> -339.88 | Q55: =IFERROR(IF(A55="","",P55/O55)," ") -> -0.25346399 | R55: =IFERROR(IF(A55="","",(IF(Q55<0,"Negative",IF(Q55=0,"Same",IF(Q55>0.3,"30+%",IF(Q55>0.2,"20-30%",IF(Q55>0.1,"10-20%",IF(Q55<=0.1,"0-10%"))))))))," ") -> Negative | S55: =IFERROR(IF(A55="","",T55*N55)," ") -> 1680.82 | T55: =IFERROR(IF(A55="","",X55/AB55)," ") -> 840.41 | U55: 797TC9 | V55: E | X55: 840.41 | Z55: 0 | AA55: EA | AB55: 1 | AC55: SALISBURY | AD55: LFH40PRG-PP | AE55: Arc Flash Hood,Red | AF55: Safety | AG55: Flame-Resistant and Arc Flash Hoods | AH55: Flame Resistant and Arc Flash Clothing | AJ55: Exact Match | AK55: Current Price
A56: 165 | B56: 149 | F56: LFLN SLF-RTRCTG 20' DBI-SALA SMRT LCK | G56: AIRGAS | H56: D623503872 | I56: FALSE | J56: 1 | K56: 663.70 | L56: 2 | M56: =IFERROR(IF(A56="","",K56/J56)," ") -> 663.7 | N56: =IFERROR(IF(A56="","",J56*L56)," ") -> 2 | O56: =IFERROR(M56*N56," ") -> 1327.4 | P56: =IFERROR(IF(A56="","",O56-S56)," ") -> -470.44 | Q56: =IFERROR(IF(A56="","",P56/O56)," ") -> -0.35440711 | R56: =IFERROR(IF(A56="","",(IF(Q56<0,"Negative",IF(Q56=0,"Same",IF(Q56>0.3,"30+%",IF(Q56>0.2,"20-30%",IF(Q56>0.1,"10-20%",IF(Q56<=0.1,"0-10%"))))))))," ") -> Negative | S56: =IFERROR(IF(A56="","",T56*N56)," ") -> 1797.84 | T56: =IFERROR(IF(A56="","",X56/AB56)," ") -> 898.92 | U56: 800TW4 | V56: E | X56: 898.92 | Z56: 0 | AA56: EA | AB56: 1 | AC56: 3M DBI-SALA | AD56: 3503872 | AE56: Self-Retracting Lifeline,20 ft L,1Leg | AF56: Safety | AG56: Self-Retracting Lifelines | AH56: Fall Protection | AJ56: Exact Match | AK56: Current Price
A57: 167 | B57: 512 | F57: BCKPK FR ASSY | G57: AIRGAS | H57: RPB03-822-FR | I57: FALSE | J57: 1 | K57: 145.17 | L57: 9 | M57: =IFERROR(IF(A57="","",K57/J57)," ") -> 145.17 | N57: =IFERROR(IF(A57="","",J57*L57)," ") -> 9 | O57: =IFERROR(M57*N57," ") -> 1306.53 | P57: =IFERROR(IF(A57="","",O57-S57)," ") -> -76.41 | Q57: =IFERROR(IF(A57="","",P57/O57)," ") -> -0.058483158 | R57: =IFERROR(IF(A57="","",(IF(Q57<0,"Negative",IF(Q57=0,"Same",IF(Q57>0.3,"30+%",IF(Q57>0.2,"20-30%",IF(Q57>0.1,"10-20%",IF(Q57<=0.1,"0-10%"))))))))," ") -> Negative | S57: =IFERROR(IF(A57="","",T57*N57)," ") -> 1382.94 | T57: =IFERROR(IF(A57="","",X57/AB57)," ") -> 153.66 | U57: 787WJ1 | V57: E | X57: 153.66 | Z57: 0 | AA57: EA | AB57: 1 | AC57: RPB SAFETY | AD57: 03-822-FR | AE57: Air Purifying Respirator,PC/TPU/Polyestr | AF57: Safety | AG57: Powered Air-Purifying Respirator PAPR System Components and Accessories | AH57: Respiratory | AJ57: Exact Match | AK57: Current Price
A58: 168 | B58: 20 | F58: MCHNSM FLIP-UP FOR 9100 MP 27-0099-53 | G58: AIRGAS | H58: 3MR27-0099-53 | I58: FALSE | J58: 1 | K58: 118.71 | L58: 11 | M58: =IFERROR(IF(A58="","",K58/J58)," ") -> 118.71 | N58: =IFERROR(IF(A58="","",J58*L58)," ") -> 11 | O58: =IFERROR(M58*N58," ") -> 1305.81 | P58: =IFERROR(IF(A58="","",O58-S58)," ") -> -448.58 | Q58: =IFERROR(IF(A58="","",P58/O58)," ") -> -0.34352624 | R58: =IFERROR(IF(A58="","",(IF(Q58<0,"Negative",IF(Q58=0,"Same",IF(Q58>0.3,"30+%",IF(Q58>0.2,"20-30%",IF(Q58>0.1,"10-20%",IF(Q58<=0.1,"0-10%"))))))))," ") -> Negative | S58: =IFERROR(IF(A58="","",T58*N58)," ") -> 1754.39 | T58: =IFERROR(IF(A58="","",X58/AB58)," ") -> 159.49 | U58: 21VG05 | V58: E | X58: 159.49 | Z58: 0 | AA58: EA | AB58: 1 | AC58: SPEEDGLAS | AD58: 27-0099-53 | AE58: Flip-Up Mechanism for 9100 MP | AF58: Welding | AG58: Welding Helmet Parts and Accessories | AH58: Welding Safety Equipment | AJ58: Exact Match | AK58: Current Price
A59: 169 | B59: 272 | F59: SUSP ASSY FAS-TRAC III RTCHT 4 PT | G59: AIRGAS | H59: MSA10153385 | I59: FALSE | J59: 1 | K59: 16.30 | L59: 80 | M59: =IFERROR(IF(A59="","",K59/J59)," ") -> 16.3 | N59: =IFERROR(IF(A59="","",J59*L59)," ") -> 80 | O59: =IFERROR(M59*N59," ") -> 1304 | P59: =IFERROR(IF(A59="","",O59-S59)," ") -> -895.2 | Q59: =IFERROR(IF(A59="","",P59/O59)," ") -> -0.68650307 | R59: =IFERROR(IF(A59="","",(IF(Q59<0,"Negative",IF(Q59=0,"Same",IF(Q59>0.3,"30+%",IF(Q59>0.2,"20-30%",IF(Q59>0.1,"10-20%",IF(Q59<=0.1,"0-10%"))))))))," ") -> Negative | S59: =IFERROR(IF(A59="","",T59*N59)," ") -> 2199.2 | T59: =IFERROR(IF(A59="","",X59/AB59)," ") -> 27.49 | U59: 30FX35 | V59: FE | X59: 27.49 | Z59: 0 | AA59: EA | AB59: 1 | AC59: MSA | AD59: 10153385 | AE59: Hard Hat Suspension,4-pt. Ratchet | AF59: Safety | AG59: Hard Hat Suspensions | AH59: Head Protection | AJ59: Exact Match | AK59: Current Price
A60: 171 | B60: 285 | F60: HDCP SKLGD NAT TAN STAZ-ON LG N/SLTD | G60: AIRGAS | H60: MSA82018 | I60: FALSE | J60: 1 | K60: 103.91 | L60: 12 | M60: =IFERROR(IF(A60="","",K60/J60)," ") -> 103.91 | N60: =IFERROR(IF(A60="","",J60*L60)," ") -> 12 | O60: =IFERROR(M60*N60," ") -> 1246.92 | P60: =IFERROR(IF(A60="","",O60-S60)," ") -> -877.8 | Q60: =IFERROR(IF(A60="","",P60/O60)," ") -> -0.70397459 | R60: =IFERROR(IF(A60="","",(IF(Q60<0,"Negative",IF(Q60=0,"Same",IF(Q60>0.3,"30+%",IF(Q60>0.2,"20-30%",IF(Q60>0.1,"10-20%",IF(Q60<=0.1,"0-10%"))))))))," ") -> Negative | S60: =IFERROR(IF(A60="","",T60*N60)," ") -> 2124.72 | T60: =IFERROR(IF(A60="","",X60/AB60)," ") -> 177.06 | U60: 35GJ60 | V60: E | X60: 177.06 | Z60: 0 | AA60: EA | AB60: 1 | AC60: MSA | AD60: 82018 | AE60: Hard Hat,Type 1, Class G,Pinlock,Tan | AF60: Safety | AG60: Hard Hats | AH60: Head Protection | AJ60: Exact Match | AK60: Current Price
A61: 172 | B61: 533 | F61: SL FACE Z-LNK | G61: AIRGAS | H61: RPB16-711 | I61: FALSE | J61: 1 | K61: 135.30 | L61: 9 | M61: =IFERROR(IF(A61="","",K61/J61)," ") -> 135.3 | N61: =IFERROR(IF(A61="","",J61*L61)," ") -> 9 | O61: =IFERROR(M61*N61," ") -> 1217.7 | P61: =IFERROR(IF(A61="","",O61-S61)," ") -> -331.92 | Q61: =IFERROR(IF(A61="","",P61/O61)," ") -> -0.27257945 | R61: =IFERROR(IF(A61="","",(IF(Q61<0,"Negative",IF(Q61=0,"Same",IF(Q61>0.3,"30+%",IF(Q61>0.2,"20-30%",IF(Q61>0.1,"10-20%",IF(Q61<=0.1,"0-10%"))))))))," ") -> Negative | S61: =IFERROR(IF(A61="","",T61*N61)," ") -> 1549.62 | T61: =IFERROR(IF(A61="","",X61/AB61)," ") -> 172.18 | U61: 61CX79 | V61: E | X61: 172.18 | Z61: 0 | AA61: EA | AB61: 1 | AC61: RPB SAFETY | AD61: 16-711 | AE61: Face Seal | AF61: Safety | AG61: Powered Air-Purifying Respirators | AH61: Respiratory | AJ61: Exact Match | AK61: Current Price
A62: 174 | B62: 485 | F62: BCKPD HT RES 7"X8.5" ALUMZD FGL TOP LYR | G62: AIRGAS | H62: REVBPCX | I62: FALSE | J62: 1 | K62: 8.32 | L62: 144 | M62: =IFERROR(IF(A62="","",K62/J62)," ") -> 8.32 | N62: =IFERROR(IF(A62="","",J62*L62)," ") -> 144 | O62: =IFERROR(M62*N62," ") -> 1198.08 | P62: =IFERROR(IF(A62="","",O62-S62)," ") -> 191.52 | Q62: =IFERROR(IF(A62="","",P62/O62)," ") -> 0.15985577 | R62: =IFERROR(IF(A62="","",(IF(Q62<0,"Negative",IF(Q62=0,"Same",IF(Q62>0.3,"30+%",IF(Q62>0.2,"20-30%",IF(Q62>0.1,"10-20%",IF(Q62<=0.1,"0-10%"))))))))," ") -> 10-20% | S62: =IFERROR(IF(A62="","",T62*N62)," ") -> 1006.56 | T62: =IFERROR(IF(A62="","",X62/AB62)," ") -> 6.99 | U62: 48W312 | V62: FE | X62: 6.99 | Z62: 0 | AA62: EA | AB62: 1 | AC62: TILLMAN | AD62: 550X | AE62: Glove Pad-Bulk | AF62: Safety | AG62: Heat Reflective Aluminized Pads | AH62: Gloves and Hand Protection | AJ62: Exact Match | AK62: Savings
A63: 175 | B63: 4 | F63: PLA OTSD PRTN 9100 SCRTCH RES 50/CA | G63: AIRGAS | H63: 3MR06-0200-52-B | I63: FALSE | J63: 1 | K63: 5.97 | L63: 200 | M63: =IFERROR(IF(A63="","",K63/J63)," ") -> 5.97 | N63: =IFERROR(IF(A63="","",J63*L63)," ") -> 200 | O63: =IFERROR(M63*N63," ") -> 1194 | P63: =IFERROR(IF(A63="","",O63-S63)," ") -> -265.96 | Q63: =IFERROR(IF(A63="","",P63/O63)," ") -> -0.22274707 | R63: =IFERROR(IF(A63="","",(IF(Q63<0,"Negative",IF(Q63=0,"Same",IF(Q63>0.3,"30+%",IF(Q63>0.2,"20-30%",IF(Q63>0.1,"10-20%",IF(Q63<=0.1,"0-10%"))))))))," ") -> Negative | S63: =IFERROR(IF(A63="","",T63*N63)," ") -> 1459.96 | T63: =IFERROR(IF(A63="","",X63/AB63)," ") -> 7.2998 | U63: 32V189 | V63: E | X63: 364.99 | Z63: 0 | AA63: PK | AB63: 50 | AC63: SPEEDGLAS | AD63: 06-0200-52-B | AE63: Outside Protection Plate,PK50 | AF63: Safety | AG63: Powered Air-Purifying Respirator PAPR System Components and Accessories | AH63: Respiratory | AJ63: Exact Match | AK63: Current Price
A64: 180 | B64: 342 | F64: SWTBND SNAP-ON TRY CTTN NVY PK 100 | G64: AIRGAS | H64: OCC870B100-01 | I64: FALSE | J64: 1 | K64: 1.83 | L64: 618 | M64: =IFERROR(IF(A64="","",K64/J64)," ") -> 1.83 | N64: =IFERROR(IF(A64="","",J64*L64)," ") -> 618 | O64: =IFERROR(M64*N64," ") -> 1130.94 | P64: =IFERROR(IF(A64="","",O64-S64)," ") -> -685.98 | Q64: =IFERROR(IF(A64="","",P64/O64)," ") -> -0.60655738 | R64: =IFERROR(IF(A64="","",(IF(Q64<0,"Negative",IF(Q64=0,"Same",IF(Q64>0.3,"30+%",IF(Q64>0.2,"20-30%",IF(Q64>0.1,"10-20%",IF(Q64<=0.1,"0-10%"))))))))," ") -> Negative | S64: =IFERROR(IF(A64="","",T64*N64)," ") -> 1816.92 | T64: =IFERROR(IF(A64="","",X64/AB64)," ") -> 2.94 | U64: 33Y807 | V64: E | X64: 2.94 | Z64: 0 | AA64: EA | AB64: 1 | AC64: OCCUNOMIX | AD64: 870-01 | AE64: Sweatband, Snap On Navy Individual | AF64: Safety | AG64: Headbands, Sweatbands and Cooling Headwear | AH64: Workwear | AJ64: Exact Match | AK64: Current Price
A65: 182 | B65: 288 | F65: CT LG 11OZ PLN SHT TYP COLR 14OZ ALUM | G65: AIRGAS | H65: N33C09NILG3307 | I65: FALSE | J65: 1 | K65: 372.48 | L65: 3 | M65: =IFERROR(IF(A65="","",K65/J65)," ") -> 372.48 | N65: =IFERROR(IF(A65="","",J65*L65)," ") -> 3 | O65: =IFERROR(M65*N65," ") -> 1117.44 | P65: =IFERROR(IF(A65="","",O65-S65)," ") -> -323.85 | Q65: =IFERROR(IF(A65="","",P65/O65)," ") -> -0.28981422 | R65: =IFERROR(IF(A65="","",(IF(Q65<0,"Negative",IF(Q65=0,"Same",IF(Q65>0.3,"30+%",IF(Q65>0.2,"20-30%",IF(Q65>0.1,"10-20%",IF(Q65<=0.1,"0-10%"))))))))," ") -> Negative | S65: =IFERROR(IF(A65="","",T65*N65)," ") -> 1441.29 | T65: =IFERROR(IF(A65="","",X65/AB65)," ") -> 480.43 | U65: 2YRK2 | V65: PS-NMI | X65: 480.43 | Z65: 0 | AA65: EA | AB65: 1 | AC65: NATIONAL SAFETY APPAREL | AD65: C22NLLG45 | AE65: Aluminized Coat,L,Carbon Kevlar(R) | AF65: Safety | AG65: Aluminized Jackets and Coats | AH65: Flame Resistant and Arc Flash Clothing | AJ65: Exact Match | AK65: Current Price
A66: 184 | B66: 29 | F66: CHGR PAPR BAT SMRT FOR LIION BAT | G66: AIRGAS | H66: 3MR35-0099-08 | I66: FALSE | J66: 1 | K66: 137.77 | L66: 8 | M66: =IFERROR(IF(A66="","",K66/J66)," ") -> 137.77 | N66: =IFERROR(IF(A66="","",J66*L66)," ") -> 8 | O66: =IFERROR(M66*N66," ") -> 1102.16 | P66: =IFERROR(IF(A66="","",O66-S66)," ") -> -819.04 | Q66: =IFERROR(IF(A66="","",P66/O66)," ") -> -0.7431226 | R66: =IFERROR(IF(A66="","",(IF(Q66<0,"Negative",IF(Q66=0,"Same",IF(Q66>0.3,"30+%",IF(Q66>0.2,"20-30%",IF(Q66>0.1,"10-20%",IF(Q66<=0.1,"0-10%"))))))))," ") -> Negative | S66: =IFERROR(IF(A66="","",T66*N66)," ") -> 1921.2 | T66: =IFERROR(IF(A66="","",X66/AB66)," ") -> 240.15 | U66: 32NC26 | V66: FE | X66: 240.15 | Z66: 0 | AA66: EA | AB66: 1 | AC66: 3M | AD66: 35-0099-08 | AE66: Battery Charger,Nylon | AF66: Safety | AG66: Powered Air-Purifying Respirator PAPR System Components and Accessories | AH66: Respiratory | AJ66: Exact Match | AK66: Current Price
A67: 186 | B67: 324 | F67: NCK PRTR 13OZ ALUM CRBN / ARAMID 1" ELAS | G67: AIRGAS | H67: N33H01NU139 | I67: FALSE | J67: 1 | K67: 45.53 | L67: 24 | M67: =IFERROR(IF(A67="","",K67/J67)," ") -> 45.53 | N67: =IFERROR(IF(A67="","",J67*L67)," ") -> 24 | O67: =IFERROR(M67*N67," ") -> 1092.72 | P67: =IFERROR(IF(A67="","",O67-S67)," ") -> 54.48 | Q67: =IFERROR(IF(A67="","",P67/O67)," ") -> 0.049857237 | R67: =IFERROR(IF(A67="","",(IF(Q67<0,"Negative",IF(Q67=0,"Same",IF(Q67>0.3,"30+%",IF(Q67>0.2,"20-30%",IF(Q67>0.1,"10-20%",IF(Q67<=0.1,"0-10%"))))))))," ") -> 0-10% | S67: =IFERROR(IF(A67="","",T67*N67)," ") -> 1038.24 | T67: =IFERROR(IF(A67="","",X67/AB67)," ") -> 43.26 | U67: 60TR24 | V67: PS-PLG | X67: 43.26 | Z67: 0 | AA67: EA | AB67: 1 | AC67: ERGODYNE | AD67: 6962 | AE67: FR Neck Gaiter | AF67: Safety | AG67: Flame-Resistant and Arc Flash Neck Gaiters | AH67: Flame Resistant and Arc Flash Clothing | AJ67: Exact Match | AK67: Savings
A68: 188 | B68: 284 | F68: SUSP ASSY SWNG RTCHT STD SKLGD BGD | G68: AIRGAS | H68: MSA816654 | I68: FALSE | J68: 1 | K68: 24.38 | L68: 44 | M68: =IFERROR(IF(A68="","",K68/J68)," ") -> 24.38 | N68: =IFERROR(IF(A68="","",J68*L68)," ") -> 44 | O68: =IFERROR(M68*N68," ") -> 1072.72 | P68: =IFERROR(IF(A68="","",O68-S68)," ") -> -662.2 | Q68: =IFERROR(IF(A68="","",P68/O68)," ") -> -0.61730927 | R68: =IFERROR(IF(A68="","",(IF(Q68<0,"Negative",IF(Q68=0,"Same",IF(Q68>0.3,"30+%",IF(Q68>0.2,"20-30%",IF(Q68>0.1,"10-20%",IF(Q68<=0.1,"0-10%"))))))))," ") -> Negative | S68: =IFERROR(IF(A68="","",T68*N68)," ") -> 1734.92 | T68: =IFERROR(IF(A68="","",X68/AB68)," ") -> 39.43 | U68: 35GJ75 | V68: FE | X68: 39.43 | Z68: 0 | AA68: EA | AB68: 1 | AC68: MSA | AD68: 816654 | AE68: Hard Hat Suspension,4-pt. Ratchet | AF68: Safety | AG68: Hard Hat Suspensions | AH68: Head Protection | AJ68: Exact Match | AK68: Current Price
A69: 190 | B69: 317 | F69: \\ TSHT LNG SLV FR 3X 8.75OZ PRFRMN DES | G69: AIRGAS | H69: N33DF2CM265ALSDS3X | I69: FALSE | J69: 1 | K69: 96.16 | L69: 11 | M69: =IFERROR(IF(A69="","",K69/J69)," ") -> 96.16 | N69: =IFERROR(IF(A69="","",J69*L69)," ") -> 11 | O69: =IFERROR(M69*N69," ") -> 1057.76 | P69: =IFERROR(IF(A69="","",O69-S69)," ") -> 157.63 | Q69: =IFERROR(IF(A69="","",P69/O69)," ") -> 0.14902246 | R69: =IFERROR(IF(A69="","",(IF(Q69<0,"Negative",IF(Q69=0,"Same",IF(Q69>0.3,"30+%",IF(Q69>0.2,"20-30%",IF(Q69>0.1,"10-20%",IF(Q69<=0.1,"0-10%"))))))))," ") -> 10-20% | S69: =IFERROR(IF(A69="","",T69*N69)," ") -> 900.13 | T69: =IFERROR(IF(A69="","",X69/AB69)," ") -> 81.83 | U69: 61RJ26 | V69: FE | X69: 81.83 | Z69: 0 | AA69: EA | AB69: 1 | AC69: ARIAT | AD69: 10022328 | AE69: FR Crew Longsleeve Tee,Tan,3XL | AF69: Safety | AG69: Flame-Resistant and Arc Flash Shirts | AH69: Flame Resistant and Arc Flash Clothing | AJ69: Exact Match | AK69: Savings
A70: 191 | B70: 47 | F70: HRDHT ELEVATED TEMP WHT 4-PT RTCHT SUSP | G70: AIRGAS | H70: 3MRH-701T-SF | I70: FALSE | J70: 1 | K70: 26.23 | L70: 40 | M70: =IFERROR(IF(A70="","",K70/J70)," ") -> 26.23 | N70: =IFERROR(IF(A70="","",J70*L70)," ") -> 40 | O70: =IFERROR(M70*N70," ") -> 1049.2 | P70: =IFERROR(IF(A70="","",O70-S70)," ") -> -444.8 | Q70: =IFERROR(IF(A70="","",P70/O70)," ") -> -0.42394205 | R70: =IFERROR(IF(A70="","",(IF(Q70<0,"Negative",IF(Q70=0,"Same",IF(Q70>0.3,"30+%",IF(Q70>0.2,"20-30%",IF(Q70>0.1,"10-20%",IF(Q70<=0.1,"0-10%"))))))))," ") -> Negative | S70: =IFERROR(IF(A70="","",T70*N70)," ") -> 1494 | T70: =IFERROR(IF(A70="","",X70/AB70)," ") -> 37.35 | U70: 788VP9 | V70: E | X70: 37.35 | Z70: 0 | AA70: EA | AB70: 1 | AC70: 3M | AD70: H-701T-SF | AE70: Elevated Temp Hard Hat,Ratchet,13 oz | AF70: Safety | AG70: Hard Hats | AH70: Head Protection | AJ70: Exact Match | AK70: Current Price
A71: 193 | B71: 478 | F71: GLV WLDG SPLT CWHD CSHN COR LND SM | G71: AIRGAS | H71: REV320S | I71: FALSE | J71: 1 | K71: 12.30 | L71: 84 | M71: =IFERROR(IF(A71="","",K71/J71)," ") -> 12.3 | N71: =IFERROR(IF(A71="","",J71*L71)," ") -> 84 | O71: =IFERROR(M71*N71," ") -> 1033.2 | P71: =IFERROR(IF(A71="","",O71-S71)," ") -> 51.24 | Q71: =IFERROR(IF(A71="","",P71/O71)," ") -> 0.049593496 | R71: =IFERROR(IF(A71="","",(IF(Q71<0,"Negative",IF(Q71=0,"Same",IF(Q71>0.3,"30+%",IF(Q71>0.2,"20-30%",IF(Q71>0.1,"10-20%",IF(Q71<=0.1,"0-10%"))))))))," ") -> 0-10% | S71: =IFERROR(IF(A71="","",T71*N71)," ") -> 981.96 | T71: =IFERROR(IF(A71="","",X71/AB71)," ") -> 11.69 | U71: 36J035 | V71: FE | X71: 11.69 | Z71: 0 | AA71: PR | AB71: 1 | AC71: MCR SAFETY | AD71: 4500S | AE71: Welding Gloves,Stick,S/7,PR | AF71: Safety | AG71: Welding Gloves | AH71: Gloves and Hand Protection | AJ71: Exact Match | AK71: Savings
A72: 194 | B72: 234 | F72: HASP LCKT 1 1/2" JAWS & RED HDL | G72: AIRGAS | H72: M19421 | I72: FALSE | J72: 1 | K72: 4.91 | L72: 210 | M72: =IFERROR(IF(A72="","",K72/J72)," ") -> 4.91 | N72: =IFERROR(IF(A72="","",J72*L72)," ") -> 210 | O72: =IFERROR(M72*N72," ") -> 1031.1 | P72: =IFERROR(IF(A72="","",O72-S72)," ") -> 50.4 | Q72: =IFERROR(IF(A72="","",P72/O72)," ") -> 0.048879837 | R72: =IFERROR(IF(A72="","",(IF(Q72<0,"Negative",IF(Q72=0,"Same",IF(Q72>0.3,"30+%",IF(Q72>0.2,"20-30%",IF(Q72>0.1,"10-20%",IF(Q72<=0.1,"0-10%"))))))))," ") -> 0-10% | S72: =IFERROR(IF(A72="","",T72*N72)," ") -> 980.7 | T72: =IFERROR(IF(A72="","",X72/AB72)," ") -> 4.67 | U72: 5T591 | V72: FE | X72: 4.67 | Z72: 0 | AA72: EA | AB72: 1 | AC72: CONDOR | AD72: 7620 | AE72: Lockout Hasp,Snap-On,6 Lock,Red | AF72: Safety | AG72: Lockout Hasps | AH72: Lockout Tagout | AI72: TRUE | AJ72: Exact Match | AK72: Savings
A73: 197 | B73: 408 | F73: GLV CLD WTHR DRVR GN PIG LTHR 2X TAN | G73: AIRGAS | H73: PIP994KOTP/2XL | I73: FALSE | J73: 1 | K73: 7.00 | L73: 144 | M73: =IFERROR(IF(A73="","",K73/J73)," ") -> 7 | N73: =IFERROR(IF(A73="","",J73*L73)," ") -> 144 | O73: =IFERROR(M73*N73," ") -> 1008 | P73: =IFERROR(IF(A73="","",O73-S73)," ") -> 30.24 | Q73: =IFERROR(IF(A73="","",P73/O73)," ") -> 0.03 | R73: =IFERROR(IF(A73="","",(IF(Q73<0,"Negative",IF(Q73=0,"Same",IF(Q73>0.3,"30+%",IF(Q73>0.2,"20-30%",IF(Q73>0.1,"10-20%",IF(Q73<=0.1,"0-10%"))))))))," ") -> 0-10% | S73: =IFERROR(IF(A73="","",T73*N73)," ") -> 977.76 | T73: =IFERROR(IF(A73="","",X73/AB73)," ") -> 6.79 | U73: 25D575 | V73: FE | X73: 6.79 | Z73: 0 | AA73: PR | AB73: 1 | AC73: MCR SAFETY | AD73: 3213HVIXXL | AE73: Leather Gloves,Beige,2XL,PR | AF73: Safety | AG73: Leather Gloves and Mitts | AH73: Gloves and Hand Protection | AJ73: Exact Match | AK73: Savings
A74: 198 | B74: 575 | F74: GLV CUT RES GN GOAT DRVR LG HIVIZ ORG | G74: AIRGAS | H74: SI0378GTXOTL | I74: FALSE | J74: 1 | K74: 13.84 | L74: 72 | M74: =IFERROR(IF(A74="","",K74/J74)," ") -> 13.84 | N74: =IFERROR(IF(A74="","",J74*L74)," ") -> 72 | O74: =IFERROR(M74*N74," ") -> 996.48 | P74: =IFERROR(IF(A74="","",O74-S74)," ") -> -769.68 | Q74: =IFERROR(IF(A74="","",P74/O74)," ") -> -0.77239884 | R74: =IFERROR(IF(A74="","",(IF(Q74<0,"Negative",IF(Q74=0,"Same",IF(Q74>0.3,"30+%",IF(Q74>0.2,"20-30%",IF(Q74>0.1,"10-20%",IF(Q74<=0.1,"0-10%"))))))))," ") -> Negative | S74: =IFERROR(IF(A74="","",T74*N74)," ") -> 1766.16 | T74: =IFERROR(IF(A74="","",X74/AB74)," ") -> 24.53 | U74: 793WD4 | V74: E | X74: 24.53 | Z74: 0 | AA74: PR | AB74: 1 | AC74: ENDURA | AD74: 378GTXOT-L | AE74: Work Gloves,Drivers,L,Leather,PR | AF74: Safety | AG74: Leather Gloves and Mitts | AH74: Gloves and Hand Protection | AJ74: Exact Match | AK74: Current Price
A75: 202 | B75: 140 | F75: ACHR FXD BEAM OSHA/ANSI/ANSI Z359/ALL | G75: AIRGAS | H75: D622108406 | I75: FALSE | J75: 1 | K75: 484.35 | L75: 2 | M75: =IFERROR(IF(A75="","",K75/J75)," ") -> 484.35 | N75: =IFERROR(IF(A75="","",J75*L75)," ") -> 2 | O75: =IFERROR(M75*N75," ") -> 968.7 | P75: =IFERROR(IF(A75="","",O75-S75)," ") -> -325.04 | Q75: =IFERROR(IF(A75="","",P75/O75)," ") -> -0.33554248 | R75: =IFERROR(IF(A75="","",(IF(Q75<0,"Negative",IF(Q75=0,"Same",IF(Q75>0.3,"30+%",IF(Q75>0.2,"20-30%",IF(Q75>0.1,"10-20%",IF(Q75<=0.1,"0-10%"))))))))," ") -> Negative | S75: =IFERROR(IF(A75="","",T75*N75)," ") -> 1293.74 | T75: =IFERROR(IF(A75="","",X75/AB75)," ") -> 646.87 | U75: 2UZF4 | V75: FE | X75: 646.87 | Z75: 0 | AA75: EA | AB75: 1 | AC75: 3M DBI-SALA | AD75: 2108406 | AE75: Fixed Beam Anchor,20" L,2 1/2" D | AF75: Safety | AG75: Beam and Steel Anchors | AH75: Fall Protection | AJ75: Exact Match | AK75: Current Price
A76: 205 | B76: 245 | F76: GLV DRVR PRM GRDE LTHR GTSN 2X WHT | G76: AIRGAS | H76: MEG3601KXXL | I76: FALSE | J76: 1 | K76: 13.41 | L76: 71 | M76: =IFERROR(IF(A76="","",K76/J76)," ") -> 13.41 | N76: =IFERROR(IF(A76="","",J76*L76)," ") -> 71 | O76: =IFERROR(M76*N76," ") -> 952.11 | P76: =IFERROR(IF(A76="","",O76-S76)," ") -> -176.79 | Q76: =IFERROR(IF(A76="","",P76/O76)," ") -> -0.18568233 | R76: =IFERROR(IF(A76="","",(IF(Q76<0,"Negative",IF(Q76=0,"Same",IF(Q76>0.3,"30+%",IF(Q76>0.2,"20-30%",IF(Q76>0.1,"10-20%",IF(Q76<=0.1,"0-10%"))))))))," ") -> Negative | S76: =IFERROR(IF(A76="","",T76*N76)," ") -> 1128.9 | T76: =IFERROR(IF(A76="","",X76/AB76)," ") -> 15.9 | U76: 21NM45 | V76: E | X76: 15.9 | Z76: 0 | AA76: PR | AB76: 1 | AC76: MCR SAFETY | AD76: 3601KXXL | AE76: Leather Gloves,White,2XL,PR | AF76: Safety | AG76: Leather Gloves and Mitts | AH76: Gloves and Hand Protection | AI76: TRUE | AJ76: Exact Match | AK76: Current Price
A77: 206 | B77: 17 | F77: SL FACE FOR 9100 MP 27-0099-28 1 PER CA | G77: AIRGAS | H77: 3MR27-0099-28 | I77: FALSE | J77: 1 | K77: 85.83 | L77: 11 | M77: =IFERROR(IF(A77="","",K77/J77)," ") -> 85.83 | N77: =IFERROR(IF(A77="","",J77*L77)," ") -> 11 | O77: =IFERROR(M77*N77," ") -> 944.13 | P77: =IFERROR(IF(A77="","",O77-S77)," ") -> -724.24 | Q77: =IFERROR(IF(A77="","",P77/O77)," ") -> -0.76709775 | R77: =IFERROR(IF(A77="","",(IF(Q77<0,"Negative",IF(Q77=0,"Same",IF(Q77>0.3,"30+%",IF(Q77>0.2,"20-30%",IF(Q77>0.1,"10-20%",IF(Q77<=0.1,"0-10%"))))))))," ") -> Negative | S77: =IFERROR(IF(A77="","",T77*N77)," ") -> 1668.37 | T77: =IFERROR(IF(A77="","",X77/AB77)," ") -> 151.67 | U77: 21VG02 | V77: E | X77: 151.67 | Z77: 0 | AA77: EA | AB77: 1 | AC77: SPEEDGLAS | AD77: 27-0099-28 | AE77: Face Seal for 9100 MP | AF77: Welding | AG77: Welding Helmet Parts and Accessories | AH77: Welding Safety Equipment | AJ77: Exact Match | AK77: Current Price
A78: 207 | B78: 518 | F78: CVR TB FR BRTHG | G78: AIRGAS | H78: RPB04-854 | I78: FALSE | J78: 1 | K78: 47.17 | L78: 20 | M78: =IFERROR(IF(A78="","",K78/J78)," ") -> 47.17 | N78: =IFERROR(IF(A78="","",J78*L78)," ") -> 20 | O78: =IFERROR(M78*N78," ") -> 943.4 | P78: =IFERROR(IF(A78="","",O78-S78)," ") -> 3.6 | Q78: =IFERROR(IF(A78="","",P78/O78)," ") -> 0.0038159847 | R78: =IFERROR(IF(A78="","",(IF(Q78<0,"Negative",IF(Q78=0,"Same",IF(Q78>0.3,"30+%",IF(Q78>0.2,"20-30%",IF(Q78>0.1,"10-20%",IF(Q78<=0.1,"0-10%"))))))))," ") -> 0-10% | S78: =IFERROR(IF(A78="","",T78*N78)," ") -> 939.8 | T78: =IFERROR(IF(A78="","",X78/AB78)," ") -> 46.99 | U78: 61CX26 | V78: E | X78: 46.99 | Z78: 0 | AA78: EA | AB78: 1 | AC78: RPB SAFETY | AD78: 04-854 | AE78: Breathing Tube Cover 10-1/2 in L | AF78: Safety | AG78: Powered Air-Purifying Respirator PAPR System Components and Accessories | AH78: Respiratory | AJ78: Exact Match | AK78: Savings
A79: 210 | B79: 614 | F79: JCKT MD 30" 9OZ CTTN ORG SNPS FR WESTEX | G79: AIRGAS | H79: TIL6230DM | I79: FALSE | J79: 1 | K79: 27.21 | L79: 32 | M79: =IFERROR(IF(A79="","",K79/J79)," ") -> 27.21 | N79: =IFERROR(IF(A79="","",J79*L79)," ") -> 32 | O79: =IFERROR(M79*N79," ") -> 870.72 | P79: =IFERROR(IF(A79="","",O79-S79)," ") -> -479.36 | Q79: =IFERROR(IF(A79="","",P79/O79)," ") -> -0.55053289 | R79: =IFERROR(IF(A79="","",(IF(Q79<0,"Negative",IF(Q79=0,"Same",IF(Q79>0.3,"30+%",IF(Q79>0.2,"20-30%",IF(Q79>0.1,"10-20%",IF(Q79<=0.1,"0-10%"))))))))," ") -> Negative | S79: =IFERROR(IF(A79="","",T79*N79)," ") -> 1350.08 | T79: =IFERROR(IF(A79="","",X79/AB79)," ") -> 42.19 | U79: 48V841 | V79: FE | X79: 42.19 | Z79: 0 | AA79: EA | AB79: 1 | AC79: TILLMAN | AD79: 6230DM | AE79: Md 30Inorange Fs Jkt | AF79: Safety | AG79: Welding Jackets and Coats | AH79: Flame Resistant and Arc Flash Clothing | AJ79: Exact Match | AK79: Current Price
A80: 212 | B80: 197 | F80: GLS SFTY CLR GNS RDR MAGFR +2.0 DIO | G80: AIRGAS | H80: HONS3762 | I80: FALSE | J80: 1 | K80: 9.38 | L80: 91 | M80: =IFERROR(IF(A80="","",K80/J80)," ") -> 9.38 | N80: =IFERROR(IF(A80="","",J80*L80)," ") -> 91 | O80: =IFERROR(M80*N80," ") -> 853.58 | P80: =IFERROR(IF(A80="","",O80-S80)," ") -> -360.36 | Q80: =IFERROR(IF(A80="","",P80/O80)," ") -> -0.42217484 | R80: =IFERROR(IF(A80="","",(IF(Q80<0,"Negative",IF(Q80=0,"Same",IF(Q80>0.3,"30+%",IF(Q80>0.2,"20-30%",IF(Q80>0.1,"10-20%",IF(Q80<=0.1,"0-10%"))))))))," ") -> Negative | S80: =IFERROR(IF(A80="","",T80*N80)," ") -> 1213.94 | T80: =IFERROR(IF(A80="","",X80/AB80)," ") -> 13.34 | U80: 4UCL7 | V80: E | X80: 13.34 | Z80: 0 | AA80: EA | AB80: 1 | AC80: HONEYWELL UVEX | AD80: S3762 | AE80: ReaderSafetyGlasses,ClearLens,+2.0 | AF80: Safety | AG80: Safety Glasses | AH80: Eye Protection and Accessories | AI80: TRUE | AJ80: Exact Match | AK80: Current Price
A81: 214 | B81: 439 | F81: [AD] CVRL PRO-2 PPYL SRGD SEAMS XL WHT D | G81: AIRGAS | H81: RAD64053271 | I81: FALSE | J81: 1 | K81: 3.73 | L81: 225 | M81: =IFERROR(IF(A81="","",K81/J81)," ") -> 3.73 | N81: =IFERROR(IF(A81="","",J81*L81)," ") -> 225 | O81: =IFERROR(M81*N81," ") -> 839.25 | P81: =IFERROR(IF(A81="","",O81-S81)," ") -> 199.26 | Q81: =IFERROR(IF(A81="","",P81/O81)," ") -> 0.23742627 | R81: =IFERROR(IF(A81="","",(IF(Q81<0,"Negative",IF(Q81=0,"Same",IF(Q81>0.3,"30+%",IF(Q81>0.2,"20-30%",IF(Q81>0.1,"10-20%",IF(Q81<=0.1,"0-10%"))))))))," ") -> 20-30% | S81: =IFERROR(IF(A81="","",T81*N81)," ") -> 639.99 | T81: =IFERROR(IF(A81="","",X81/AB81)," ") -> 2.8444 | U81: 2KTN2 | V81: FE | X81: 71.11 | Z81: 0 | AA81: PK | AB81: 25 | AC81: CONDOR | AD81: 2KTN2 | AE81: Coveralls,XL,Wht,Polypropylene,PK25 | AF81: Safety | AG81: Chemical and Particulate Protective Coveralls | AH81: Chemical and Particulate Protective Clothing | AJ81: Exact Match | AK81: Savings
A82: 215 | B82: 579 | F82: GLV CUT RES GN GOAT DRVR XL HIVIZ ORG | G82: AIRGAS | H82: SI0378GTXOTXL | I82: FALSE | J82: 1 | K82: 13.84 | L82: 60 | M82: =IFERROR(IF(A82="","",K82/J82)," ") -> 13.84 | N82: =IFERROR(IF(A82="","",J82*L82)," ") -> 60 | O82: =IFERROR(M82*N82," ") -> 830.4 | P82: =IFERROR(IF(A82="","",O82-S82)," ") -> -641.4 | Q82: =IFERROR(IF(A82="","",P82/O82)," ") -> -0.77239884 | R82: =IFERROR(IF(A82="","",(IF(Q82<0,"Negative",IF(Q82=0,"Same",IF(Q82>0.3,"30+%",IF(Q82>0.2,"20-30%",IF(Q82>0.1,"10-20%",IF(Q82<=0.1,"0-10%"))))))))," ") -> Negative | S82: =IFERROR(IF(A82="","",T82*N82)," ") -> 1471.8 | T82: =IFERROR(IF(A82="","",X82/AB82)," ") -> 24.53 | U82: 793WD5 | V82: FE | X82: 24.53 | Z82: 0 | AA82: PR | AB82: 1 | AC82: ENDURA | AD82: 378GTXOT-XL | AE82: Work Gloves,Drivers,XL,Leather,PR | AF82: Safety | AG82: Leather Gloves and Mitts | AH82: Gloves and Hand Protection | AJ82: Exact Match | AK82: Current Price
A83: 216 | B83: 581 | F83: GLV CUT RES GN GOAT DRVR 2X HIVIZ ORG | G83: AIRGAS | H83: SI0378GTXOTXX | I83: FALSE | J83: 1 | K83: 13.79 | L83: 60 | M83: =IFERROR(IF(A83="","",K83/J83)," ") -> 13.79 | N83: =IFERROR(IF(A83="","",J83*L83)," ") -> 60 | O83: =IFERROR(M83*N83," ") -> 827.4 | P83: =IFERROR(IF(A83="","",O83-S83)," ") -> -644.4 | Q83: =IFERROR(IF(A83="","",P83/O83)," ") -> -0.77882524 | R83: =IFERROR(IF(A83="","",(IF(Q83<0,"Negative",IF(Q83=0,"Same",IF(Q83>0.3,"30+%",IF(Q83>0.2,"20-30%",IF(Q83>0.1,"10-20%",IF(Q83<=0.1,"0-10%"))))))))," ") -> Negative | S83: =IFERROR(IF(A83="","",T83*N83)," ") -> 1471.8 | T83: =IFERROR(IF(A83="","",X83/AB83)," ") -> 24.53 | U83: 793WD6 | V83: E | X83: 24.53 | Z83: 0 | AA83: PR | AB83: 1 | AC83: ENDURA | AD83: 378GTXOT-2XL | AE83: Work Gloves,Drivers,2XL,Leather,PR | AF83: Safety | AG83: Leather Gloves and Mitts | AH83: Gloves and Hand Protection | AJ83: Exact Match | AK83: Current Price
A84: 220 | B84: 44 | F84: BCKPK BPK-HD HVYDTY 3/CA | G84: AIRGAS | H84: 3MRBPK-HD | I84: FALSE | J84: 1 | K84: 114.22 | L84: 7 | M84: =IFERROR(IF(A84="","",K84/J84)," ") -> 114.22 | N84: =IFERROR(IF(A84="","",J84*L84)," ") -> 7 | O84: =IFERROR(M84*N84," ") -> 799.54 | P84: =IFERROR(IF(A84="","",O84-S84)," ") -> -181.23 | Q84: =IFERROR(IF(A84="","",P84/O84)," ") -> -0.22666783 | R84: =IFERROR(IF(A84="","",(IF(Q84<0,"Negative",IF(Q84=0,"Same",IF(Q84>0.3,"30+%",IF(Q84>0.2,"20-30%",IF(Q84>0.1,"10-20%",IF(Q84<=0.1,"0-10%"))))))))," ") -> Negative | S84: =IFERROR(IF(A84="","",T84*N84)," ") -> 980.77 | T84: =IFERROR(IF(A84="","",X84/AB84)," ") -> 140.11 | U84: 811PH3 | V84: E | X84: 140.11 | Z84: 0 | AA84: EA | AB84: 1 | AC84: 3M | AD84: BPK-HD | AE84: PAPR Backpack,Color Black,11 13/16" L | AF84: Safety | AG84: Powered Air-Purifying Respirator PAPR System Components and Accessories | AH84: Respiratory | AJ84: Exact Match | AK84: Current Price
A85: 222 | B85: 619 | F85: BLNKT RL INSLG 3'X30' RBBR YLW/ORG | G85: AIRGAS | H85: W43RLB1 | I85: FALSE | J85: 1 | K85: 787.77 | L85: 1 | M85: =IFERROR(IF(A85="","",K85/J85)," ") -> 787.77 | N85: =IFERROR(IF(A85="","",J85*L85)," ") -> 1 | O85: =IFERROR(M85*N85," ") -> 787.77 | P85: =IFERROR(IF(A85="","",O85-S85)," ") -> -605.03 | Q85: =IFERROR(IF(A85="","",P85/O85)," ") -> -0.76802874 | R85: =IFERROR(IF(A85="","",(IF(Q85<0,"Negative",IF(Q85=0,"Same",IF(Q85>0.3,"30+%",IF(Q85>0.2,"20-30%",IF(Q85>0.1,"10-20%",IF(Q85<=0.1,"0-10%"))))))))," ") -> Negative | S85: =IFERROR(IF(A85="","",T85*N85)," ") -> 1392.8 | T85: =IFERROR(IF(A85="","",X85/AB85)," ") -> 1392.8 | U85: 3KWX2 | V85: E | X85: 1392.8 | Z85: 0 | AA85: EA | AB85: 1 | AC85: SALISBURY | AD85: RLB1 | AE85: Insulating Roll Blanket,Orange, Class 1 | AF85: Safety | AG85: Shock Protection Blankets | AH85: Arc Flash Protection | AJ85: Exact Match | AK85: Current Price
A86: 224 | B86: 171 | F86: STN EYE & FACE WSH & SHWR UPGRADE KT | G86: AIRGAS | H86: H30AX14 | I86: FALSE | J86: 1 | K86: 259.60 | L86: 3 | M86: =IFERROR(IF(A86="","",K86/J86)," ") -> 259.6 | N86: =IFERROR(IF(A86="","",J86*L86)," ") -> 3 | O86: =IFERROR(M86*N86," ") -> 778.8 | P86: =IFERROR(IF(A86="","",O86-S86)," ") -> -326.37 | Q86: =IFERROR(IF(A86="","",P86/O86)," ") -> -0.4190678 | R86: =IFERROR(IF(A86="","",(IF(Q86<0,"Negative",IF(Q86=0,"Same",IF(Q86>0.3,"30+%",IF(Q86>0.2,"20-30%",IF(Q86>0.1,"10-20%",IF(Q86<=0.1,"0-10%"))))))))," ") -> Negative | S86: =IFERROR(IF(A86="","",T86*N86)," ") -> 1105.17 | T86: =IFERROR(IF(A86="","",X86/AB86)," ") -> 368.39 | U86: 19MP61 | V86: FE | X86: 368.39 | Z86: 0 | AA86: EA | AB86: 1 | AC86: HAWS | AD86: AX14 | AE86: Eye/Face Wash Unit,3-1/4inWx2-1/4inH | AF86: Safety | AG86: Eyewash and Shower Repair and Replacement Kits | AH86: Emergency Eye Wash and Shower Equipment | AJ86: Exact Match | AK86: Current Price
A87: 225 | B87: 133 | F87: HRNS SFTY EXOFIT NEX XL FRNT/BCK D-RN | G87: AIRGAS | H87: D621113040 | I87: FALSE | J87: 1 | K87: 385.62 | L87: 2 | M87: =IFERROR(IF(A87="","",K87/J87)," ") -> 385.62 | N87: =IFERROR(IF(A87="","",J87*L87)," ") -> 2 | O87: =IFERROR(M87*N87," ") -> 771.24 | P87: =IFERROR(IF(A87="","",O87-S87)," ") -> -449.92 | Q87: =IFERROR(IF(A87="","",P87/O87)," ") -> -0.58337223 | R87: =IFERROR(IF(A87="","",(IF(Q87<0,"Negative",IF(Q87=0,"Same",IF(Q87>0.3,"30+%",IF(Q87>0.2,"20-30%",IF(Q87>0.1,"10-20%",IF(Q87<=0.1,"0-10%"))))))))," ") -> Negative | S87: =IFERROR(IF(A87="","",T87*N87)," ") -> 1221.16 | T87: =IFERROR(IF(A87="","",X87/AB87)," ") -> 610.58 | U87: 788CM1 | V87: FE | X87: 610.58 | Z87: 0 | AA87: EA | AB87: 1 | AC87: 3M DBI-SALA | AD87: 1113040 | AE87: Harness,XL,Gray,Quick-Connect,Polyester | AF87: Safety | AG87: Fall Protection Harnesses | AH87: Fall Protection | AJ87: Exact Match | AK87: Current Price
A88: 226 | B88: 136 | F88: HRNS CMFT VST CLMBG SFTY LG DBI-SALA | G88: AIRGAS | H88: D621402037 | I88: FALSE | J88: 1 | K88: 383.76 | L88: 2 | M88: =IFERROR(IF(A88="","",K88/J88)," ") -> 383.76 | N88: =IFERROR(IF(A88="","",J88*L88)," ") -> 2 | O88: =IFERROR(M88*N88," ") -> 767.52 | P88: =IFERROR(IF(A88="","",O88-S88)," ") -> -287.04 | Q88: =IFERROR(IF(A88="","",P88/O88)," ") -> -0.37398374 | R88: =IFERROR(IF(A88="","",(IF(Q88<0,"Negative",IF(Q88=0,"Same",IF(Q88>0.3,"30+%",IF(Q88>0.2,"20-30%",IF(Q88>0.1,"10-20%",IF(Q88<=0.1,"0-10%"))))))))," ") -> Negative | S88: =IFERROR(IF(A88="","",T88*N88)," ") -> 1054.56 | T88: =IFERROR(IF(A88="","",X88/AB88)," ") -> 527.28 | U88: 788FR4 | V88: E | X88: 527.28 | Z88: 0 | AA88: EA | AB88: 1 | AC88: 3M DBI-SALA | AD88: 1402037 | AE88: Harness,L,310 lb Weight Capacity | AF88: Safety | AG88: Fall Protection Harnesses | AH88: Fall Protection | AJ88: Exact Match | AK88: Current Price
A89: 229 | B89: 137 | F89: CRBNR SAFLOK 11/16" GATE OPNG STL S | G89: AIRGAS | H89: D622000112 | I89: FALSE | J89: 1 | K89: 63.40 | L89: 12 | M89: =IFERROR(IF(A89="","",K89/J89)," ") -> 63.4 | N89: =IFERROR(IF(A89="","",J89*L89)," ") -> 12 | O89: =IFERROR(M89*N89," ") -> 760.8 | P89: =IFERROR(IF(A89="","",O89-S89)," ") -> -322.2 | Q89: =IFERROR(IF(A89="","",P89/O89)," ") -> -0.42350158 | R89: =IFERROR(IF(A89="","",(IF(Q89<0,"Negative",IF(Q89=0,"Same",IF(Q89>0.3,"30+%",IF(Q89>0.2,"20-30%",IF(Q89>0.1,"10-20%",IF(Q89<=0.1,"0-10%"))))))))," ") -> Negative | S89: =IFERROR(IF(A89="","",T89*N89)," ") -> 1083 | T89: =IFERROR(IF(A89="","",X89/AB89)," ") -> 90.25 | U89: 40C269 | V89: E | X89: 90.25 | Z89: 0 | AA89: EA | AB89: 1 | AC89: 3M DBI-SALA | AD89: 2000112 | AE89: Carabiner,Offset-D,Yellow | AF89: Safety | AG89: Fall Protection Carabiners | AH89: Fall Protection | AJ89: Exact Match | AK89: Current Price
A90: 231 | B90: 187 | F90: ERPG UCRD SNGL USE LASER-LITE T-SHAPE PU | G90: AIRGAS | H90: HONLL-1-D | I90: FALSE | J90: 1 | K90: 53.61 | L90: 14 | M90: =IFERROR(IF(A90="","",K90/J90)," ") -> 53.61 | N90: =IFERROR(IF(A90="","",J90*L90)," ") -> 14 | O90: =IFERROR(M90*N90," ") -> 750.54 | P90: =IFERROR(IF(A90="","",O90-S90)," ") -> -318.92 | Q90: =IFERROR(IF(A90="","",P90/O90)," ") -> -0.42492072 | R90: =IFERROR(IF(A90="","",(IF(Q90<0,"Negative",IF(Q90=0,"Same",IF(Q90>0.3,"30+%",IF(Q90>0.2,"20-30%",IF(Q90>0.1,"10-20%",IF(Q90<=0.1,"0-10%"))))))))," ") -> Negative | S90: =IFERROR(IF(A90="","",T90*N90)," ") -> 1069.46 | T90: =IFERROR(IF(A90="","",X90/AB90)," ") -> 76.39 | U90: 3WU37 | V90: E | X90: 76.39 | Z90: 0 | AA90: EA | AB90: 1 | AC90: HONEYWELL HOWARD LEIGHT | AD90: LL-1-D | AE90: Ear Plug Disp Refill,32dB,PairsPerPk 500 | AF90: Safety | AG90: Earplug Dispenser Refills | AH90: Hearing Protection | AI90: TRUE | AJ90: Exact Match | AK90: Current Price
A91: 232 | B91: 37 | F91: RESP HALF FCEPCE RUSBL RESPY PRTN LG | G91: AIRGAS | H91: 3MR6300 | I91: FALSE | J91: 1 | K91: 14.13 | L91: 53 | M91: =IFERROR(IF(A91="","",K91/J91)," ") -> 14.13 | N91: =IFERROR(IF(A91="","",J91*L91)," ") -> 53 | O91: =IFERROR(M91*N91," ") -> 748.89 | P91: =IFERROR(IF(A91="","",O91-S91)," ") -> -216.24 | Q91: =IFERROR(IF(A91="","",P91/O91)," ") -> -0.28874735 | R91: =IFERROR(IF(A91="","",(IF(Q91<0,"Negative",IF(Q91=0,"Same",IF(Q91>0.3,"30+%",IF(Q91>0.2,"20-30%",IF(Q91>0.1,"10-20%",IF(Q91<=0.1,"0-10%"))))))))," ") -> Negative | S91: =IFERROR(IF(A91="","",T91*N91)," ") -> 965.13 | T91: =IFERROR(IF(A91="","",X91/AB91)," ") -> 18.21 | U91: 6AP71 | V91: E | X91: 18.21 | Z91: 0 | AA91: EA | AB91: 1 | AC91: 3M | AD91: 6300 | AE91: Half Mask Respirator,Elastomer,Gray | AF91: Safety | AG91: Half Mask Respirators | AH91: Respiratory | AI91: TRUE | AJ91: Exact Match | AK91: Current Price
A92: 234 | B92: 547 | F92: T200 RESP T200 AIR DUCT/BUMP CAP ASSY | G92: AIRGAS | H92: RPB17-215-13 | I92: FALSE | J92: 1 | K92: 719.67 | L92: 1 | M92: =IFERROR(IF(A92="","",K92/J92)," ") -> 719.67 | N92: =IFERROR(IF(A92="","",J92*L92)," ") -> 1 | O92: =IFERROR(M92*N92," ") -> 719.67 | P92: =IFERROR(IF(A92="","",O92-S92)," ") -> 517.96 | Q92: =IFERROR(IF(A92="","",P92/O92)," ") -> 0.71971876 | R92: =IFERROR(IF(A92="","",(IF(Q92<0,"Negative",IF(Q92=0,"Same",IF(Q92>0.3,"30+%",IF(Q92>0.2,"20-30%",IF(Q92>0.1,"10-20%",IF(Q92<=0.1,"0-10%"))))))))," ") -> 30+% | S92: =IFERROR(IF(A92="","",T92*N92)," ") -> 201.71 | T92: =IFERROR(IF(A92="","",X92/AB92)," ") -> 201.71 | U92: 61CW80 | V92: FE | X92: 201.71 | Z92: 0 | AA92: EA | AB92: 1 | AC92: RPB SAFETY | AD92: 17-200-12 | AE92: T200 Respirator | AF92: Safety | AG92: Powered Air-Purifying Respirators | AH92: Respiratory | AJ92: Exact Match | AK92: Savings
A93: 235 | B93: 189 | F93: DSPR ERPG SRC 500 ANZD ALUM PERM MTD | G93: AIRGAS | H93: HONLS-500 | I93: FALSE | J93: 1 | K93: 173.91 | L93: 4 | M93: =IFERROR(IF(A93="","",K93/J93)," ") -> 173.91 | N93: =IFERROR(IF(A93="","",J93*L93)," ") -> 4 | O93: =IFERROR(M93*N93," ") -> 695.64 | P93: =IFERROR(IF(A93="","",O93-S93)," ") -> -187.32 | Q93: =IFERROR(IF(A93="","",P93/O93)," ") -> -0.26927721 | R93: =IFERROR(IF(A93="","",(IF(Q93<0,"Negative",IF(Q93=0,"Same",IF(Q93>0.3,"30+%",IF(Q93>0.2,"20-30%",IF(Q93>0.1,"10-20%",IF(Q93<=0.1,"0-10%"))))))))," ") -> Negative | S93: =IFERROR(IF(A93="","",T93*N93)," ") -> 882.96 | T93: =IFERROR(IF(A93="","",X93/AB93)," ") -> 220.74 | U93: 3WU31 | V93: FE | X93: 220.74 | Z93: 0 | AA93: EA | AB93: 1 | AC93: HONEYWELL HOWARD LEIGHT | AD93: LS-500 | AE93: Ear Plug Dispenser | AF93: Safety | AG93: Empty Earplug Dispensers | AH93: Hearing Protection | AJ93: Exact Match | AK93: Current Price
A94: 239 | B94: 45 | F94: CVR HLMT ELEVATED TEMP FRNT HLMT SLVR | G94: AIRGAS | H94: 3MRFC1-AL | I94: FALSE | J94: 1 | K94: 66.43 | L94: 10 | M94: =IFERROR(IF(A94="","",K94/J94)," ") -> 66.43 | N94: =IFERROR(IF(A94="","",J94*L94)," ") -> 10 | O94: =IFERROR(M94*N94," ") -> 664.3 | P94: =IFERROR(IF(A94="","",O94-S94)," ") -> -406.6 | Q94: =IFERROR(IF(A94="","",P94/O94)," ") -> -0.61207286 | R94: =IFERROR(IF(A94="","",(IF(Q94<0,"Negative",IF(Q94=0,"Same",IF(Q94>0.3,"30+%",IF(Q94>0.2,"20-30%",IF(Q94>0.1,"10-20%",IF(Q94<=0.1,"0-10%"))))))))," ") -> Negative | S94: =IFERROR(IF(A94="","",T94*N94)," ") -> 1070.9 | T94: =IFERROR(IF(A94="","",X94/AB94)," ") -> 107.09 | U94: 52WZ14 | V94: E | X94: 107.09 | Z94: 0 | AA94: EA | AB94: 1 | AC94: 3M | AD94: FC1-AL | AE94: Helmet Cover,Aluminum,Silver | AF94: Safety | AG94: Hard Hat Covers | AH94: Head Protection | AJ94: Exact Match | AK94: Current Price
A95: 240 | B95: 520 | F95: BEL NMX 2" & ACET BCL PX4 | G95: AIRGAS | H95: RPB07-765-FR | I95: FALSE | J95: 1 | K95: 66.41 | L95: 10 | M95: =IFERROR(IF(A95="","",K95/J95)," ") -> 66.41 | N95: =IFERROR(IF(A95="","",J95*L95)," ") -> 10 | O95: =IFERROR(M95*N95," ") -> 664.1 | P95: =IFERROR(IF(A95="","",O95-S95)," ") -> -186 | Q95: =IFERROR(IF(A95="","",P95/O95)," ") -> -0.2800783 | R95: =IFERROR(IF(A95="","",(IF(Q95<0,"Negative",IF(Q95=0,"Same",IF(Q95>0.3,"30+%",IF(Q95>0.2,"20-30%",IF(Q95>0.1,"10-20%",IF(Q95<=0.1,"0-10%"))))))))," ") -> Negative | S95: =IFERROR(IF(A95="","",T95*N95)," ") -> 850.1 | T95: =IFERROR(IF(A95="","",X95/AB95)," ") -> 85.01 | U95: 61CX30 | V95: E | X95: 85.01 | Z95: 0 | AA95: EA | AB95: 1 | AC95: RPB SAFETY | AD95: 07-765-FR | AE95: RPB 2 Inch,Safety PX5,Belt and Buckle | AF95: Safety | AG95: Powered Air-Purifying Respirator PAPR System Components and Accessories | AH95: Respiratory | AJ95: Exact Match | AK95: Current Price
A96: 242 | B96: 281 | F96: HDCP TGRD WHT RTCHT SLTD | G96: AIRGAS | H96: MSA475385 | I96: FALSE | J96: 1 | K96: 32.48 | L96: 20 | M96: =IFERROR(IF(A96="","",K96/J96)," ") -> 32.48 | N96: =IFERROR(IF(A96="","",J96*L96)," ") -> 20 | O96: =IFERROR(M96*N96," ") -> 649.6 | P96: =IFERROR(IF(A96="","",O96-S96)," ") -> -439.4 | Q96: =IFERROR(IF(A96="","",P96/O96)," ") -> -0.67641626 | R96: =IFERROR(IF(A96="","",(IF(Q96<0,"Negative",IF(Q96=0,"Same",IF(Q96>0.3,"30+%",IF(Q96>0.2,"20-30%",IF(Q96>0.1,"10-20%",IF(Q96<=0.1,"0-10%"))))))))," ") -> Negative | S96: =IFERROR(IF(A96="","",T96*N96)," ") -> 1089 | T96: =IFERROR(IF(A96="","",X96/AB96)," ") -> 54.45 | U96: 3RRR8 | V96: E | X96: 54.45 | Z96: 0 | AA96: EA | AB96: 1 | AC96: MSA | AD96: 475385 | AE96: Hard Hat,Type 1, Class E,Ratchet,White | AF96: Safety | AG96: Hard Hats | AH96: Head Protection | AJ96: Exact Match | AK96: Current Price
A97: 245 | B97: 615 | F97: JCKT XL 30" 9OZ CTTN ORG SNPS FR WESTEX | G97: AIRGAS | H97: TIL6230DXL | I97: FALSE | J97: 1 | K97: 23.72 | L97: 27 | M97: =IFERROR(IF(A97="","",K97/J97)," ") -> 23.72 | N97: =IFERROR(IF(A97="","",J97*L97)," ") -> 27 | O97: =IFERROR(M97*N97," ") -> 640.44 | P97: =IFERROR(IF(A97="","",O97-S97)," ") -> -412.83 | Q97: =IFERROR(IF(A97="","",P97/O97)," ") -> -0.64460371 | R97: =IFERROR(IF(A97="","",(IF(Q97<0,"Negative",IF(Q97=0,"Same",IF(Q97>0.3,"30+%",IF(Q97>0.2,"20-30%",IF(Q97>0.1,"10-20%",IF(Q97<=0.1,"0-10%"))))))))," ") -> Negative | S97: =IFERROR(IF(A97="","",T97*N97)," ") -> 1053.27 | T97: =IFERROR(IF(A97="","",X97/AB97)," ") -> 39.01 | U97: 36J333 | V97: FE | X97: 39.01 | Z97: 0 | AA97: EA | AB97: 1 | AC97: TILLMAN | AD97: 6230DXL | AE97: Jackets XL 30 Orange Fs | AF97: Safety | AG97: Welding Jackets and Coats | AH97: Flame Resistant and Arc Flash Clothing | AJ97: Exact Match | AK97: Current Price
A98: 246 | B98: 480 | F98: GLV SZ 2X WLDG CWHD BCK PRM MIG GN | G98: AIRGAS | H98: REVBM88-2X | I98: FALSE | J98: 1 | K98: 17.75 | L98: 36 | M98: =IFERROR(IF(A98="","",K98/J98)," ") -> 17.75 | N98: =IFERROR(IF(A98="","",J98*L98)," ") -> 36 | O98: =IFERROR(M98*N98," ") -> 639 | P98: =IFERROR(IF(A98="","",O98-S98)," ") -> -426.24 | Q98: =IFERROR(IF(A98="","",P98/O98)," ") -> -0.66704225 | R98: =IFERROR(IF(A98="","",(IF(Q98<0,"Negative",IF(Q98=0,"Same",IF(Q98>0.3,"30+%",IF(Q98>0.2,"20-30%",IF(Q98>0.1,"10-20%",IF(Q98<=0.1,"0-10%"))))))))," ") -> Negative | S98: =IFERROR(IF(A98="","",T98*N98)," ") -> 1065.24 | T98: =IFERROR(IF(A98="","",X98/AB98)," ") -> 29.59 | U98: 62XU97 | V98: FE | X98: 29.59 | Z98: 0 | AA98: PR | AB98: 1 | AC98: STEINER | AD98: 0216-2X | AE98: Welding Gloves,2XL/11,PR | AF98: Safety | AG98: Welding Gloves | AH98: Gloves and Hand Protection | AJ98: Exact Match | AK98: Current Price
A99: 247 | B99: 411 | F99: GLV CLD WTHR DRVR GN PIG LTHR SM TA | G99: AIRGAS | H99: PIP994KOTP/S | I99: FALSE | J99: 1 | K99: 7.50 | L99: 84 | M99: =IFERROR(IF(A99="","",K99/J99)," ") -> 7.5 | N99: =IFERROR(IF(A99="","",J99*L99)," ") -> 84 | O99: =IFERROR(M99*N99," ") -> 630 | P99: =IFERROR(IF(A99="","",O99-S99)," ") -> 31.08 | Q99: =IFERROR(IF(A99="","",P99/O99)," ") -> 0.049333333 | R99: =IFERROR(IF(A99="","",(IF(Q99<0,"Negative",IF(Q99=0,"Same",IF(Q99>0.3,"30+%",IF(Q99>0.2,"20-30%",IF(Q99>0.1,"10-20%",IF(Q99<=0.1,"0-10%"))))))))," ") -> 0-10% | S99: =IFERROR(IF(A99="","",T99*N99)," ") -> 598.92 | T99: =IFERROR(IF(A99="","",X99/AB99)," ") -> 7.13 | U99: 25D572 | V99: FE | X99: 7.13 | Z99: 0 | AA99: PR | AB99: 1 | AC99: MCR SAFETY | AD99: 3213HVIS | AE99: Leather Gloves,Beige,S,PR | AF99: Safety | AG99: Leather Gloves and Mitts | AH99: Gloves and Hand Protection | AJ99: Exact Match | AK99: Savings
A100: 249 | B100: 192 | F100: GLS SFTY CLR LENS MTE BLK FRM | G100: AIRGAS | H100: HONS2600HS | I100: FALSE | J100: 1 | K100: 15.44 | L100: 40 | M100: =IFERROR(IF(A100="","",K100/J100)," ") -> 15.44 | N100: =IFERROR(IF(A100="","",J100*L100)," ") -> 40 | O100: =IFERROR(M100*N100," ") -> 617.6 | P100: =IFERROR(IF(A100="","",O100-S100)," ") -> 26.4 | Q100: =IFERROR(IF(A100="","",P100/O100)," ") -> 0.042746114 | R100: =IFERROR(IF(A100="","",(IF(Q100<0,"Negative",IF(Q100=0,"Same",IF(Q100>0.3,"30+%",IF(Q100>0.2,"20-30%",IF(Q100>0.1,"10-20%",IF(Q100<=0.1,"0-10%"))))))))," ") -> 0-10% | S100: =IFERROR(IF(A100="","",T100*N100)," ") -> 591.2 | T100: =IFERROR(IF(A100="","",X100/AB100)," ") -> 14.78 | U100: 45FF17 | V100: FE | X100: 14.78 | Z100: 0 | AA100: EA | AB100: 1 | AC100: HONEYWELL UVEX | AD100: S2600HS | AE100: SafetyGlasses,Clear,HydroShield,Blk | AF100: Safety | AG100: Safety Glasses | AH100: Eye Protection and Accessories | AI100: TRUE | AJ100: Exact Match | AK100: Savings
...

Sheet Excluded
A1: Xsort | B1: Sequence # | C1: Customer product # | D1: Distributor name | E1: Distributor # | F1: Description | G1: Manufacturer name | H1: Manufacturer number | I1: Unit of measure | J1: Units/pack | K1: Pack price | L1: Total packs | M1: Unit price | N1: Total baseline units | O1: Total incumbent spend | P1: Savings $ | Q1: Savings % | R1: Savings cat. | S1: WWG extended price | T1: WWG unit price | U1: WWG item # | V1: Code | W1: Status (in/out) | X1: Act price | Y1: Notes | Z1: Xref Notes | AA1: WWG unit of measure | AB1: WWG unit/pack | AC1: WWG Manufacturer name | AD1: WWG Manufacturer number | AE1: WWG Description | AF1: Product segment | AG1: Product category | AH1: Product family | AI1: CSP | AJ1: Exclusion Reason
A2: 4 | B2: 322 | F2: [DS] NATIONAL SAFETY APPAREL INC | G2: AIRGAS | H2: N33GENERIC | I2: FALSE | J2: 1 | K2: 373.25 | L2: 115 | M2: =IFERROR(IF(A2="","",K2/J2)," ") -> 373.25 | N2: =IFERROR(IF(A2="","",J2*L2)," ") -> 115 | O2: =IFERROR(M2*N2," ") -> 42923.75 | P2: =IFERROR(IF(A2="","",O2-S2)," ") | Q2: =IFERROR(IF(A2="","",P2/O2)," ") | R2: =IFERROR(IF(A2="","",(IF(Q2<0,"Negative",IF(Q2=0,"Same",IF(Q2>0.3,"30+%",IF(Q2>0.2,"20-30%",IF(Q2>0.1,"10-20%",IF(Q2<=0.1,"0-10%"))))))))," ") -> 30+% | S2: =IFERROR(IF(A2="","",T2*N2)," ") | T2: =IFERROR(IF(A2="","",X2/AB2)," ") | U2: 0 | V2: NCI | X2: 0 | Z2: 0 | AJ2: No Match
A3: 8 | B3: 565 | F3: FCSHD CLR GLD HT REFLV A/FG | G3: AIRGAS | H3: SEL4125AFB | I3: FALSE | J3: 1 | K3: 147.39 | L3: 120 | M3: =IFERROR(IF(A3="","",K3/J3)," ") -> 147.39 | N3: =IFERROR(IF(A3="","",J3*L3)," ") -> 120 | O3: =IFERROR(M3*N3," ") -> 17686.8 | P3: =IFERROR(IF(A3="","",O3-S3)," ") | Q3: =IFERROR(IF(A3="","",P3/O3)," ") | R3: =IFERROR(IF(A3="","",(IF(Q3<0,"Negative",IF(Q3=0,"Same",IF(Q3>0.3,"30+%",IF(Q3>0.2,"20-30%",IF(Q3>0.1,"10-20%",IF(Q3<=0.1,"0-10%"))))))))," ") -> 30+% | S3: =IFERROR(IF(A3="","",T3*N3)," ") | T3: =IFERROR(IF(A3="","",X3/AB3)," ") | U3: 0 | V3: O | X3: 0 | Z3: 0 | AJ3: No Match
A4: 21 | B4: 560 | F4: FACESHIELD ASSEMBLY | G4: AIRGAS | H4: SEL24125AFB | I4: FALSE | J4: 1 | K4: 160.33 | L4: 70 | M4: =IFERROR(IF(A4="","",K4/J4)," ") -> 160.33 | N4: =IFERROR(IF(A4="","",J4*L4)," ") -> 70 | O4: =IFERROR(M4*N4," ") -> 11223.1 | P4: =IFERROR(IF(A4="","",O4-S4)," ") | Q4: =IFERROR(IF(A4="","",P4/O4)," ") | R4: =IFERROR(IF(A4="","",(IF(Q4<0,"Negative",IF(Q4=0,"Same",IF(Q4>0.3,"30+%",IF(Q4>0.2,"20-30%",IF(Q4>0.1,"10-20%",IF(Q4<=0.1,"0-10%"))))))))," ") -> 30+% | S4: =IFERROR(IF(A4="","",T4*N4)," ") | T4: =IFERROR(IF(A4="","",X4/AB4)," ") | U4: 0 | V4: O | X4: 0 | Z4: 0 | AJ4: No Match
A5: 24 | B5: 621 | F5: [DS] WILSON BOHANNAN COMPANY | G5: AIRGAS | H5: W67GENERIC | I5: FALSE | J5: 1 | K5: 23.09 | L5: 454 | M5: =IFERROR(IF(A5="","",K5/J5)," ") -> 23.09 | N5: =IFERROR(IF(A5="","",J5*L5)," ") -> 454 | O5: =IFERROR(M5*N5," ") -> 10482.86 | P5: =IFERROR(IF(A5="","",O5-S5)," ") | Q5: =IFERROR(IF(A5="","",P5/O5)," ") | R5: =IFERROR(IF(A5="","",(IF(Q5<0,"Negative",IF(Q5=0,"Same",IF(Q5>0.3,"30+%",IF(Q5>0.2,"20-30%",IF(Q5>0.1,"10-20%",IF(Q5<=0.1,"0-10%"))))))))," ") -> 30+% | S5: =IFERROR(IF(A5="","",T5*N5)," ") | T5: =IFERROR(IF(A5="","",X5/AB5)," ") | U5: 0 | V5: NCI | X5: 0 | Z5: 0 | AJ5: No Match
A6: 36 | B6: 209 | F6: FLTR ESM WLDG HLMT HI EFNC | G6: AIRGAS | H6: IS6PR02026SP | I6: FALSE | J6: 1 | K6: 108.30 | L6: 76 | M6: =IFERROR(IF(A6="","",K6/J6)," ") -> 108.3 | N6: =IFERROR(IF(A6="","",J6*L6)," ") -> 76 | O6: =IFERROR(M6*N6," ") -> 8230.8 | P6: =IFERROR(IF(A6="","",O6-S6)," ") | Q6: =IFERROR(IF(A6="","",P6/O6)," ") | R6: =IFERROR(IF(A6="","",(IF(Q6<0,"Negative",IF(Q6=0,"Same",IF(Q6>0.3,"30+%",IF(Q6>0.2,"20-30%",IF(Q6>0.1,"10-20%",IF(Q6<=0.1,"0-10%"))))))))," ") -> 30+% | S6: =IFERROR(IF(A6="","",T6*N6)," ") | T6: =IFERROR(IF(A6="","",X6/AB6)," ") | U6: 0 | V6: O | X6: 0 | Z6: 0 | AJ6: No Match
A7: 49 | B7: 313 | F7: \\ LONGJOHN FR PNTS HVYWT DRIFIRE | G7: AIRGAS | H7: N33DF2CM265ALPDSLG | I7: FALSE | J7: 1 | K7: 87.39 | L7: 71 | M7: =IFERROR(IF(A7="","",K7/J7)," ") -> 87.39 | N7: =IFERROR(IF(A7="","",J7*L7)," ") -> 71 | O7: =IFERROR(M7*N7," ") -> 6204.69 | P7: =IFERROR(IF(A7="","",O7-S7)," ") | Q7: =IFERROR(IF(A7="","",P7/O7)," ") | R7: =IFERROR(IF(A7="","",(IF(Q7<0,"Negative",IF(Q7=0,"Same",IF(Q7>0.3,"30+%",IF(Q7>0.2,"20-30%",IF(Q7>0.1,"10-20%",IF(Q7<=0.1,"0-10%"))))))))," ") -> 30+% | S7: =IFERROR(IF(A7="","",T7*N7)," ") | T7: =IFERROR(IF(A7="","",X7/AB7)," ") | U7: 0 | V7: O | X7: 0 | Z7: 0 | AJ7: No Match
A8: 50 | B8: 339 | F8: UNWR LNG FR CTRL 2.0 LG 5.5OZ SND 4CAL | G8: AIRGAS | H8: N33U52JKSRLG | I8: FALSE | J8: 1 | K8: 79.04 | L8: 78 | M8: =IFERROR(IF(A8="","",K8/J8)," ") -> 79.04 | N8: =IFERROR(IF(A8="","",J8*L8)," ") -> 78 | O8: =IFERROR(M8*N8," ") -> 6165.12 | P8: =IFERROR(IF(A8="","",O8-S8)," ") | Q8: =IFERROR(IF(A8="","",P8/O8)," ") | R8: =IFERROR(IF(A8="","",(IF(Q8<0,"Negative",IF(Q8=0,"Same",IF(Q8>0.3,"30+%",IF(Q8>0.2,"20-30%",IF(Q8>0.1,"10-20%",IF(Q8<=0.1,"0-10%"))))))))," ") -> 30+% | S8: =IFERROR(IF(A8="","",T8*N8)," ") | T8: =IFERROR(IF(A8="","",X8/AB8)," ") | U8: 0 | V8: O | X8: 0 | Z8: 0 | AJ8: No Match
A9: 58 | B9: 568 | F9: [DS] STRONG HOLD PRODUCTS | G9: AIRGAS | H9: SHPGENERIC | I9: FALSE | J9: 1 | K9: 4905.74 | L9: 1 | M9: =IFERROR(IF(A9="","",K9/J9)," ") -> 4905.74 | N9: =IFERROR(IF(A9="","",J9*L9)," ") -> 1 | O9: =IFERROR(M9*N9," ") -> 4905.74 | P9: =IFERROR(IF(A9="","",O9-S9)," ") | Q9: =IFERROR(IF(A9="","",P9/O9)," ") | R9: =IFERROR(IF(A9="","",(IF(Q9<0,"Negative",IF(Q9=0,"Same",IF(Q9>0.3,"30+%",IF(Q9>0.2,"20-30%",IF(Q9>0.1,"10-20%",IF(Q9<=0.1,"0-10%"))))))))," ") -> 30+% | S9: =IFERROR(IF(A9="","",T9*N9)," ") | T9: =IFERROR(IF(A9="","",X9/AB9)," ") | U9: 0 | V9: NCI | X9: 0 | Z9: 0 | AJ9: No Match
A10: 68 | B10: 167 | F10: [DS] EBEL IMPRINTS | G10: AIRGAS | H10: EA4GENERIC | I10: FALSE | J10: 1 | K10: 83.52 | L10: 47 | M10: =IFERROR(IF(A10="","",K10/J10)," ") -> 83.52 | N10: =IFERROR(IF(A10="","",J10*L10)," ") -> 47 | O10: =IFERROR(M10*N10," ") -> 3925.44 | P10: =IFERROR(IF(A10="","",O10-S10)," ") | Q10: =IFERROR(IF(A10="","",P10/O10)," ") | R10: =IFERROR(IF(A10="","",(IF(Q10<0,"Negative",IF(Q10=0,"Same",IF(Q10>0.3,"30+%",IF(Q10>0.2,"20-30%",IF(Q10>0.1,"10-20%",IF(Q10<=0.1,"0-10%"))))))))," ") -> 30+% | S10: =IFERROR(IF(A10="","",T10*N10)," ") | T10: =IFERROR(IF(A10="","",X10/AB10)," ") | U10: 0 | V10: NCI | X10: 0 | Z10: 0 | AJ10: No Match
A11: 73 | B11: 564 | F11: FCSHD GLD HT REFLV W/ ALUM BRCKT | G11: AIRGAS | H11: SEL3165B | I11: FALSE | J11: 1 | K11: 159.20 | L11: 24 | M11: =IFERROR(IF(A11="","",K11/J11)," ") -> 159.2 | N11: =IFERROR(IF(A11="","",J11*L11)," ") -> 24 | O11: =IFERROR(M11*N11," ") -> 3820.8 | P11: =IFERROR(IF(A11="","",O11-S11)," ") | Q11: =IFERROR(IF(A11="","",P11/O11)," ") | R11: =IFERROR(IF(A11="","",(IF(Q11<0,"Negative",IF(Q11=0,"Same",IF(Q11>0.3,"30+%",IF(Q11>0.2,"20-30%",IF(Q11>0.1,"10-20%",IF(Q11<=0.1,"0-10%"))))))))," ") -> 30+% | S11: =IFERROR(IF(A11="","",T11*N11)," ") | T11: =IFERROR(IF(A11="","",X11/AB11)," ") | U11: 0 | V11: O | X11: 0 | Z11: 0 | AJ11: No Match
A12: 91 | B12: 215 | F12: CAPE NCK FR 4 INTERACTIVE SFTY PUREFLO | G12: AIRGAS | H12: IS6PR02475SP | I12: FALSE | J12: 1 | K12: 217.46 | L12: 14 | M12: =IFERROR(IF(A12="","",K12/J12)," ") -> 217.46 | N12: =IFERROR(IF(A12="","",J12*L12)," ") -> 14 | O12: =IFERROR(M12*N12," ") -> 3044.44 | P12: =IFERROR(IF(A12="","",O12-S12)," ") | Q12: =IFERROR(IF(A12="","",P12/O12)," ") | R12: =IFERROR(IF(A12="","",(IF(Q12<0,"Negative",IF(Q12=0,"Same",IF(Q12>0.3,"30+%",IF(Q12>0.2,"20-30%",IF(Q12>0.1,"10-20%",IF(Q12<=0.1,"0-10%"))))))))," ") -> 30+% | S12: =IFERROR(IF(A12="","",T12*N12)," ") | T12: =IFERROR(IF(A12="","",X12/AB12)," ") | U12: 0 | V12: O | X12: 0 | Z12: 0 | AJ12: No Match
A13: 93 | B13: 212 | F13: VSR ASSY HI IMPCT PUREFLO W/ ATCHMT KT | G13: AIRGAS | H13: IS6PR02050SP | I13: FALSE | J13: 1 | K13: 148.80 | L13: 20 | M13: =IFERROR(IF(A13="","",K13/J13)," ") -> 148.8 | N13: =IFERROR(IF(A13="","",J13*L13)," ") -> 20 | O13: =IFERROR(M13*N13," ") -> 2976 | P13: =IFERROR(IF(A13="","",O13-S13)," ") | Q13: =IFERROR(IF(A13="","",P13/O13)," ") | R13: =IFERROR(IF(A13="","",(IF(Q13<0,"Negative",IF(Q13=0,"Same",IF(Q13>0.3,"30+%",IF(Q13>0.2,"20-30%",IF(Q13>0.1,"10-20%",IF(Q13<=0.1,"0-10%"))))))))," ") -> 30+% | S13: =IFERROR(IF(A13="","",T13*N13)," ") | T13: =IFERROR(IF(A13="","",X13/AB13)," ") | U13: 0 | V13: O | X13: 0 | Z13: 0 | AJ13: No Match
... A29: 241 | B29: 211 | F29: VSR ASSY HI IMPCT PUREFLO W/ ATCHMT KT | G29: AIRGAS | H29: IS6PR02050SP | I29: FALSE | J29: 1 | K29: 653.75 | L29: 1 | M29: =IFERROR(IF(A29="","",K29/J29)," ") -> 653.75 | N29: =IFERROR(IF(A29="","",J29*L29)," ") -> 1 | O29: =IFERROR(M29*N29," ") -> 653.75 | P29: =IFERROR(IF(A29="","",O29-S29)," ") | Q29: =IFERROR(IF(A29="","",P29/O29)," ") | R29: =IFERROR(IF(A29="","",(IF(Q29<0,"Negative",IF(Q29=0,"Same",IF(Q29>0.3,"30+%",IF(Q29>0.2,"20-30%",IF(Q29>0.1,"10-20%",IF(Q29<=0.1,"0-10%"))))))))," ") -> 30+% | S29: =IFERROR(IF(A29="","",T29*N29)," ") | T29: =IFERROR(IF(A29="","",X29/AB29)," ") | U29: 0 | V29: DUP | X29: 0 | Z29: 0 | AJ29: No Match
A30: 2 | B30: 515 | F30: FLTR HI EFNC (HE) PX5 | G30: AIRGAS | H30: RPB03-892 | I30: FALSE | J30: 1 | K30: 54.75 | L30: 1010 | M30: =IFERROR(IF(A30="","",K30/J30)," ") -> 54.75 | N30: =IFERROR(IF(A30="","",J30*L30)," ") -> 1010 | O30: =IFERROR(M30*N30," ") -> 55297.5 | P30: =IFERROR(IF(A30="","",O30-S30)," ") -> -14867.2 | Q30: =IFERROR(IF(A30="","",P30/O30)," ") -> -0.26885845 | R30: =IFERROR(IF(A30="","",(IF(Q30<0,"Negative",IF(Q30=0,"Same",IF(Q30>0.3,"30+%",IF(Q30>0.2,"20-30%",IF(Q30>0.1,"10-20%",IF(Q30<=0.1,"0-10%"))))))))," ") -> Negative | S30: =IFERROR(IF(A30="","",T30*N30)," ") -> 70164.7 | T30: =IFERROR(IF(A30="","",X30/AB30)," ") -> 69.47 | U30: 61CX03 | V30: E | X30: 69.47 | Z30: 0 | AA30: EA | AB30: 1 | AC30: RPB SAFETY | AD30: 03-892 | AE30: Hepa Filter | AF30: Safety | AG30: Powered Air-Purifying Respirators | AH30: Respiratory | AJ30: UOM Issue
A31: 3 | B31: 216 | F31: HRDHT BLK NCK CAPE HE FLTR INT&EXT SWCH | G31: AIRGAS | H31: IS6PR05814B0A1 | I31: FALSE | J31: 1 | K31: 1758.51 | L31: 26 | M31: =IFERROR(IF(A31="","",K31/J31)," ") -> 1758.51 | N31: =IFERROR(IF(A31="","",J31*L31)," ") -> 26 | O31: =IFERROR(M31*N31," ") -> 45721.26 | P31: =IFERROR(IF(A31="","",O31-S31)," ") -> 45719.835 | Q31: =IFERROR(IF(A31="","",P31/O31)," ") -> 0.99996884 | R31: =IFERROR(IF(A31="","",(IF(Q31<0,"Negative",IF(Q31=0,"Same",IF(Q31>0.3,"30+%",IF(Q31>0.2,"20-30%",IF(Q31>0.1,"10-20%",IF(Q31<=0.1,"0-10%"))))))))," ") -> 30+% | S31: =IFERROR(IF(A31="","",T31*N31)," ") -> 1.4248 | T31: =IFERROR(IF(A31="","",X31/AB31)," ") -> 0.0548 | U31: 1TTU9 | V31: FE | X31: 5.48 | Z31: 0 | AA31: PK | AB31: 100 | AC31: CONDOR | AD31: 1TTU9 | AE31: Bouffant Cap,PP,White,21 in,PK100 | AF31: Safety | AG31: Hairnets and Bouffants | AH31: Chemical and Particulate Protective Clothing | AI31: TRUE | AJ31: UOM Issue
A32: 6 | B32: 16 | F32: FLTR PAPR HI EFNC PRTCLT ADFLO 20/CA | G32: AIRGAS | H32: 3MR15-0299-99X20 | I32: FALSE | J32: 1 | K32: 58.32 | L32: 600 | M32: =IFERROR(IF(A32="","",K32/J32)," ") -> 58.32 | N32: =IFERROR(IF(A32="","",J32*L32)," ") -> 600 | O32: =IFERROR(M32*N32," ") -> 34992 | P32: =IFERROR(IF(A32="","",O32-S32)," ") -> -8730.6 | Q32: =IFERROR(IF(A32="","",P32/O32)," ") -> -0.24950274 | R32: =IFERROR(IF(A32="","",(IF(Q32<0,"Negative",IF(Q32=0,"Same",IF(Q32>0.3,"30+%",IF(Q32>0.2,"20-30%",IF(Q32>0.1,"10-20%",IF(Q32<=0.1,"0-10%"))))))))," ") -> Negative | S32: =IFERROR(IF(A32="","",T32*N32)," ") -> 43722.6 | T32: =IFERROR(IF(A32="","",X32/AB32)," ") -> 72.871 | U32: 785WP9 | V32: E | X32: 1457.42 | Z32: 0 | AA32: PK | AB32: 20 | AC32: 3M | AD32: 15-0299- 99X20 | AE32: HE Filter,Pink,PAPR System,PK20 | AF32: Safety | AG32: Powered Air-Purifying Respirator PAPR System Components and Accessories | AH32: Respiratory | AJ32: UOM Issue
A33: 7 | B33: 33 | F33: >> PAPR SYS W/WLDG HLMT HE L-ION BAT | G33: AIRGAS | H33: 3MR37-1101-30ISW | I33: FALSE | J33: 1 | K33: 1672.63 | L33: 18 | M33: =IFERROR(IF(A33="","",K33/J33)," ") -> 1672.63 | N33: =IFERROR(IF(A33="","",J33*L33)," ") -> 18 | O33: =IFERROR(M33*N33," ") -> 30107.34 | P33: =IFERROR(IF(A33="","",O33-S33)," ") -> -21551.94 | Q33: =IFERROR(IF(A33="","",P33/O33)," ") -> -0.71583674 | R33: =IFERROR(IF(A33="","",(IF(Q33<0,"Negative",IF(Q33=0,"Same",IF(Q33>0.3,"30+%",IF(Q33>0.2,"20-30%",IF(Q33>0.1,"10-20%",IF(Q33<=0.1,"0-10%"))))))))," ") -> Negative | S33: =IFERROR(IF(A33="","",T33*N33)," ") -> 51659.28 | T33: =IFERROR(IF(A33="","",X33/AB33)," ") -> 2869.96 | U33: 446M10 | V33: E | X33: 2869.96 | Z33: 0 | AA33: EA | AB33: 1 | AC33: 3M SPEEDGLAS | AD33: 37-1101-30ISW | AE33: Welding PAPR System,Helmet,Belt-Mount | AF33: Safety | AG33: Powered Air-Purifying Respirators | AH33: Respiratory | AJ33: UOM Issue
A34: 11 | B34: 266 | F34: DSPR FOR FM ERPG PLUGSTATION 500 PAIRS | G34: AIRGAS | H34: MOL6645 | I34: FALSE | J34: 1 | K34: 69.16 | L34: 232 | M34: =IFERROR(IF(A34="","",K34/J34)," ") -> 69.16 | N34: =IFERROR(IF(A34="","",J34*L34)," ") -> 232 | O34: =IFERROR(M34*N34," ") -> 16045.12 | P34: =IFERROR(IF(A34="","",O34-S34)," ") -> -7688.48 | Q34: =IFERROR(IF(A34="","",P34/O34)," ") -> -0.47917872 | R34: =IFERROR(IF(A34="","",(IF(Q34<0,"Negative",IF(Q34=0,"Same",IF(Q34>0.3,"30+%",IF(Q34>0.2,"20-30%",IF(Q34>0.1,"10-20%",IF(Q34<=0.1,"0-10%"))))))))," ") -> Negative | S34: =IFERROR(IF(A34="","",T34*N34)," ") -> 23733.6 | T34: =IFERROR(IF(A34="","",X34/AB34)," ") -> 102.3 | U34: 2FLL1 | V34: FE | X34: 102.3 | Z34: 0 | AA34: EA | AB34: 1 | AC34: MOLDEX | AD34: 6645 | AE34: Ear Plug Dispensing System,33dB | AF34: Safety | AG34: Filled Earplug Dispensers | AH34: Hearing Protection | AI34: TRUE | AJ34: UOM Issue
A35: 12 | B35: 282 | F35: HDCP SKLGD WHT FAS-TRAC SUSP | G35: AIRGAS | H35: MSA475396 | I35: FALSE | J35: 1 | K35: 114.10 | L35: 140 | M35: =IFERROR(IF(A35="","",K35/J35)," ") -> 114.1 | N35: =IFERROR(IF(A35="","",J35*L35)," ") -> 140 | O35: =IFERROR(M35*N35," ") -> 15974 | P35: =IFERROR(IF(A35="","",O35-S35)," ") -> -11264.4 | Q35: =IFERROR(IF(A35="","",P35/O35)," ") -> -0.7051709 | R35: =IFERROR(IF(A35="","",(IF(Q35<0,"Negative",IF(Q35=0,"Same",IF(Q35>0.3,"30+%",IF(Q35>0.2,"20-30%",IF(Q35>0.1,"10-20%",IF(Q35<=0.1,"0-10%"))))))))," ") -> Negative | S35: =IFERROR(IF(A35="","",T35*N35)," ") -> 27238.4 | T35: =IFERROR(IF(A35="","",X35/AB35)," ") -> 194.56 | U35: 4MD41 | V35: FE | X35: 194.56 | Z35: 0 | AA35: EA | AB35: 1 | AC35: MSA | AD35: 475396 | AE35: Hard Hat,Type 1, Class G,Ratchet,White | AF35: Safety | AG35: Hard Hats | AH35: Head Protection | AJ35: UOM Issue
A36: 13 | B36: 321 | F36: GLV 18.5" XL ALUMZD LTHR PLM PTCH CTTN | G36: AIRGAS | H36: N33DJXG705185XL | I36: FALSE | J36: 1 | K36: 80.73 | L36: 192 | M36: =IFERROR(IF(A36="","",K36/J36)," ") -> 80.73 | N36: =IFERROR(IF(A36="","",J36*L36)," ") -> 192 | O36: =IFERROR(M36*N36," ") -> 15500.16 | P36: =IFERROR(IF(A36="","",O36-S36)," ") -> -13242.24 | Q36: =IFERROR(IF(A36="","",P36/O36)," ") -> -0.85432925 | R36: =IFERROR(IF(A36="","",(IF(Q36<0,"Negative",IF(Q36=0,"Same",IF(Q36>0.3,"30+%",IF(Q36>0.2,"20-30%",IF(Q36>0.1,"10-20%",IF(Q36<=0.1,"0-10%"))))))))," ") -> Negative | S36: =IFERROR(IF(A36="","",T36*N36)," ") -> 28742.4 | T36: =IFERROR(IF(A36="","",X36/AB36)," ") -> 149.7 | U36: 56XM45 | V36: FE | X36: 149.7 | Z36: 0 | AA36: PR | AB36: 1 | AC36: NATIONAL SAFETY APPAREL | AD36: DJXG705165XL | AE36: Aluminized Gloves,1,000F,16-1/2",PR | AF36: Safety | AG36: Aluminized Gloves | AH36: Gloves and Hand Protection | AJ36: UOM Issue
A37: 14 | B37: 51 | F37: GLS KT FM STRP CLR A/FG LENS GRN/BLK FRM | G37: AIRGAS | H37: 3MRS1201SGAF-KT | I37: FALSE | J37: 1 | K37: 14.36 | L37: 1040 | M37: =IFERROR(IF(A37="","",K37/J37)," ") -> 14.36 | N37: =IFERROR(IF(A37="","",J37*L37)," ") -> 1040 | O37: =IFERROR(M37*N37," ") -> 14934.4 | P37: =IFERROR(IF(A37="","",O37-S37)," ") -> -1019.2 | Q37: =IFERROR(IF(A37="","",P37/O37)," ") -> -0.068245125 | R37: =IFERROR(IF(A37="","",(IF(Q37<0,"Negative",IF(Q37=0,"Same",IF(Q37>0.3,"30+%",IF(Q37>0.2,"20-30%",IF(Q37>0.1,"10-20%",IF(Q37<=0.1,"0-10%"))))))))," ") -> Negative | S37: =IFERROR(IF(A37="","",T37*N37)," ") -> 15953.6 | T37: =IFERROR(IF(A37="","",X37/AB37)," ") -> 15.34 | U37: 48TK84 | V37: E | X37: 15.34 | Z37: 0 | AA37: EA | AB37: 1 | AC37: 3M | AD37: S1201SGAF-KT | AE37: SafetyGlasses,Clear,AntiFog,Blk/Grn | AF37: Safety | AG37: Safety Glasses | AH37: Eye Protection and Accessories | AI37: TRUE | AJ37: UOM Issue
A38: 16 | B38: 191 | F38: ERPG UCRD SNGL USE MXM BL SHAPE PU FM | G38: AIRGAS | H38: HONMXM-1-D | I38: FALSE | J38: 1 | K38: 57.45 | L38: 216 | M38: =IFERROR(IF(A38="","",K38/J38)," ") -> 57.45 | N38: =IFERROR(IF(A38="","",J38*L38)," ") -> 216 | O38: =IFERROR(M38*N38," ") -> 12409.2 | P38: =IFERROR(IF(A38="","",O38-S38)," ") -> -5058.72 | Q38: =IFERROR(IF(A38="","",P38/O38)," ") -> -0.40765883 | R38: =IFERROR(IF(A38="","",(IF(Q38<0,"Negative",IF(Q38=0,"Same",IF(Q38>0.3,"30+%",IF(Q38>0.2,"20-30%",IF(Q38>0.1,"10-20%",IF(Q38<=0.1,"0-10%"))))))))," ") -> Negative | S38: =IFERROR(IF(A38="","",T38*N38)," ") -> 17467.92 | T38: =IFERROR(IF(A38="","",X38/AB38)," ") -> 80.87 | U38: 3WU33 | V38: E | X38: 80.87 | Z38: 0 | AA38: EA | AB38: 1 | AC38: HONEYWELL HOWARD LEIGHT | AD38: MXM-1-DG | AE38: Ear Plug Disp Refill,33dB,PairsPerPk 500 | AF38: Safety | AG38: Earplug Dispenser Refills | AH38: Hearing Protection | AI38: TRUE | AJ38: UOM Issue
A39: 19 | B39: 326 | F39: HOOD 6OZ UNIV NMX BIB WHT FR | G39: AIRGAS | H39: N33H31NK | I39: FALSE | J39: 1 | K39: 29.45 | L39: 384 | M39: =IFERROR(IF(A39="","",K39/J39)," ") -> 29.45 | N39: =IFERROR(IF(A39="","",J39*L39)," ") -> 384 | O39: =IFERROR(M39*N39," ") -> 11308.8 | P39: =IFERROR(IF(A39="","",O39-S39)," ") -> -7783.68 | Q39: =IFERROR(IF(A39="","",P39/O39)," ") -> -0.68828523 | R39: =IFERROR(IF(A39="","",(IF(Q39<0,"Negative",IF(Q39=0,"Same",IF(Q39>0.3,"30+%",IF(Q39>0.2,"20-30%",IF(Q39>0.1,"10-20%",IF(Q39<=0.1,"0-10%"))))))))," ") -> Negative | S39: =IFERROR(IF(A39="","",T39*N39)," ") -> 19092.48 | T39: =IFERROR(IF(A39="","",X39/AB39)," ") -> 49.72 | U39: 2YRH8 | V39: FE | X39: 49.72 | Z39: 0 | AA39: EA | AB39: 1 | AC39: NATIONAL SAFETY APPAREL | AD39: H31NK | AE39: Flame Resistant Hood,Universal,White | AF39: Safety | AG39: Welding Hoods | AH39: Flame Resistant and Arc Flash Clothing | AJ39: UOM Issue
A40: 23 | B40: 450 | F40: SRBNT UNIV PD HVY WGT 15"X17" EA=BG | G40: AIRGAS | H40: RAD64055740 | I40: FALSE | J40: 1 | K40: 39.02 | L40: 270 | M40: =IFERROR(IF(A40="","",K40/J40)," ") -> 39.02 | N40: =IFERROR(IF(A40="","",J40*L40)," ") -> 270 | O40: =IFERROR(M40*N40," ") -> 10535.4 | P40: =IFERROR(IF(A40="","",O40-S40)," ") -> 10394.406 | Q40: =IFERROR(IF(A40="","",P40/O40)," ") -> 0.98661712 | R40: =IFERROR(IF(A40="","",(IF(Q40<0,"Negative",IF(Q40=0,"Same",IF(Q40>0.3,"30+%",IF(Q40>0.2,"20-30%",IF(Q40>0.1,"10-20%",IF(Q40<=0.1,"0-10%"))))))))," ") -> 30+% | S40: =IFERROR(IF(A40="","",T40*N40)," ") -> 140.994 | T40: =IFERROR(IF(A40="","",X40/AB40)," ") -> 0.5222 | U40: 35ZP89 | V40: FE | X40: 52.22 | Z40: 0 | AA40: PK | AB40: 100 | AC40: CONDOR | AD40: 35ZP89 | AE40: Absorbent Pad,Universal,Gray,PK100 | AF40: Safety | AG40: Sorbent Pads, Pillows and Blankets | AH40: Spill Control Supplies | AJ40: UOM Issue
A41: 25 | B41: 97 | F41: GLV CUT RES PU CTD LG WHT 13 GA HPPE | G41: AIRGAS | H41: B13540-L | I41: FALSE | J41: 1 | K41: 6.23 | L41: 1680 | M41: =IFERROR(IF(A41="","",K41/J41)," ") -> 6.23 | N41: =IFERROR(IF(A41="","",J41*L41)," ") -> 1680 | O41: =IFERROR(M41*N41," ") -> 10466.4 | P41: =IFERROR(IF(A41="","",O41-S41)," ") -> -2234.4 | Q41: =IFERROR(IF(A41="","",P41/O41)," ") -> -0.21348315 | R41: =IFERROR(IF(A41="","",(IF(Q41<0,"Negative",IF(Q41=0,"Same",IF(Q41>0.3,"30+%",IF(Q41>0.2,"20-30%",IF(Q41>0.1,"10-20%",IF(Q41<=0.1,"0-10%"))))))))," ") -> Negative | S41: =IFERROR(IF(A41="","",T41*N41)," ") -> 12700.8 | T41: =IFERROR(IF(A41="","",X41/AB41)," ") -> 7.56 | U41: 24L256 | V41: FE | X41: 7.56 | Z41: 0 | AA41: PR | AB41: 1 | AC41: HYFLEX | AD41: 11-644 | AE41: Cut Resist Gloves,Light Gray,10 | AF41: Safety | AG41: Knit Gloves and Mitts | AH41: Gloves and Hand Protection | AI41: TRUE | AJ41: UOM Issue
A42: 26 | B42: 601 | F42: GLV MIG/TIG PRM TOP GN KDSKN LTHR LG | G42: AIRGAS | H42: TIL24DL | I42: FALSE | J42: 1 | K42: 19.21 | L42: 540 | M42: =IFERROR(IF(A42="","",K42/J42)," ") -> 19.21 | N42: =IFERROR(IF(A42="","",J42*L42)," ") -> 540 | O42: =IFERROR(M42*N42," ") -> 10373.4 | P42: =IFERROR(IF(A42="","",O42-S42)," ") -> -7516.8 | Q42: =IFERROR(IF(A42="","",P42/O42)," ") -> -0.72462259 | R42: =IFERROR(IF(A42="","",(IF(Q42<0,"Negative",IF(Q42=0,"Same",IF(Q42>0.3,"30+%",IF(Q42>0.2,"20-30%",IF(Q42>0.1,"10-20%",IF(Q42<=0.1,"0-10%"))))))))," ") -> Negative | S42: =IFERROR(IF(A42="","",T42*N42)," ") -> 17890.2 | T42: =IFERROR(IF(A42="","",X42/AB42)," ") -> 33.13 | U42: 48W282 | V42: FE | X42: 33.13 | Z42: 0 | AA42: PR | AB42: 1 | AC42: TILLMAN | AD42: 24DL | AE42: Welding Glove,TIG,L/9,PR | AF42: Safety | AG42: Welding Gloves | AH42: Gloves and Hand Protection | AJ42: UOM Issue
A43: 27 | B43: 148 | F43: LFLN SLF-RTRCTG 50' CL 1 SEALED-BLOK SS | G43: AIRGAS | H43: D623400135 | I43: FALSE | J43: 1 | K43: 2062.98 | L43: 5 | M43: =IFERROR(IF(A43="","",K43/J43)," ") -> 2062.98 | N43: =IFERROR(IF(A43="","",J43*L43)," ") -> 5 | O43: =IFERROR(M43*N43," ") -> 10314.9 | P43: =IFERROR(IF(A43="","",O43-S43)," ") -> -3215.75 | Q43: =IFERROR(IF(A43="","",P43/O43)," ") -> -0.31175775 | R43: =IFERROR(IF(A43="","",(IF(Q43<0,"Negative",IF(Q43=0,"Same",IF(Q43>0.3,"30+%",IF(Q43>0.2,"20-30%",IF(Q43>0.1,"10-20%",IF(Q43<=0.1,"0-10%"))))))))," ") -> Negative | S43: =IFERROR(IF(A43="","",T43*N43)," ") -> 13530.65 | T43: =IFERROR(IF(A43="","",X43/AB43)," ") -> 2706.13 | U43: 809EZ8 | V43: E | X43: 2706.13 | Z43: 0 | AA43: EA | AB43: 1 | AC43: 3M DBI-SALA | AD43: 3400135 | AE43: Self Retracting Lifeline,50 ft,SS | AF43: Safety | AG43: Self-Retracting Lifelines | AH43: Fall Protection | AJ43: UOM Issue
A44: 28 | B44: 537 | F44: LENS SFTY Z-LNK A/FG A/SCRTCH | G44: AIRGAS | H44: RPB16-810 | I44: FALSE | J44: 1 | K44: 29.93 | L44: 343 | M44: =IFERROR(IF(A44="","",K44/J44)," ") -> 29.93 | N44: =IFERROR(IF(A44="","",J44*L44)," ") -> 343 | O44: =IFERROR(M44*N44," ") -> 10265.99 | P44: =IFERROR(IF(A44="","",O44-S44)," ") -> -1399.44 | Q44: =IFERROR(IF(A44="","",P44/O44)," ") -> -0.13631808 | R44: =IFERROR(IF(A44="","",(IF(Q44<0,"Negative",IF(Q44=0,"Same",IF(Q44>0.3,"30+%",IF(Q44>0.2,"20-30%",IF(Q44>0.1,"10-20%",IF(Q44<=0.1,"0-10%"))))))))," ") -> Negative | S44: =IFERROR(IF(A44="","",T44*N44)," ") -> 11665.43 | T44: =IFERROR(IF(A44="","",X44/AB44)," ") -> 34.01 | U44: 61CX82 | V44: E | X44: 34.01 | Z44: 0 | AA44: EA | AB44: 1 | AC44: RPB SAFETY | AD44: 16-810 | AE44: Safety Lens | AF44: Safety | AG44: Powered Air-Purifying Respirators | AH44: Respiratory | AJ44: UOM Issue
A45: 29 | B45: 389 | F45: GLV CUT RES POLYKOR X7 BLND SHL LG GRY | G45: AIRGAS | H45: PIP16-377/L | I45: FALSE | J45: 1 | K45: 14.24 | L45: 720 | M45: =IFERROR(IF(A45="","",K45/J45)," ") -> 14.24 | N45: =IFERROR(IF(A45="","",J45*L45)," ") -> 720 | O45: =IFERROR(M45*N45," ") -> 10252.8 | P45: =IFERROR(IF(A45="","",O45-S45)," ") -> -9884.4 | Q45: =IFERROR(IF(A45="","",P45/O45)," ") -> -0.96406835 | R45: =IFERROR(IF(A45="","",(IF(Q45<0,"Negative",IF(Q45=0,"Same",IF(Q45>0.3,"30+%",IF(Q45>0.2,"20-30%",IF(Q45>0.1,"10-20%",IF(Q45<=0.1,"0-10%"))))))))," ") -> Negative | S45: =IFERROR(IF(A45="","",T45*N45)," ") -> 20137.2 | T45: =IFERROR(IF(A45="","",X45/AB45)," ") -> 27.968333 | U45: 55TK81 | V45: E | X45: 335.62 | Z45: 0 | AA45: PK | AB45: 12 | AC45: PIP | AD45: 16-377/L | AE45: Cut-Resistant Gloves,L,9" L,PK12 | AF45: Safety | AG45: Knit Gloves and Mitts | AH45: Gloves and Hand Protection | AJ45: UOM Issue
A46: 30 | B46: 145 | F46: LFLN SLF RTRCTG 6' PERSL SWVL SNP HK | G46: AIRGAS | H46: D623100548 | I46: FALSE | J46: 1 | K46: 496.11 | L46: 20 | M46: =IFERROR(IF(A46="","",K46/J46)," ") -> 496.11 | N46: =IFERROR(IF(A46="","",J46*L46)," ") -> 20 | O46: =IFERROR(M46*N46," ") -> 9922.2 | P46: =IFERROR(IF(A46="","",O46-S46)," ") -> -3802.8 | Q46: =IFERROR(IF(A46="","",P46/O46)," ") -> -0.38326178 | R46: =IFERROR(IF(A46="","",(IF(Q46<0,"Negative",IF(Q46=0,"Same",IF(Q46>0.3,"30+%",IF(Q46>0.2,"20-30%",IF(Q46>0.1,"10-20%",IF(Q46<=0.1,"0-10%"))))))))," ") -> Negative | S46: =IFERROR(IF(A46="","",T46*N46)," ") -> 13725 | T46: =IFERROR(IF(A46="","",X46/AB46)," ") -> 686.25 | U46: 806XZ7 | V46: E | X46: 686.25 | Z46: 0 | AA46: EA | AB46: 1 | AC46: 3M DBI-SALA | AD46: 3100548 | AE46: PersonalSelfRetractLifeline,6 ft L,2Legs | AF46: Safety | AG46: Self-Retracting Lifelines | AH46: Fall Protection | AJ46: UOM Issue
A47: 32 | B47: 70 | F47: GLV CUT RES 9 KV/PL/CT LTHR PLM | G47: AIRGAS | H47: ANE70-765-9 | I47: FALSE | J47: 1 | K47: 19.10 | L47: 504 | M47: =IFERROR(IF(A47="","",K47/J47)," ") -> 19.1 | N47: =IFERROR(IF(A47="","",J47*L47)," ") -> 504 | O47: =IFERROR(M47*N47," ") -> 9626.4 | P47: =IFERROR(IF(A47="","",O47-S47)," ") -> -2419.2 | Q47: =IFERROR(IF(A47="","",P47/O47)," ") -> -0.2513089 | R47: =IFERROR(IF(A47="","",(IF(Q47<0,"Negative",IF(Q47=0,"Same",IF(Q47>0.3,"30+%",IF(Q47>0.2,"20-30%",IF(Q47>0.1,"10-20%",IF(Q47<=0.1,"0-10%"))))))))," ") -> Negative | S47: =IFERROR(IF(A47="","",T47*N47)," ") -> 12045.6 | T47: =IFERROR(IF(A47="","",X47/AB47)," ") -> 23.9 | U47: 2JBD8 | V47: E | X47: 23.9 | Z47: 0 | AA47: PR | AB47: 1 | AC47: ACTIVARMR | AD47: 70-765 | AE47: Leather Cut-Resistant Glove,L/9,PR | AF47: Safety | AG47: Knit Gloves and Mitts | AH47: Gloves and Hand Protection | AI47: TRUE | AJ47: UOM Issue
A48: 33 | B48: 31 | F48: BAT RESPY PAPR LIION 35-1099-07 ADFLO | G48: AIRGAS | H48: 3MR35-1099-07 | I48: FALSE | J48: 1 | K48: 389.83 | L48: 24 | M48: =IFERROR(IF(A48="","",K48/J48)," ") -> 389.83 | N48: =IFERROR(IF(A48="","",J48*L48)," ") -> 24 | O48: =IFERROR(M48*N48," ") -> 9355.92 | P48: =IFERROR(IF(A48="","",O48-S48)," ") -> -8432.88 | Q48: =IFERROR(IF(A48="","",P48/O48)," ") -> -0.90134161 | R48: =IFERROR(IF(A48="","",(IF(Q48<0,"Negative",IF(Q48=0,"Same",IF(Q48>0.3,"30+%",IF(Q48>0.2,"20-30%",IF(Q48>0.1,"10-20%",IF(Q48<=0.1,"0-10%"))))))))," ") -> Negative | S48: =IFERROR(IF(A48="","",T48*N48)," ") -> 17788.8 | T48: =IFERROR(IF(A48="","",X48/AB48)," ") -> 741.2 | U48: 32NC27 | V48: FE | X48: 741.2 | Z48: 0 | AA48: EA | AB48: 1 | AC48: 3M | AD48: 35-1099-07 | AE48: Battery,Lithium Ion | AF48: Safety | AG48: Powered Air-Purifying Respirator Batteries | AH48: Respiratory | AJ48: UOM Issue
A49: 34 | B49: 451 | F49: SRBNT UNIV RL HVY WGT 30X150PRFRTD EA=BA | G49: AIRGAS | H49: RAD64055742 | I49: FALSE | J49: 1 | K49: 89.29 | L49: 100 | M49: =IFERROR(IF(A49="","",K49/J49)," ") -> 89.29 | N49: =IFERROR(IF(A49="","",J49*L49)," ") -> 100 | O49: =IFERROR(M49*N49," ") -> 8929 | P49: =IFERROR(IF(A49="","",O49-S49)," ") -> -10217 | Q49: =IFERROR(IF(A49="","",P49/O49)," ") -> -1.1442491 | R49: =IFERROR(IF(A49="","",(IF(Q49<0,"Negative",IF(Q49=0,"Same",IF(Q49>0.3,"30+%",IF(Q49>0.2,"20-30%",IF(Q49>0.1,"10-20%",IF(Q49<=0.1,"0-10%"))))))))," ") -> Negative | S49: =IFERROR(IF(A49="","",T49*N49)," ") -> 19146 | T49: =IFERROR(IF(A49="","",X49/AB49)," ") -> 191.46 | U49: 2GU48 | V49: FE | X49: 191.46 | Z49: 0 | AA49: EA | AB49: 1 | AC49: BRADY SPC ABSORBENTS | AD49: HT30 | AE49: Absorbent Roll,Universal,Gray,150 ft.L | AF49: Safety | AG49: Sorbent Pads, Pillows and Blankets | AH49: Spill Control Supplies | AJ49: UOM Issue
A50: 35 | B50: 18 | F50: HLMT WLDG 9100 MP W/HRDHT & SWS | G50: AIRGAS | H50: 3MR27-0099-35SW | I50: FALSE | J50: 1 | K50: 750.25 | L50: 11 | M50: =IFERROR(IF(A50="","",K50/J50)," ") -> 750.25 | N50: =IFERROR(IF(A50="","",J50*L50)," ") -> 11 | O50: =IFERROR(M50*N50," ") -> 8252.75 | P50: =IFERROR(IF(A50="","",O50-S50)," ") -> -2913.9 | Q50: =IFERROR(IF(A50="","",P50/O50)," ") -> -0.35308231 | R50: =IFERROR(IF(A50="","",(IF(Q50<0,"Negative",IF(Q50=0,"Same",IF(Q50>0.3,"30+%",IF(Q50>0.2,"20-30%",IF(Q50>0.1,"10-20%",IF(Q50<=0.1,"0-10%"))))))))," ") -> Negative | S50: =IFERROR(IF(A50="","",T50*N50)," ") -> 11166.65 | T50: =IFERROR(IF(A50="","",X50/AB50)," ") -> 1015.15 | U50: 21VG03 | V50: FE | X50: 1015.15 | Z50: 0 | AA50: EA | AB50: 1 | AC50: 3M SPEEDGLAS | AD50: 27-0099-35SW | AE50: Welding Helmet,SideWindow,Blk/Gray/Slvr | AF50: Welding | AG50: Welding Helmets | AH50: Welding Safety Equipment | AJ50: UOM Issue
A51: 37 | B51: 514 | F51: PRE-FILTER PX5 EA = PK/10 | G51: AIRGAS | H51: RPB03-890 | I51: FALSE | J51: 1 | K51: 21.85 | L51: 374 | M51: =IFERROR(IF(A51="","",K51/J51)," ") -> 21.85 | N51: =IFERROR(IF(A51="","",J51*L51)," ") -> 374 | O51: =IFERROR(M51*N51," ") -> 8171.9 | P51: =IFERROR(IF(A51="","",O51-S51)," ") -> 7093.284 | Q51: =IFERROR(IF(A51="","",P51/O51)," ") -> 0.86800915 | R51: =IFERROR(IF(A51="","",(IF(Q51<0,"Negative",IF(Q51=0,"Same",IF(Q51>0.3,"30+%",IF(Q51>0.2,"20-30%",IF(Q51>0.1,"10-20%",IF(Q51<=0.1,"0-10%"))))))))," ") -> 30+% | S51: =IFERROR(IF(A51="","",T51*N51)," ") -> 1078.616 | T51: =IFERROR(IF(A51="","",X51/AB51)," ") -> 2.884 | U51: 61CX02 | V51: E | X51: 28.84 | Z51: 0 | AA51: PK | AB51: 10 | AC51: RPB SAFETY | AD51: 03-890 | AE51: Pre Filter,PK10 | AF51: Safety | AG51: Powered Air-Purifying Respirators | AH51: Respiratory | AJ51: UOM Issue
A52: 39 | B52: 391 | F52: GLV CUT RES POLYKOR X7 BLND SHL XL GRY | G52: AIRGAS | H52: PIP16-377/XL | I52: FALSE | J52: 1 | K52: 14.31 | L52: 552 | M52: =IFERROR(IF(A52="","",K52/J52)," ") -> 14.31 | N52: =IFERROR(IF(A52="","",J52*L52)," ") -> 552 | O52: =IFERROR(M52*N52," ") -> 7899.12 | P52: =IFERROR(IF(A52="","",O52-S52)," ") -> -7539.4 | Q52: =IFERROR(IF(A52="","",P52/O52)," ") -> -0.95446075 | R52: =IFERROR(IF(A52="","",(IF(Q52<0,"Negative",IF(Q52=0,"Same",IF(Q52>0.3,"30+%",IF(Q52>0.2,"20-30%",IF(Q52>0.1,"10-20%",IF(Q52<=0.1,"0-10%"))))))))," ") -> Negative | S52: =IFERROR(IF(A52="","",T52*N52)," ") -> 15438.52 | T52: =IFERROR(IF(A52="","",X52/AB52)," ") -> 27.968333 | U52: 55TK84 | V52: E | X52: 335.62 | Z52: 0 | AA52: PK | AB52: 12 | AC52: PIP | AD52: 16-377/XL | AE52: Cut-Resistant Gloves,XL,10" L,PR,PK12 | AF52: Safety | AG52: Knit Gloves and Mitts | AH52: Gloves and Hand Protection | AJ52: UOM Issue
A53: 40 | B53: 459 | F53: GLV DRVR SM GN CWHD UNL HIVIS IMPRINTED | G53: AIRGAS | H53: RAD64057042 | I53: FALSE | J53: 1 | K53: 4.24 | L53: 1848 | M53: =IFERROR(IF(A53="","",K53/J53)," ") -> 4.24 | N53: =IFERROR(IF(A53="","",J53*L53)," ") -> 1848 | O53: =IFERROR(M53*N53," ") -> 7835.52 | P53: =IFERROR(IF(A53="","",O53-S53)," ") -> 166.32 | Q53: =IFERROR(IF(A53="","",P53/O53)," ") -> 0.021226415 | R53: =IFERROR(IF(A53="","",(IF(Q53<0,"Negative",IF(Q53=0,"Same",IF(Q53>0.3,"30+%",IF(Q53>0.2,"20-30%",IF(Q53>0.1,"10-20%",IF(Q53<=0.1,"0-10%"))))))))," ") -> 0-10% | S53: =IFERROR(IF(A53="","",T53*N53)," ") -> 7669.2 | T53: =IFERROR(IF(A53="","",X53/AB53)," ") -> 4.15 | U53: 3ZL52 | V53: FE | X53: 4.15 | Z53: 0 | AA53: PR | AB53: 1 | AC53: CONDOR | AD53: 3ZL52 | AE53: Leather Gloves,Beige,S | AF53: Safety | AG53: Leather Gloves and Mitts | AH53: Gloves and Hand Protection | AJ53: UOM Issue
A54: 41 | B54: 100 | F54: GLV CUT RES PU CTD XL WHT 13 GA HPPE | G54: AIRGAS | H54: B13540-XL | I54: FALSE | J54: 1 | K54: 6.24 | L54: 1236 | M54: =IFERROR(IF(A54="","",K54/J54)," ") -> 6.24 | N54: =IFERROR(IF(A54="","",J54*L54)," ") -> 1236 | O54: =IFERROR(M54*N54," ") -> 7712.64 | P54: =IFERROR(IF(A54="","",O54-S54)," ") -> -9121.68 | Q54: =IFERROR(IF(A54="","",P54/O54)," ") -> -1.1826923 | R54: =IFERROR(IF(A54="","",(IF(Q54<0,"Negative",IF(Q54=0,"Same",IF(Q54>0.3,"30+%",IF(Q54>0.2,"20-30%",IF(Q54>0.1,"10-20%",IF(Q54<=0.1,"0-10%"))))))))," ") -> Negative | S54: =IFERROR(IF(A54="","",T54*N54)," ") -> 16834.32 | T54: =IFERROR(IF(A54="","",X54/AB54)," ") -> 13.62 | U54: 40LJ77 | V54: FE | X54: 13.62 | Z54: 0 | AA54: PR | AB54: 1 | AC54: HYFLEX | AD54: 11-727 | AE54: PR,Cut Resistant Gloves,Size 10,Gray | AF54: Safety | AG54: Knit Gloves and Mitts | AH54: Gloves and Hand Protection | AJ54: UOM Issue
A55: 43 | B55: 436 | F55: FCSHD 9.75X19X.06 IN PN CLR | G55: AIRGAS | H55: RAD64051750 | I55: FALSE | J55: 1 | K55: 6.20 | L55: 1200 | M55: =IFERROR(IF(A55="","",K55/J55)," ") -> 6.2 | N55: =IFERROR(IF(A55="","",J55*L55)," ") -> 1200 | O55: =IFERROR(M55*N55," ") -> 7440 | P55: =IFERROR(IF(A55="","",O55-S55)," ") -> -13260 | Q55: =IFERROR(IF(A55="","",P55/O55)," ") -> -1.7822581 | R55: =IFERROR(IF(A55="","",(IF(Q55<0,"Negative",IF(Q55=0,"Same",IF(Q55>0.3,"30+%",IF(Q55>0.2,"20-30%",IF(Q55>0.1,"10-20%",IF(Q55<=0.1,"0-10%"))))))))," ") -> Negative | S55: =IFERROR(IF(A55="","",T55*N55)," ") -> 20700 | T55: =IFERROR(IF(A55="","",X55/AB55)," ") -> 17.25 | U55: 2KFZ3 | V55: FE | X55: 17.25 | Z55: 0 | AA55: EA | AB55: 1 | AC55: HONEYWELL FIBRE-METAL | AD55: 4199CL | AE55: FaceShieldVisor,Clr,Uncoated,PC | AF55: Safety | AG55: Face Shield Replacement Visors and Lenses | AH55: Face Protection | AJ55: UOM Issue
A56: 44 | B56: 142 | F56: LNYRD SLF-RTRCTG 6' ALUM CRBNR | G56: AIRGAS | H56: D623100523 | I56: FALSE | J56: 1 | K56: 204.00 | L56: 36 | M56: =IFERROR(IF(A56="","",K56/J56)," ") -> 204 | N56: =IFERROR(IF(A56="","",J56*L56)," ") -> 36 | O56: =IFERROR(M56*N56," ") -> 7344 | P56: =IFERROR(IF(A56="","",O56-S56)," ") -> -3098.16 | Q56: =IFERROR(IF(A56="","",P56/O56)," ") -> -0.42186275 | R56: =IFERROR(IF(A56="","",(IF(Q56<0,"Negative",IF(Q56=0,"Same",IF(Q56>0.3,"30+%",IF(Q56>0.2,"20-30%",IF(Q56>0.1,"10-20%",IF(Q56<=0.1,"0-10%"))))))))," ") -> Negative | S56: =IFERROR(IF(A56="","",T56*N56)," ") -> 10442.16 | T56: =IFERROR(IF(A56="","",X56/AB56)," ") -> 290.06 | U56: 806XX9 | V56: E | X56: 290.06 | Z56: 0 | AA56: EA | AB56: 1 | AC56: 3M DBI-SALA | AD56: 3100523 | AE56: PersonalSelfRetractLifeline,6 ft L,1Leg | AF56: Safety | AG56: Self-Retracting Lifelines | AH56: Fall Protection | AJ56: UOM Issue
A57: 45 | B57: 67 | F57: GLV CUT RES 10 KV/PL/CT LTHR PLM | G57: AIRGAS | H57: ANE70-765-10 | I57: FALSE | J57: 1 | K57: 18.95 | L57: 384 | M57: =IFERROR(IF(A57="","",K57/J57)," ") -> 18.95 | N57: =IFERROR(IF(A57="","",J57*L57)," ") -> 384 | O57: =IFERROR(M57*N57," ") -> 7276.8 | P57: =IFERROR(IF(A57="","",O57-S57)," ") -> -1900.8 | Q57: =IFERROR(IF(A57="","",P57/O57)," ") -> -0.26121372 | R57: =IFERROR(IF(A57="","",(IF(Q57<0,"Negative",IF(Q57=0,"Same",IF(Q57>0.3,"30+%",IF(Q57>0.2,"20-30%",IF(Q57>0.1,"10-20%",IF(Q57<=0.1,"0-10%"))))))))," ") -> Negative | S57: =IFERROR(IF(A57="","",T57*N57)," ") -> 9177.6 | T57: =IFERROR(IF(A57="","",X57/AB57)," ") -> 23.9 | U57: 2JBD9 | V57: E | X57: 23.9 | Z57: 0 | AA57: PR | AB57: 1 | AC57: ACTIVARMR | AD57: 70-765 | AE57: Leather Cut-Resistant Glove,XL/10,PR | AF57: Safety | AG57: Knit Gloves and Mitts | AH57: Gloves and Hand Protection | AI57: TRUE | AJ57: UOM Issue
A58: 47 | B58: 69 | F58: GLV CUT RES 8 KV/PL/CT LTHR PLM | G58: AIRGAS | H58: ANE70-765-8 | I58: FALSE | J58: 1 | K58: 19.00 | L58: 360 | M58: =IFERROR(IF(A58="","",K58/J58)," ") -> 19 | N58: =IFERROR(IF(A58="","",J58*L58)," ") -> 360 | O58: =IFERROR(M58*N58," ") -> 6840 | P58: =IFERROR(IF(A58="","",O58-S58)," ") -> -1764 | Q58: =IFERROR(IF(A58="","",P58/O58)," ") -> -0.25789474 | R58: =IFERROR(IF(A58="","",(IF(Q58<0,"Negative",IF(Q58=0,"Same",IF(Q58>0.3,"30+%",IF(Q58>0.2,"20-30%",IF(Q58>0.1,"10-20%",IF(Q58<=0.1,"0-10%"))))))))," ") -> Negative | S58: =IFERROR(IF(A58="","",T58*N58)," ") -> 8604 | T58: =IFERROR(IF(A58="","",X58/AB58)," ") -> 23.9 | U58: 2JBD7 | V58: E | X58: 23.9 | Z58: 0 | AA58: PR | AB58: 1 | AC58: ACTIVARMR | AD58: 70-765 | AE58: Leather Cut-Resistant Glove,M/8,PR | AF58: Safety | AG58: Knit Gloves and Mitts | AH58: Gloves and Hand Protection | AI58: TRUE | AJ58: UOM Issue
A59: 48 | B59: 482 | F59: GLV SZ MD WLDG CWHD BCK PRM MIG GN | G59: AIRGAS | H59: REVBM88-MD | I59: FALSE | J59: 1 | K59: 17.80 | L59: 366 | M59: =IFERROR(IF(A59="","",K59/J59)," ") -> 17.8 | N59: =IFERROR(IF(A59="","",J59*L59)," ") -> 366 | O59: =IFERROR(M59*N59," ") -> 6514.8 | P59: =IFERROR(IF(A59="","",O59-S59)," ") -> -7579.86 | Q59: =IFERROR(IF(A59="","",P59/O59)," ") -> -1.1634831 | R59: =IFERROR(IF(A59="","",(IF(Q59<0,"Negative",IF(Q59=0,"Same",IF(Q59>0.3,"30+%",IF(Q59>0.2,"20-30%",IF(Q59>0.1,"10-20%",IF(Q59<=0.1,"0-10%"))))))))," ") -> Negative | S59: =IFERROR(IF(A59="","",T59*N59)," ") -> 14094.66 | T59: =IFERROR(IF(A59="","",X59/AB59)," ") -> 38.51 | U59: 2UKA6 | V59: FE | X59: 38.51 | Z59: 0 | AA59: PR | AB59: 1 | AC59: TILLMAN | AD59: 35M | AE59: Welding Gloves,MIG,12",M,PR | AF59: Safety | AG59: Welding Gloves | AH59: Gloves and Hand Protection | AJ59: UOM Issue
A60: 51 | B60: 239 | F60: SLV HIVIS 18" KORPLEX 1 PLY YLW THMBHL | G60: AIRGAS | H60: M683142-18THY | I60: FALSE | J60: 1 | K60: 4.46 | L60: 1338 | M60: =IFERROR(IF(A60="","",K60/J60)," ") -> 4.46 | N60: =IFERROR(IF(A60="","",J60*L60)," ") -> 1338 | O60: =IFERROR(M60*N60," ") -> 5967.48 | P60: =IFERROR(IF(A60="","",O60-S60)," ") -> -10342.74 | Q60: =IFERROR(IF(A60="","",P60/O60)," ") -> -1.7331839 | R60: =IFERROR(IF(A60="","",(IF(Q60<0,"Negative",IF(Q60=0,"Same",IF(Q60>0.3,"30+%",IF(Q60>0.2,"20-30%",IF(Q60>0.1,"10-20%",IF(Q60<=0.1,"0-10%"))))))))," ") -> Negative | S60: =IFERROR(IF(A60="","",T60*N60)," ") -> 16310.22 | T60: =IFERROR(IF(A60="","",X60/AB60)," ") -> 12.19 | U60: 55LE01 | V60: FE | X60: 12.19 | Z60: 0 | AA60: EA | AB60: 1 | AC60: BDG | AD60: 99-1-315-18 | AE60: KnitSleeve,Grn,Unvrsl,Fiberglass;PE | AF60: Safety | AG60: Knit Sleeves | AH60: Arm Protection | AJ60: UOM Issue
A61: 52 | B61: 366 | F61: GLS SFTY MX300 CLR A/FG TRUESHIELD 12/BX | G61: AIRGAS | H61: PF311-13001-02 | I61: FALSE | J61: 1 | K61: 11.10 | L61: 511 | M61: =IFERROR(IF(A61="","",K61/J61)," ") -> 11.1 | N61: =IFERROR(IF(A61="","",J61*L61)," ") -> 511 | O61: =IFERROR(M61*N61," ") -> 5672.1 | P61: =IFERROR(IF(A61="","",O61-S61)," ") -> -1027.11 | Q61: =IFERROR(IF(A61="","",P61/O61)," ") -> -0.18108108 | R61: =IFERROR(IF(A61="","",(IF(Q61<0,"Negative",IF(Q61=0,"Same",IF(Q61>0.3,"30+%",IF(Q61>0.2,"20-30%",IF(Q61>0.1,"10-20%",IF(Q61<=0.1,"0-10%"))))))))," ") -> Negative | S61: =IFERROR(IF(A61="","",T61*N61)," ") -> 6699.21 | T61: =IFERROR(IF(A61="","",X61/AB61)," ") -> 13.11 | U61: 388R40 | V61: E | X61: 13.11 | Z61: 0 | AA61: EA | AB61: 1 | AC61: HEXARMOR | AD61: 11-13001-02 | AE61: SafetyGlasses,TruShld,HardCoat | AF61: Safety | AG61: Safety Glasses | AH61: Eye Protection and Accessories | AI61: TRUE | AJ61: UOM Issue
A62: 54 | B62: 180 | F62: FCSHD 9"X19"X.06" PN DRK GRN TAB | G62: AIRGAS | H62: HON4199DGN | I62: FALSE | J62: 1 | K62: 10.47 | L62: 504 | M62: =IFERROR(IF(A62="","",K62/J62)," ") -> 10.47 | N62: =IFERROR(IF(A62="","",J62*L62)," ") -> 504 | O62: =IFERROR(M62*N62," ") -> 5276.88 | P62: =IFERROR(IF(A62="","",O62-S62)," ") -> -2857.68 | Q62: =IFERROR(IF(A62="","",P62/O62)," ") -> -0.54154728 | R62: =IFERROR(IF(A62="","",(IF(Q62<0,"Negative",IF(Q62=0,"Same",IF(Q62>0.3,"30+%",IF(Q62>0.2,"20-30%",IF(Q62>0.1,"10-20%",IF(Q62<=0.1,"0-10%"))))))))," ") -> Negative | S62: =IFERROR(IF(A62="","",T62*N62)," ") -> 8134.56 | T62: =IFERROR(IF(A62="","",X62/AB62)," ") -> 16.14 | U62: 15W961 | V62: E | X62: 16.14 | Z62: 0 | AA62: EA | AB62: 1 | AC62: HONEYWELL FIBRE-METAL | AD62: 4199DGN | AE62: FaceShieldVisor,Grn,Uncoated,PC | AF62: Safety | AG62: Face Shield Replacement Visors and Lenses | AH62: Face Protection | AJ62: UOM Issue
A63: 56 | B63: 219 | F63: LCKR CYL FOR 10 VRTL CMPSD GAS | G63: AIRGAS | H63: JTR23006 | I63: FALSE | J63: 1 | K63: 1646.34 | L63: 3 | M63: =IFERROR(IF(A63="","",K63/J63)," ") -> 1646.34 | N63: =IFERROR(IF(A63="","",J63*L63)," ") -> 3 | O63: =IFERROR(M63*N63," ") -> 4939.02 | P63: =IFERROR(IF(A63="","",O63-S63)," ") -> -1005.45 | Q63: =IFERROR(IF(A63="","",P63/O63)," ") -> -0.20357277 | R63: =IFERROR(IF(A63="","",(IF(Q63<0,"Negative",IF(Q63=0,"Same",IF(Q63>0.3,"30+%",IF(Q63>0.2,"20-30%",IF(Q63>0.1,"10-20%",IF(Q63<=0.1,"0-10%"))))))))," ") -> Negative | S63: =IFERROR(IF(A63="","",T63*N63)," ") -> 5944.47 | T63: =IFERROR(IF(A63="","",X63/AB63)," ") -> 1981.49 | U63: 4HUA4 | V63: FE | X63: 1981.49 | Z63: 0 | AA63: EA | AB63: 1 | AC63: JUSTRITE | AD63: 23006 | AE63: Cylinder Storage Cabinet, Gray, Aluminum | AF63: Safety | AG63: Cylinder Storage Cabinets and Lockers | AH63: Safety Storage | AJ63: UOM Issue
A64: 57 | B64: 74 | F64: GLV FR 9.0 KVLR SHL FM NTRL PLM | G64: AIRGAS | H64: ANE80-813-9 | I64: FALSE | J64: 1 | K64: 14.65 | L64: 336 | M64: =IFERROR(IF(A64="","",K64/J64)," ") -> 14.65 | N64: =IFERROR(IF(A64="","",J64*L64)," ") -> 336 | O64: =IFERROR(M64*N64," ") -> 4922.4 | P64: =IFERROR(IF(A64="","",O64-S64)," ") -> -5493.6 | Q64: =IFERROR(IF(A64="","",P64/O64)," ") -> -1.116041 | R64: =IFERROR(IF(A64="","",(IF(Q64<0,"Negative",IF(Q64=0,"Same",IF(Q64>0.3,"30+%",IF(Q64>0.2,"20-30%",IF(Q64>0.1,"10-20%",IF(Q64<=0.1,"0-10%"))))))))," ") -> Negative | S64: =IFERROR(IF(A64="","",T64*N64)," ") -> 10416 | T64: =IFERROR(IF(A64="","",X64/AB64)," ") -> 31 | U64: 5LRF4 | V64: E | X64: 31 | Z64: 0 | AA64: PR | AB64: 1 | AC64: ACTIVARMR | AD64: 80-813 | AE64: Cut Resistant Gloves,Green/Black,Sz 9,PR | AF64: Safety | AG64: Knit Gloves and Mitts | AH64: Gloves and Hand Protection | AJ64: UOM Issue
A65: 59 | B65: 1 | F65: FLTR ADRKNG WLDG SFTY SHADES 5 8-13 | G65: AIRGAS | H65: 3MR06-0000-30I | I65: FALSE | J65: 1 | K65: 469.02 | L65: 10 | M65: =IFERROR(IF(A65="","",K65/J65)," ") -> 469.02 | N65: =IFERROR(IF(A65="","",J65*L65)," ") -> 10 | O65: =IFERROR(M65*N65," ") -> 4690.2 | P65: =IFERROR(IF(A65="","",O65-S65)," ") -> -5507.6 | Q65: =IFERROR(IF(A65="","",P65/O65)," ") -> -1.1742783 | R65: =IFERROR(IF(A65="","",(IF(Q65<0,"Negative",IF(Q65=0,"Same",IF(Q65>0.3,"30+%",IF(Q65>0.2,"20-30%",IF(Q65>0.1,"10-20%",IF(Q65<=0.1,"0-10%"))))))))," ") -> Negative | S65: =IFERROR(IF(A65="","",T65*N65)," ") -> 10197.8 | T65: =IFERROR(IF(A65="","",X65/AB65)," ") -> 1019.78 | U65: 48WL45 | V65: E | X65: 1019.78 | Z65: 0 | AA65: EA | AB65: 1 | AC65: 3M SPEEDGLAS | AD65: 06-0000-30I | AE65: Auto Darkening Filter,5, 8 to 13 | AF65: Welding | AG65: Welding Helmet Lenses and Plates | AH65: Welding Safety Equipment | AJ65: UOM Issue
A66: 60 | B66: 208 | F66: FLTR HEPA NIOSH 8 INTERACTIVE PUREFLO | G66: AIRGAS | H66: IS6PR02020SP | I66: FALSE | J66: 1 | K66: 467.55 | L66: 10 | M66: =IFERROR(IF(A66="","",K66/J66)," ") -> 467.55 | N66: =IFERROR(IF(A66="","",J66*L66)," ") -> 10 | O66: =IFERROR(M66*N66," ") -> 4675.5 | P66: =IFERROR(IF(A66="","",O66-S66)," ") -> 4638.7 | Q66: =IFERROR(IF(A66="","",P66/O66)," ") -> 0.99212918 | R66: =IFERROR(IF(A66="","",(IF(Q66<0,"Negative",IF(Q66=0,"Same",IF(Q66>0.3,"30+%",IF(Q66>0.2,"20-30%",IF(Q66>0.1,"10-20%",IF(Q66<=0.1,"0-10%"))))))))," ") -> 30+% | S66: =IFERROR(IF(A66="","",T66*N66)," ") -> 36.8 | T66: =IFERROR(IF(A66="","",X66/AB66)," ") -> 3.68 | U66: 4MH55 | V66: FE | X66: 7.36 | Z66: 0 | AA66: PK | AB66: 2 | AC66: 3M | AD66: 2071 | AE66: Filter,Blue,Bayonet,PK2 | AF66: Safety | AG66: Respirator Cartridges and Filters | AH66: Respiratory | AJ66: UOM Issue
A67: 62 | B67: 427 | F67: BRCKT ALUM FOR HDCP | G67: AIRGAS | H67: RAD64051066 | I67: FALSE | J67: 1 | K67: 7.63 | L67: 555 | M67: =IFERROR(IF(A67="","",K67/J67)," ") -> 7.63 | N67: =IFERROR(IF(A67="","",J67*L67)," ") -> 555 | O67: =IFERROR(M67*N67," ") -> 4234.65 | P67: =IFERROR(IF(A67="","",O67-S67)," ") -> -5011.65 | Q67: =IFERROR(IF(A67="","",P67/O67)," ") -> -1.1834862 | R67: =IFERROR(IF(A67="","",(IF(Q67<0,"Negative",IF(Q67=0,"Same",IF(Q67>0.3,"30+%",IF(Q67>0.2,"20-30%",IF(Q67>0.1,"10-20%",IF(Q67<=0.1,"0-10%"))))))))," ") -> Negative | S67: =IFERROR(IF(A67="","",T67*N67)," ") -> 9246.3 | T67: =IFERROR(IF(A67="","",X67/AB67)," ") -> 16.66 | U67: 4EZC8 | V67: FE | X67: 16.66 | Z67: 0 | AA67: EA | AB67: 1 | AC67: CONDOR | AD67: 4EZC8 | AE67: Face Shield Frame, Silver, Aluminum | AF67: Safety | AG67: Face Shield Brackets, Crowns and Frames | AH67: Face Protection | AJ67: UOM Issue
A68: 63 | B68: 143 | F68: LFLN NANO LOK 6' SNGL LEG SELF-RETRAC | G68: AIRGAS | H68: D623100525 | I68: FALSE | J68: 1 | K68: 260.90 | L68: 16 | M68: =IFERROR(IF(A68="","",K68/J68)," ") -> 260.9 | N68: =IFERROR(IF(A68="","",J68*L68)," ") -> 16 | O68: =IFERROR(M68*N68," ") -> 4174.4 | P68: =IFERROR(IF(A68="","",O68-S68)," ") -> -1543.84 | Q68: =IFERROR(IF(A68="","",P68/O68)," ") -> -0.36983519 | R68: =IFERROR(IF(A68="","",(IF(Q68<0,"Negative",IF(Q68=0,"Same",IF(Q68>0.3,"30+%",IF(Q68>0.2,"20-30%",IF(Q68>0.1,"10-20%",IF(Q68<=0.1,"0-10%"))))))))," ") -> Negative | S68: =IFERROR(IF(A68="","",T68*N68)," ") -> 5718.24 | T68: =IFERROR(IF(A68="","",X68/AB68)," ") -> 357.39 | U68: 806XY1 | V68: E | X68: 357.39 | Z68: 0 | AA68: EA | AB68: 1 | AC68: 3M DBI-SALA | AD68: 3100525 | AE68: PersonalSelfRetractLifeline,6 ft L,1Leg | AF68: Safety | AG68: Self-Retracting Lifelines | AH68: Fall Protection | AJ68: UOM Issue
A69: 65 | B69: 229 | F69: FRZR SQWEEZE ASRTD FLVR 3OZ | G69: AIRGAS | H69: KPG159200201 | I69: FALSE | J69: 1 | K69: 34.25 | L69: 120 | M69: =IFERROR(IF(A69="","",K69/J69)," ") -> 34.25 | N69: =IFERROR(IF(A69="","",J69*L69)," ") -> 120 | O69: =IFERROR(M69*N69," ") -> 4110 | P69: =IFERROR(IF(A69="","",O69-S69)," ") -> 4069.52 | Q69: =IFERROR(IF(A69="","",P69/O69)," ") -> 0.99015085 | R69: =IFERROR(IF(A69="","",(IF(Q69<0,"Negative",IF(Q69=0,"Same",IF(Q69>0.3,"30+%",IF(Q69>0.2,"20-30%",IF(Q69>0.1,"10-20%",IF(Q69<=0.1,"0-10%"))))))))," ") -> 30+% | S69: =IFERROR(IF(A69="","",T69*N69)," ") -> 40.48 | T69: =IFERROR(IF(A69="","",X69/AB69)," ") -> 0.33733333 | U69: 1UFK7 | V69: E | X69: 50.6 | Z69: 0 | AA69: PK | AB69: 150 | AC69: SQWINCHER | AD69: 159200201 | AE69: Freezer Pop,Assorted,PK150 | AF69: Safety | AG69: Electrolyte Freezer Pops | AH69: Portable Coolers and Beverages | AI69: TRUE | AJ69: UOM Issue
A70: 66 | B70: 390 | F70: GLV CUT RES POLYKOR X7 BLND SHL MD GRY | G70: AIRGAS | H70: PIP16-377/M | I70: FALSE | J70: 1 | K70: 14.27 | L70: 288 | M70: =IFERROR(IF(A70="","",K70/J70)," ") -> 14.27 | N70: =IFERROR(IF(A70="","",J70*L70)," ") -> 288 | O70: =IFERROR(M70*N70," ") -> 4109.76 | P70: =IFERROR(IF(A70="","",O70-S70)," ") -> -3945.12 | Q70: =IFERROR(IF(A70="","",P70/O70)," ") -> -0.95993927 | R70: =IFERROR(IF(A70="","",(IF(Q70<0,"Negative",IF(Q70=0,"Same",IF(Q70>0.3,"30+%",IF(Q70>0.2,"20-30%",IF(Q70>0.1,"10-20%",IF(Q70<=0.1,"0-10%"))))))))," ") -> Negative | S70: =IFERROR(IF(A70="","",T70*N70)," ") -> 8054.88 | T70: =IFERROR(IF(A70="","",X70/AB70)," ") -> 27.968333 | U70: 55TK82 | V70: E | X70: 335.62 | Z70: 0 | AA70: PK | AB70: 12 | AC70: PIP | AD70: 16-377/M | AE70: Cut-Resistant Gloves,M,8" L,PR,PK12 | AF70: Safety | AG70: Knit Gloves and Mitts | AH70: Gloves and Hand Protection | AJ70: UOM Issue
A71: 72 | B71: 157 | F71: MULTI-BAND OSFA FR NVY | G71: AIRGAS | H71: E5742201 | I71: FALSE | J71: 1 | K71: 19.17 | L71: 200 | M71: =IFERROR(IF(A71="","",K71/J71)," ") -> 19.17 | N71: =IFERROR(IF(A71="","",J71*L71)," ") -> 200 | O71: =IFERROR(M71*N71," ") -> 3834 | P71: =IFERROR(IF(A71="","",O71-S71)," ") -> -4114 | Q71: =IFERROR(IF(A71="","",P71/O71)," ") -> -1.0730308 | R71: =IFERROR(IF(A71="","",(IF(Q71<0,"Negative",IF(Q71=0,"Same",IF(Q71>0.3,"30+%",IF(Q71>0.2,"20-30%",IF(Q71>0.1,"10-20%",IF(Q71<=0.1,"0-10%"))))))))," ") -> Negative | S71: =IFERROR(IF(A71="","",T71*N71)," ") -> 7948 | T71: =IFERROR(IF(A71="","",X71/AB71)," ") -> 39.74 | U71: 48Z856 | V71: E | X71: 39.74 | Z71: 0 | AA71: EA | AB71: 1 | AC71: CHILL-ITS BY ERGODYNE | AD71: 6486 | AE71: Flame Resistant Neck Gaiter,Navy | AF71: Safety | AG71: Flame-Resistant and Arc Flash Neck Gaiters | AH71: Flame Resistant and Arc Flash Clothing | AJ71: UOM Issue
A72: 74 | B72: 26 | F72: ERPG UCRD HRG CNSRVTN IN PLY BG 340-4003 | G72: AIRGAS | H72: 3MR340-4003 | I72: FALSE | J72: 1 | K72: 111.56 | L72: 34 | M72: =IFERROR(IF(A72="","",K72/J72)," ") -> 111.56 | N72: =IFERROR(IF(A72="","",J72*L72)," ") -> 34 | O72: =IFERROR(M72*N72," ") -> 3793.04 | P72: =IFERROR(IF(A72="","",O72-S72)," ") -> 3744.046 | Q72: =IFERROR(IF(A72="","",P72/O72)," ") -> 0.98708318 | R72: =IFERROR(IF(A72="","",(IF(Q72<0,"Negative",IF(Q72=0,"Same",IF(Q72>0.3,"30+%",IF(Q72>0.2,"20-30%",IF(Q72>0.1,"10-20%",IF(Q72<=0.1,"0-10%"))))))))," ") -> 30+% | S72: =IFERROR(IF(A72="","",T72*N72)," ") -> 48.994 | T72: =IFERROR(IF(A72="","",X72/AB72)," ") -> 1.441 | U72: 3NHE5 | V72: FE | X72: 144.1 | Z72: 0 | AA72: PK | AB72: 100 | AC72: 3M | AD72: 340-4003 | AE72: Ear Plugs,Uncorded,Flanged,25dB,PK100 | AF72: Safety | AG72: Earplugs | AH72: Hearing Protection | AI72: TRUE | AJ72: UOM Issue
A74: 76 | B74: 128 | F74: HRNS UNIV BCK D-RNG TNG BCL LEGS VST | G74: AIRGAS | H74: D621102000 | I74: FALSE | J74: 1 | K74: 124.13 | L74: 30 | M74: =IFERROR(IF(A74="","",K74/J74)," ") -> 124.13 | N74: =IFERROR(IF(A74="","",J74*L74)," ") -> 30 | O74: =IFERROR(M74*N74," ") -> 3723.9 | P74: =IFERROR(IF(A74="","",O74-S74)," ") -> -1671.3 | Q74: =IFERROR(IF(A74="","",P74/O74)," ") -> -0.44880367 | R74: =IFERROR(IF(A74="","",(IF(Q74<0,"Negative",IF(Q74=0,"Same",IF(Q74>0.3,"30+%",IF(Q74>0.2,"20-30%",IF(Q74>0.1,"10-20%",IF(Q74<=0.1,"0-10%"))))))))," ") -> Negative | S74: =IFERROR(IF(A74="","",T74*N74)," ") -> 5395.2 | T74: =IFERROR(IF(A74="","",X74/AB74)," ") -> 179.84 | U74: 2UZH7 | V74: FE | X74: 179.84 | Z74: 0 | AA74: EA | AB74: 1 | AC74: 3M DBI-SALA | AD74: 1102000 | AE74: Full Body Harness,Delta,Universal | AF74: Safety | AG74: Fall Protection Harnesses | AH74: Fall Protection | AJ74: UOM Issue
A75: 77 | B75: 71 | F75: GLV FR 10.0 KVLR SHL FM NTRL PLM | G75: AIRGAS | H75: ANE80-813-10 | I75: FALSE | J75: 1 | K75: 14.62 | L75: 252 | M75: =IFERROR(IF(A75="","",K75/J75)," ") -> 14.62 | N75: =IFERROR(IF(A75="","",J75*L75)," ") -> 252 | O75: =IFERROR(M75*N75," ") -> 3684.24 | P75: =IFERROR(IF(A75="","",O75-S75)," ") -> -4127.76 | Q75: =IFERROR(IF(A75="","",P75/O75)," ") -> -1.120383 | R75: =IFERROR(IF(A75="","",(IF(Q75<0,"Negative",IF(Q75=0,"Same",IF(Q75>0.3,"30+%",IF(Q75>0.2,"20-30%",IF(Q75>0.1,"10-20%",IF(Q75<=0.1,"0-10%"))))))))," ") -> Negative | S75: =IFERROR(IF(A75="","",T75*N75)," ") -> 7812 | T75: =IFERROR(IF(A75="","",X75/AB75)," ") -> 31 | U75: 5LRF5 | V75: E | X75: 31 | Z75: 0 | AA75: PR | AB75: 1 | AC75: ACTIVARMR | AD75: 80-813 | AE75: Cut Resistant Gloves,Green/Blck,Sz 10,PR | AF75: Safety | AG75: Knit Gloves and Mitts | AH75: Gloves and Hand Protection | AJ75: UOM Issue
A76: 79 | B76: 11 | F76: VSR WIDE-VIEW CLR GRDG A/FG TRTD | G76: AIRGAS | H76: 3MR06-0700-54 | I76: FALSE | J76: 1 | K76: 15.05 | L76: 235 | M76: =IFERROR(IF(A76="","",K76/J76)," ") -> 15.05 | N76: =IFERROR(IF(A76="","",J76*L76)," ") -> 235 | O76: =IFERROR(M76*N76," ") -> 3536.75 | P76: =IFERROR(IF(A76="","",O76-S76)," ") -> -1906.79 | Q76: =IFERROR(IF(A76="","",P76/O76)," ") -> -0.53913621 | R76: =IFERROR(IF(A76="","",(IF(Q76<0,"Negative",IF(Q76=0,"Same",IF(Q76>0.3,"30+%",IF(Q76>0.2,"20-30%",IF(Q76>0.1,"10-20%",IF(Q76<=0.1,"0-10%"))))))))," ") -> Negative | S76: =IFERROR(IF(A76="","",T76*N76)," ") -> 5443.54 | T76: =IFERROR(IF(A76="","",X76/AB76)," ") -> 23.164 | U76: 32V203 | V76: FE | X76: 115.82 | Z76: 0 | AA76: PK | AB76: 5 | AC76: SPEEDGLAS | AD76: 06-0700-54 | AE76: Wide-View Anti-Fog Grinding Visor,PK5 | AF76: Safety | AG76: Powered Air-Purifying Respirator PAPR System Components and Accessories | AH76: Respiratory | AJ76: UOM Issue
A77: 80 | B77: 89 | F77: GLV CUT RES 15 GA ENGRD LNR LG ORG BLK | G77: AIRGAS | H77: AYI04-400MTN-L | I77: FALSE | J77: 1 | K77: 8.14 | L77: 421 | M77: =IFERROR(IF(A77="","",K77/J77)," ") -> 8.14 | N77: =IFERROR(IF(A77="","",J77*L77)," ") -> 421 | O77: =IFERROR(M77*N77," ") -> 3426.94 | P77: =IFERROR(IF(A77="","",O77-S77)," ") -> -3702.3442 | Q77: =IFERROR(IF(A77="","",P77/O77)," ") -> -1.0803645 | R77: =IFERROR(IF(A77="","",(IF(Q77<0,"Negative",IF(Q77=0,"Same",IF(Q77>0.3,"30+%",IF(Q77>0.2,"20-30%",IF(Q77>0.1,"10-20%",IF(Q77<=0.1,"0-10%"))))))))," ") -> Negative | S77: =IFERROR(IF(A77="","",T77*N77)," ") -> 7129.2842 | T77: =IFERROR(IF(A77="","",X77/AB77)," ") -> 16.934167 | U77: 379AH3 | V77: E | X77: 203.21 | Z77: 0 | AA77: PK | AB77: 12 | AC77: ARMOR GUYS | AD77: 04-400MTN-L | AE77: Cut-Resistant Glove,ANSI A4,L,PK12 | AF77: Safety | AG77: Knit Gloves and Mitts | AH77: Gloves and Hand Protection | AJ77: UOM Issue
A78: 83 | B78: 42 | F78: RESP PRTCLT P95 8271 | G78: AIRGAS | H78: 3MR8271 | I78: FALSE | J78: 1 | K78: 34.76 | L78: 96 | M78: =IFERROR(IF(A78="","",K78/J78)," ") -> 34.76 | N78: =IFERROR(IF(A78="","",J78*L78)," ") -> 96 | O78: =IFERROR(M78*N78," ") -> 3336.96 | P78: =IFERROR(IF(A78="","",O78-S78)," ") -> 2838.048 | Q78: =IFERROR(IF(A78="","",P78/O78)," ") -> 0.85048907 | R78: =IFERROR(IF(A78="","",(IF(Q78<0,"Negative",IF(Q78=0,"Same",IF(Q78>0.3,"30+%",IF(Q78>0.2,"20-30%",IF(Q78>0.1,"10-20%",IF(Q78<=0.1,"0-10%"))))))))," ") -> 30+% | S78: =IFERROR(IF(A78="","",T78*N78)," ") -> 498.912 | T78: =IFERROR(IF(A78="","",X78/AB78)," ") -> 5.197 | U78: 4JG30 | V78: E | X78: 51.97 | Z78: 0 | AA78: PK | AB78: 10 | AC78: 3M | AD78: 8271 | AE78: Disposable Respirator,Universal,P95,PK10 | AF78: Safety | AG78: Disposable Respiratory Protection | AH78: Respiratory | AI78: TRUE | AJ78: UOM Issue
A79: 84 | B79: 83 | F79: GLV 18G GRY LG BLK HCT MICRO FM NTRL PLM | G79: AIRGAS | H79: AYI00-840-L | I79: FALSE | J79: 1 | K79: 8.84 | L79: 372 | M79: =IFERROR(IF(A79="","",K79/J79)," ") -> 8.84 | N79: =IFERROR(IF(A79="","",J79*L79)," ") -> 372 | O79: =IFERROR(M79*N79," ") -> 3288.48 | P79: =IFERROR(IF(A79="","",O79-S79)," ") -> -3750.38 | Q79: =IFERROR(IF(A79="","",P79/O79)," ") -> -1.14046 | R79: =IFERROR(IF(A79="","",(IF(Q79<0,"Negative",IF(Q79=0,"Same",IF(Q79>0.3,"30+%",IF(Q79>0.2,"20-30%",IF(Q79>0.1,"10-20%",IF(Q79<=0.1,"0-10%"))))))))," ") -> Negative | S79: =IFERROR(IF(A79="","",T79*N79)," ") -> 7038.86 | T79: =IFERROR(IF(A79="","",X79/AB79)," ") -> 18.921667 | U79: 379AK7 | V79: E | X79: 227.06 | Z79: 0 | AA79: PK | AB79: 12 | AC79: ARMOR GUYS | AD79: 00-840-L | AE79: Cut-Resistant Glove,ANSI A4,L,PK12 | AF79: Safety | AG79: Knit Gloves and Mitts | AH79: Gloves and Hand Protection | AJ79: UOM Issue
A80: 86 | B80: 309 | F80: TSHT FR XL DES SND CTRL 2.0 LNG SLV | G80: AIRGAS | H80: N33C52JKSRLSXL | I80: FALSE | J80: 1 | K80: 68.77 | L80: 46 | M80: =IFERROR(IF(A80="","",K80/J80)," ") -> 68.77 | N80: =IFERROR(IF(A80="","",J80*L80)," ") -> 46 | O80: =IFERROR(M80*N80," ") -> 3163.42 | P80: =IFERROR(IF(A80="","",O80-S80)," ") -> -1246.6 | Q80: =IFERROR(IF(A80="","",P80/O80)," ") -> -0.39406718 | R80: =IFERROR(IF(A80="","",(IF(Q80<0,"Negative",IF(Q80=0,"Same",IF(Q80>0.3,"30+%",IF(Q80>0.2,"20-30%",IF(Q80>0.1,"10-20%",IF(Q80<=0.1,"0-10%"))))))))," ") -> Negative | S80: =IFERROR(IF(A80="","",T80*N80)," ") -> 4410.02 | T80: =IFERROR(IF(A80="","",X80/AB80)," ") -> 95.87 | U80: 826R71 | V80: FE | X80: 95.87 | Z80: Gray. | AA80: EA | AB80: 1 | AC80: NATIONAL SAFETY APPAREL | AD80: DF2-CM-762-PLS-RG-XL | AE80: Long sleeve base layer | AF80: Safety | AG80: Flame-Resistant and Arc Flash Shirts | AH80: Flame Resistant and Arc Flash Clothing | AJ80: UOM Issue
A81: 87 | B81: 3 | F81: >> PLA OTSD PRTN WLDG HLMT 9100 | G81: AIRGAS | H81: 3MR06-0200-51 | I81: FALSE | J81: 1 | K81: 2.87 | L81: 1100 | M81: =IFERROR(IF(A81="","",K81/J81)," ") -> 2.87 | N81: =IFERROR(IF(A81="","",J81*L81)," ") -> 1100 | O81: =IFERROR(M81*N81," ") -> 3157 | P81: =IFERROR(IF(A81="","",O81-S81)," ") -> -3434.2 | Q81: =IFERROR(IF(A81="","",P81/O81)," ") -> -1.0878049 | R81: =IFERROR(IF(A81="","",(IF(Q81<0,"Negative",IF(Q81=0,"Same",IF(Q81>0.3,"30+%",IF(Q81>0.2,"20-30%",IF(Q81>0.1,"10-20%",IF(Q81<=0.1,"0-10%"))))))))," ") -> Negative | S81: =IFERROR(IF(A81="","",T81*N81)," ") -> 6591.2 | T81: =IFERROR(IF(A81="","",X81/AB81)," ") -> 5.992 | U81: 4CWH2 | V81: E | X81: 59.92 | Z81: 0 | AA81: PK | AB81: 10 | AC81: 3M SPEEDGLAS | AD81: 06-0200-51 | AE81: Polycarbonate Plate,4 x 6",PK10 | AF81: Welding | AG81: Welding Helmet Lenses and Plates | AH81: Welding Safety Equipment | AJ81: UOM Issue
A82: 88 | B82: 146 | F82: LFLN SLF-RTRCTG 6' HOT WORK TWIN LEG | G82: AIRGAS | H82: D623100570 | I82: FALSE | J82: 1 | K82: 632.03 | L82: 5 | M82: =IFERROR(IF(A82="","",K82/J82)," ") -> 632.03 | N82: =IFERROR(IF(A82="","",J82*L82)," ") -> 5 | O82: =IFERROR(M82*N82," ") -> 3160.15 | P82: =IFERROR(IF(A82="","",O82-S82)," ") -> -1366.4 | Q82: =IFERROR(IF(A82="","",P82/O82)," ") -> -0.43238454 | R82: =IFERROR(IF(A82="","",(IF(Q82<0,"Negative",IF(Q82=0,"Same",IF(Q82>0.3,"30+%",IF(Q82>0.2,"20-30%",IF(Q82>0.1,"10-20%",IF(Q82<=0.1,"0-10%"))))))))," ") -> Negative | S82: =IFERROR(IF(A82="","",T82*N82)," ") -> 4526.55 | T82: =IFERROR(IF(A82="","",X82/AB82)," ") -> 905.31 | U82: 812P65 | V82: E | X82: 905.31 | Z82: 0 | AA82: EA | AB82: 1 | AC82: 3M DBI-SALA | AD82: 3100570 | AE82: Self-Retracting Lifeline,Snap Hook | AF82: Safety | AG82: Self-Retracting Lifelines | AH82: Fall Protection | AJ82: UOM Issue
A83: 89 | B83: 276 | F83: HDCP SKLGD WHT STAZ-ON SUSP | G83: AIRGAS | H83: MSA454618 | I83: FALSE | J83: 1 | K83: 102.62 | L83: 30 | M83: =IFERROR(IF(A83="","",K83/J83)," ") -> 102.62 | N83: =IFERROR(IF(A83="","",J83*L83)," ") -> 30 | O83: =IFERROR(M83*N83," ") -> 3078.6 | P83: =IFERROR(IF(A83="","",O83-S83)," ") -> 2616.3 | Q83: =IFERROR(IF(A83="","",P83/O83)," ") -> 0.84983434 | R83: =IFERROR(IF(A83="","",(IF(Q83<0,"Negative",IF(Q83=0,"Same",IF(Q83>0.3,"30+%",IF(Q83>0.2,"20-30%",IF(Q83>0.1,"10-20%",IF(Q83<=0.1,"0-10%"))))))))," ") -> 30+% | S83: =IFERROR(IF(A83="","",T83*N83)," ") -> 462.3 | T83: =IFERROR(IF(A83="","",X83/AB83)," ") -> 15.41 | U83: 4LN94 | V83: FE | X83: 15.41 | Z83: 0 | AA83: EA | AB83: 1 | AC83: MSA | AD83: 463942 | AE83: Hard Hat,Type 1, Class E,Pinlock,White | AF83: Safety | AG83: Hard Hats | AH83: Head Protection | AJ83: UOM Issue
A84: 90 | B84: 181 | F84: FCSHD 9"X19"X.06" PN IR5 TAB MNT & CAM | G84: AIRGAS | H84: HON4199IRUV5 | I84: FALSE | J84: 1 | K84: 21.77 | L84: 140 | M84: =IFERROR(IF(A84="","",K84/J84)," ") -> 21.77 | N84: =IFERROR(IF(A84="","",J84*L84)," ") -> 140 | O84: =IFERROR(M84*N84," ") -> 3047.8 | P84: =IFERROR(IF(A84="","",O84-S84)," ") -> -1583.4 | Q84: =IFERROR(IF(A84="","",P84/O84)," ") -> -0.51952228 | R84: =IFERROR(IF(A84="","",(IF(Q84<0,"Negative",IF(Q84=0,"Same",IF(Q84>0.3,"30+%",IF(Q84>0.2,"20-30%",IF(Q84>0.1,"10-20%",IF(Q84<=0.1,"0-10%"))))))))," ") -> Negative | S84: =IFERROR(IF(A84="","",T84*N84)," ") -> 4631.2 | T84: =IFERROR(IF(A84="","",X84/AB84)," ") -> 33.08 | U84: 2KFZ5 | V84: E | X84: 33.08 | Z84: 0 | AA84: EA | AB84: 1 | AC84: HONEYWELL FIBRE-METAL | AD84: 4199IRUV5 | AE84: FaceShieldVisor,Grn,Uncoated,PC | AF84: Safety | AG84: Face Shield Replacement Visors and Lenses | AH84: Face Protection | AJ84: UOM Issue
A85: 94 | B85: 123 | F85: GLV WLDG DMSTC SPLT LTHR 15OZ AR | G85: AIRGAS | H85: CB2901ALUM | I85: FALSE | J85: 1 | K85: 49.57 | L85: 60 | M85: =IFERROR(IF(A85="","",K85/J85)," ") -> 49.57 | N85: =IFERROR(IF(A85="","",J85*L85)," ") -> 60 | O85: =IFERROR(M85*N85," ") -> 2974.2 | P85: =IFERROR(IF(A85="","",O85-S85)," ") -> -4194 | Q85: =IFERROR(IF(A85="","",P85/O85)," ") -> -1.4101271 | R85: =IFERROR(IF(A85="","",(IF(Q85<0,"Negative",IF(Q85=0,"Same",IF(Q85>0.3,"30+%",IF(Q85>0.2,"20-30%",IF(Q85>0.1,"10-20%",IF(Q85<=0.1,"0-10%"))))))))," ") -> Negative | S85: =IFERROR(IF(A85="","",T85*N85)," ") -> 7168.2 | T85: =IFERROR(IF(A85="","",X85/AB85)," ") -> 119.47 | U85: 56XM44 | V85: FE | X85: 119.47 | Z85: 0 | AA85: PR | AB85: 1 | AC85: NATIONAL SAFETY APPAREL | AD85: DJXGSP382 | AE85: Aluminized Gloves,285F,13",PR | AF85: Safety | AG85: Aluminized Gloves | AH85: Gloves and Hand Protection | AJ85: UOM Issue
A86: 95 | B86: 479 | F86: GLV WLDG SPLT CWHD CSHN COR LND XL | G86: AIRGAS | H86: REV320XL | I86: FALSE | J86: 1 | K86: 12.26 | L86: 240 | M86: =IFERROR(IF(A86="","",K86/J86)," ") -> 12.26 | N86: =IFERROR(IF(A86="","",J86*L86)," ") -> 240 | O86: =IFERROR(M86*N86," ") -> 2942.4 | P86: =IFERROR(IF(A86="","",O86-S86)," ") -> -2858.6 | Q86: =IFERROR(IF(A86="","",P86/O86)," ") -> -0.97151985 | R86: =IFERROR(IF(A86="","",(IF(Q86<0,"Negative",IF(Q86=0,"Same",IF(Q86>0.3,"30+%",IF(Q86>0.2,"20-30%",IF(Q86>0.1,"10-20%",IF(Q86<=0.1,"0-10%"))))))))," ") -> Negative | S86: =IFERROR(IF(A86="","",T86*N86)," ") -> 5801 | T86: =IFERROR(IF(A86="","",X86/AB86)," ") -> 24.170833 | U86: 26K813 | V86: FE | X86: 290.05 | Z86: 0 | AA86: PK | AB86: 12 | AC86: MCR SAFETY | AD86: 4730 | AE86: Welding Gloves,Stick,XL/10,PK12 | AF86: Safety | AG86: Welding Gloves | AH86: Gloves and Hand Protection | AJ86: UOM Issue
A87: 96 | B87: 90 | F87: GLV CUT RES 15 GA ENGRD LNR MD ORG BLK | G87: AIRGAS | H87: AYI04-400MTN-M | I87: FALSE | J87: 1 | K87: 8.17 | L87: 358 | M87: =IFERROR(IF(A87="","",K87/J87)," ") -> 8.17 | N87: =IFERROR(IF(A87="","",J87*L87)," ") -> 358 | O87: =IFERROR(M87*N87," ") -> 2924.86 | P87: =IFERROR(IF(A87="","",O87-S87)," ") -> -3137.5717 | Q87: =IFERROR(IF(A87="","",P87/O87)," ") -> -1.0727254 | R87: =IFERROR(IF(A87="","",(IF(Q87<0,"Negative",IF(Q87=0,"Same",IF(Q87>0.3,"30+%",IF(Q87>0.2,"20-30%",IF(Q87>0.1,"10-20%",IF(Q87<=0.1,"0-10%"))))))))," ") -> Negative | S87: =IFERROR(IF(A87="","",T87*N87)," ") -> 6062.4317 | T87: =IFERROR(IF(A87="","",X87/AB87)," ") -> 16.934167 | U87: 379AH2 | V87: E | X87: 203.21 | Z87: 0 | AA87: PK | AB87: 12 | AC87: ARMOR GUYS | AD87: 04-400MTN-M | AE87: Cut-Resistant Glove,ANSI A4,M,PK12 | AF87: Safety | AG87: Knit Gloves and Mitts | AH87: Gloves and Hand Protection | AJ87: UOM Issue
A88: 98 | B88: 238 | F88: SLV HIVIS 14" KORPLEX 1 PLY YLW THMBHL | G88: AIRGAS | H88: M683142-14THY | I88: FALSE | J88: 1 | K88: 4.01 | L88: 722 | M88: =IFERROR(IF(A88="","",K88/J88)," ") -> 4.01 | N88: =IFERROR(IF(A88="","",J88*L88)," ") -> 722 | O88: =IFERROR(M88*N88," ") -> 2895.22 | P88: =IFERROR(IF(A88="","",O88-S88)," ") -> -4801.3 | Q88: =IFERROR(IF(A88="","",P88/O88)," ") -> -1.6583541 | R88: =IFERROR(IF(A88="","",(IF(Q88<0,"Negative",IF(Q88=0,"Same",IF(Q88>0.3,"30+%",IF(Q88>0.2,"20-30%",IF(Q88>0.1,"10-20%",IF(Q88<=0.1,"0-10%"))))))))," ") -> Negative | S88: =IFERROR(IF(A88="","",T88*N88)," ") -> 7696.52 | T88: =IFERROR(IF(A88="","",X88/AB88)," ") -> 10.66 | U88: 55LD98 | V88: FE | X88: 10.66 | Z88: 0 | AA88: EA | AB88: 1 | AC88: BDG | AD88: 99-1-315-14 | AE88: KnitSleeve,Grn,Unvrsl,Fiberglass;PE | AF88: Safety | AG88: Knit Sleeves | AH88: Arm Protection | AJ88: UOM Issue
A89: 100 | B89: 368 | F89: GLS SFTY MX300 GRY TRUSHIELD 12/CA | G89: AIRGAS | H89: PF311-13003-02 | I89: FALSE | J89: 1 | K89: 12.13 | L89: 237 | M89: =IFERROR(IF(A89="","",K89/J89)," ") -> 12.13 | N89: =IFERROR(IF(A89="","",J89*L89)," ") -> 237 | O89: =IFERROR(M89*N89," ") -> 2874.81 | P89: =IFERROR(IF(A89="","",O89-S89)," ") -> -2104.56 | Q89: =IFERROR(IF(A89="","",P89/O89)," ") -> -0.73206925 | R89: =IFERROR(IF(A89="","",(IF(Q89<0,"Negative",IF(Q89=0,"Same",IF(Q89>0.3,"30+%",IF(Q89>0.2,"20-30%",IF(Q89>0.1,"10-20%",IF(Q89<=0.1,"0-10%"))))))))," ") -> Negative | S89: =IFERROR(IF(A89="","",T89*N89)," ") -> 4979.37 | T89: =IFERROR(IF(A89="","",X89/AB89)," ") -> 21.01 | U89: 623L75 | V89: E | X89: 21.01 | Z89: 0 | AA89: EA | AB89: 1 | AC89: HEXARMOR | AD89: 11-13003-02 | AE89: SafetyGlasses,Gry23%,TruShield | AF89: Safety | AG89: Safety Glasses | AH89: Eye Protection and Accessories | AJ89: UOM Issue
A90: 101 | B90: 28 | F90: [AD] ERPG CRDD HRG CNSRVTN IN ECONOPACK | G90: AIRGAS | H90: 3MR340-4014 | I90: FALSE | J90: 1 | K90: 253.26 | L90: 11 | M90: =IFERROR(IF(A90="","",K90/J90)," ") -> 253.26 | N90: =IFERROR(IF(A90="","",J90*L90)," ") -> 11 | O90: =IFERROR(M90*N90," ") -> 2785.86 | P90: =IFERROR(IF(A90="","",O90-S90)," ") -> 2766.28 | Q90: =IFERROR(IF(A90="","",P90/O90)," ") -> 0.99297165 | R90: =IFERROR(IF(A90="","",(IF(Q90<0,"Negative",IF(Q90=0,"Same",IF(Q90>0.3,"30+%",IF(Q90>0.2,"20-30%",IF(Q90>0.1,"10-20%",IF(Q90<=0.1,"0-10%"))))))))," ") -> 30+% | S90: =IFERROR(IF(A90="","",T90*N90)," ") -> 19.58 | T90: =IFERROR(IF(A90="","",X90/AB90)," ") -> 1.78 | U90: 4T151 | V90: FE | X90: 1.78 | Z90: 0 | AA90: PR | AB90: 1 | AC90: 3M | AD90: 340-4004 | AE90: Ear Plugs,Corded,Flanged,25dB,PR | AF90: Safety | AG90: Earplugs | AH90: Hearing Protection | AI90: TRUE | AJ90: UOM Issue
A91: 105 | B91: 264 | F91: RESP DSPBL MD / LG AIRWAVE P100 5/BX | G91: AIRGAS | H91: MOL4400 | I91: FALSE | J91: 1 | K91: 304.92 | L91: 9 | M91: =IFERROR(IF(A91="","",K91/J91)," ") -> 304.92 | N91: =IFERROR(IF(A91="","",J91*L91)," ") -> 9 | O91: =IFERROR(M91*N91," ") -> 2744.28 | P91: =IFERROR(IF(A91="","",O91-S91)," ") -> 2705.364 | Q91: =IFERROR(IF(A91="","",P91/O91)," ") -> 0.98581923 | R91: =IFERROR(IF(A91="","",(IF(Q91<0,"Negative",IF(Q91=0,"Same",IF(Q91>0.3,"30+%",IF(Q91>0.2,"20-30%",IF(Q91>0.1,"10-20%",IF(Q91<=0.1,"0-10%"))))))))," ") -> 30+% | S91: =IFERROR(IF(A91="","",T91*N91)," ") -> 38.916 | T91: =IFERROR(IF(A91="","",X91/AB91)," ") -> 4.324 | U91: 40M364 | V91: E | X91: 43.24 | Z91: 0 | AA91: PK | AB91: 10 | AC91: MOLDEX | AD91: 4600 | AE91: Disposable Respirator,M/L,N95,PK10 | AF91: Safety | AG91: Disposable Respiratory Protection | AH91: Respiratory | AJ91: UOM Issue
A92: 107 | B92: 442 | F92: [AD] CVRL PRO-2 PPYL SRGD SEAMS 4X WHT D | G92: AIRGAS | H92: RAD64053274 | I92: FALSE | J92: 1 | K92: 4.58 | L92: 575 | M92: =IFERROR(IF(A92="","",K92/J92)," ") -> 4.58 | N92: =IFERROR(IF(A92="","",J92*L92)," ") -> 575 | O92: =IFERROR(M92*N92," ") -> 2633.5 | P92: =IFERROR(IF(A92="","",O92-S92)," ") -> -31203.333 | Q92: =IFERROR(IF(A92="","",P92/O92)," ") -> -11.848617 | R92: =IFERROR(IF(A92="","",(IF(Q92<0,"Negative",IF(Q92=0,"Same",IF(Q92>0.3,"30+%",IF(Q92>0.2,"20-30%",IF(Q92>0.1,"10-20%",IF(Q92<=0.1,"0-10%"))))))))," ") -> Negative | S92: =IFERROR(IF(A92="","",T92*N92)," ") -> 33836.833 | T92: =IFERROR(IF(A92="","",X92/AB92)," ") -> 58.846667 | U92: 4LUH5 | V92: FE | X92: 353.08 | Z92: 0 | AA92: PK | AB92: 6 | AC92: DUPONT | AD92: SL127TWHMD000600 | AE92: Hooded Coveralls,M,Wht,Tychem 4000,PK6 | AF92: Safety | AG92: Chemical and Particulate Protective Coveralls | AH92: Chemical and Particulate Protective Clothing | AJ92: UOM Issue
A93: 109 | B93: 94 | F93: GLV GP GRIP 376 FM NTRL LG BLK/BLU 13 GA | G93: AIRGAS | H93: B13376L-08 | I93: FALSE | J93: 1 | K93: 4.20 | L93: 624 | M93: =IFERROR(IF(A93="","",K93/J93)," ") -> 4.2 | N93: =IFERROR(IF(A93="","",J93*L93)," ") -> 624 | O93: =IFERROR(M93*N93," ") -> 2620.8 | P93: =IFERROR(IF(A93="","",O93-S93)," ") -> -2545.92 | Q93: =IFERROR(IF(A93="","",P93/O93)," ") -> -0.97142857 | R93: =IFERROR(IF(A93="","",(IF(Q93<0,"Negative",IF(Q93=0,"Same",IF(Q93>0.3,"30+%",IF(Q93>0.2,"20-30%",IF(Q93>0.1,"10-20%",IF(Q93<=0.1,"0-10%"))))))))," ") -> Negative | S93: =IFERROR(IF(A93="","",T93*N93)," ") -> 5166.72 | T93: =IFERROR(IF(A93="","",X93/AB93)," ") -> 8.28 | U93: 18F251 | V93: E | X93: 8.28 | Z93: 0 | AA93: PR | AB93: 1 | AC93: SHOWA | AD93: 376L-08 | AE93: Coated Gloves,Black/Blue,L,PR | AF93: Safety | AG93: Knit Gloves and Mitts | AH93: Gloves and Hand Protection | AI93: TRUE | AJ93: UOM Issue
A94: 112 | B94: 440 | F94: [AD] CVRL PRO-2 PPYL SRGD SEAMS 2X WHT D | G94: AIRGAS | H94: RAD64053272 | I94: FALSE | J94: 1 | K94: 3.90 | L94: 650 | M94: =IFERROR(IF(A94="","",K94/J94)," ") -> 3.9 | N94: =IFERROR(IF(A94="","",J94*L94)," ") -> 650 | O94: =IFERROR(M94*N94," ") -> 2535 | P94: =IFERROR(IF(A94="","",O94-S94)," ") -> -24364.708 | Q94: =IFERROR(IF(A94="","",P94/O94)," ") -> -9.6113248 | R94: =IFERROR(IF(A94="","",(IF(Q94<0,"Negative",IF(Q94=0,"Same",IF(Q94>0.3,"30+%",IF(Q94>0.2,"20-30%",IF(Q94>0.1,"10-20%",IF(Q94<=0.1,"0-10%"))))))))," ") -> Negative | S94: =IFERROR(IF(A94="","",T94*N94)," ") -> 26899.708 | T94: =IFERROR(IF(A94="","",X94/AB94)," ") -> 41.384167 | U94: 4LUJ5 | V94: FE | X94: 496.61 | Z94: 0 | AA94: PK | AB94: 12 | AC94: DUPONT | AD94: SL122BWH2X001200 | AE94: Coveralls,2XL,Wht,Tychem 4000,PK12 | AF94: Safety | AG94: Chemical and Particulate Protective Coveralls | AH94: Chemical and Particulate Protective Clothing | AJ94: UOM Issue
A95: 114 | B95: 367 | F95: GLS SFTY MX300 AMB TRUSHIELD 12/CA | G95: AIRGAS | H95: PF311-13002-02 | I95: FALSE | J95: 1 | K95: 12.66 | L95: 195 | M95: =IFERROR(IF(A95="","",K95/J95)," ") -> 12.66 | N95: =IFERROR(IF(A95="","",J95*L95)," ") -> 195 | O95: =IFERROR(M95*N95," ") -> 2468.7 | P95: =IFERROR(IF(A95="","",O95-S95)," ") -> -1758.9 | Q95: =IFERROR(IF(A95="","",P95/O95)," ") -> -0.71248025 | R95: =IFERROR(IF(A95="","",(IF(Q95<0,"Negative",IF(Q95=0,"Same",IF(Q95>0.3,"30+%",IF(Q95>0.2,"20-30%",IF(Q95>0.1,"10-20%",IF(Q95<=0.1,"0-10%"))))))))," ") -> Negative | S95: =IFERROR(IF(A95="","",T95*N95)," ") -> 4227.6 | T95: =IFERROR(IF(A95="","",X95/AB95)," ") -> 21.68 | U95: 623L74 | V95: FE | X95: 21.68 | Z95: 0 | AA95: EA | AB95: 1 | AC95: HEXARMOR | AD95: 11-13002-02 | AE95: SafetyGlasses,TruShield,Chrcl/HiVisYlw | AF95: Safety | AG95: Safety Glasses | AH95: Eye Protection and Accessories | AJ95: UOM Issue
A96: 116 | B96: 384 | F96: \\ ELTRCL SFTY KT CL 0 SZ 10 CNTN | G96: AIRGAS | H96: PIP150-SK-0-10 | I96: FALSE | J96: 1 | K96: 95.25 | L96: 25 | M96: =IFERROR(IF(A96="","",K96/J96)," ") -> 95.25 | N96: =IFERROR(IF(A96="","",J96*L96)," ") -> 25 | O96: =IFERROR(M96*N96," ") -> 2381.25 | P96: =IFERROR(IF(A96="","",O96-S96)," ") -> -1322.25 | Q96: =IFERROR(IF(A96="","",P96/O96)," ") -> -0.55527559 | R96: =IFERROR(IF(A96="","",(IF(Q96<0,"Negative",IF(Q96=0,"Same",IF(Q96>0.3,"30+%",IF(Q96>0.2,"20-30%",IF(Q96>0.1,"10-20%",IF(Q96<=0.1,"0-10%"))))))))," ") -> Negative | S96: =IFERROR(IF(A96="","",T96*N96)," ") -> 3703.5 | T96: =IFERROR(IF(A96="","",X96/AB96)," ") -> 148.14 | U96: 3RMY6 | V96: E | X96: 148.14 | Z96: 0 | AA96: PR | AB96: 1 | AC96: SALISBURY | AD96: GK011B/9 | AE96: ElectricalInsulatingGloveKit,Sz9,Blk,PR | AF96: Safety | AG96: Electrical-Insulating Glove Kits | AH96: Gloves and Hand Protection | AJ96: UOM Issue
A97: 121 | B97: 84 | F97: GLV 18G GRY MD BLK HCT MICRO FM NTRL PLM | G97: AIRGAS | H97: AYI00-840-M | I97: FALSE | J97: 1 | K97: 8.86 | L97: 264 | M97: =IFERROR(IF(A97="","",K97/J97)," ") -> 8.86 | N97: =IFERROR(IF(A97="","",J97*L97)," ") -> 264 | O97: =IFERROR(M97*N97," ") -> 2339.04 | P97: =IFERROR(IF(A97="","",O97-S97)," ") -> -2353.78 | Q97: =IFERROR(IF(A97="","",P97/O97)," ") -> -1.0063017 | R97: =IFERROR(IF(A97="","",(IF(Q97<0,"Negative",IF(Q97=0,"Same",IF(Q97>0.3,"30+%",IF(Q97>0.2,"20-30%",IF(Q97>0.1,"10-20%",IF(Q97<=0.1,"0-10%"))))))))," ") -> Negative | S97: =IFERROR(IF(A97="","",T97*N97)," ") -> 4692.82 | T97: =IFERROR(IF(A97="","",X97/AB97)," ") -> 17.775833 | U97: 379AK6 | V97: E | X97: 213.31 | Z97: 0 | AA97: PK | AB97: 12 | AC97: ARMOR GUYS | AD97: 00-840-M | AE97: Cut-Resistant Glove,ANSI A4,M,PK12 | AF97: Safety | AG97: Knit Gloves and Mitts | AH97: Gloves and Hand Protection | AJ97: UOM Issue
A98: 122 | B98: 387 | F98: \\ ELTRCL SFTY KT CL 0 SZ 9 CNTN | G98: AIRGAS | H98: PIP150-SK-0-9 | I98: FALSE | J98: 1 | K98: 94.88 | L98: 24 | M98: =IFERROR(IF(A98="","",K98/J98)," ") -> 94.88 | N98: =IFERROR(IF(A98="","",J98*L98)," ") -> 24 | O98: =IFERROR(M98*N98," ") -> 2277.12 | P98: =IFERROR(IF(A98="","",O98-S98)," ") -> -1278.24 | Q98: =IFERROR(IF(A98="","",P98/O98)," ") -> -0.56134064 | R98: =IFERROR(IF(A98="","",(IF(Q98<0,"Negative",IF(Q98=0,"Same",IF(Q98>0.3,"30+%",IF(Q98>0.2,"20-30%",IF(Q98>0.1,"10-20%",IF(Q98<=0.1,"0-10%"))))))))," ") -> Negative | S98: =IFERROR(IF(A98="","",T98*N98)," ") -> 3555.36 | T98: =IFERROR(IF(A98="","",X98/AB98)," ") -> 148.14 | U98: 3RMY6 | V98: E | X98: 148.14 | Z98: 0 | AA98: PR | AB98: 1 | AC98: SALISBURY | AD98: GK011B/9 | AE98: ElectricalInsulatingGloveKit,Sz9,Blk,PR | AF98: Safety | AG98: Electrical-Insulating Glove Kits | AH98: Gloves and Hand Protection | AJ98: UOM Issue
A99: 123 | B99: 441 | F99: [AD] CVRL PRO-2 PPYL SRGD SEAMS 3X WHT D | G99: AIRGAS | H99: RAD64053273 | I99: FALSE | J99: 1 | K99: 4.32 | L99: 525 | M99: =IFERROR(IF(A99="","",K99/J99)," ") -> 4.32 | N99: =IFERROR(IF(A99="","",J99*L99)," ") -> 525 | O99: =IFERROR(M99*N99," ") -> 2268 | P99: =IFERROR(IF(A99="","",O99-S99)," ") -> -28626.5 | Q99: =IFERROR(IF(A99="","",P99/O99)," ") -> -12.621914 | R99: =IFERROR(IF(A99="","",(IF(Q99<0,"Negative",IF(Q99=0,"Same",IF(Q99>0.3,"30+%",IF(Q99>0.2,"20-30%",IF(Q99>0.1,"10-20%",IF(Q99<=0.1,"0-10%"))))))))," ") -> Negative | S99: =IFERROR(IF(A99="","",T99*N99)," ") -> 30894.5 | T99: =IFERROR(IF(A99="","",X99/AB99)," ") -> 58.846667 | U99: 4LUH5 | V99: FE | X99: 353.08 | Z99: 0 | AA99: PK | AB99: 6 | AC99: DUPONT | AD99: SL127TWHMD000600 | AE99: Hooded Coveralls,M,Wht,Tychem 4000,PK6 | AF99: Safety | AG99: Chemical and Particulate Protective Coveralls | AH99: Chemical and Particulate Protective Clothing | AJ99: UOM Issue
A100: 124 | B100: 144 | F100: LFLNE SLF RTRCTG 6' PERSL TWIN-LEG | G100: AIRGAS | H100: D623100546 | I100: FALSE | J100: 1 | K100: 374.54 | L100: 6 | M100: =IFERROR(IF(A100="","",K100/J100)," ") -> 374.54 | N100: =IFERROR(IF(A100="","",J100*L100)," ") -> 6 | O100: =IFERROR(M100*N100," ") -> 2247.24 | P100: =IFERROR(IF(A100="","",O100-S100)," ") -> -1063.08 | Q100: =IFERROR(IF(A100="","",P100/O100)," ") -> -0.47306029 | R100: =IFERROR(IF(A100="","",(IF(Q100<0,"Negative",IF(Q100=0,"Same",IF(Q100>0.3,"30+%",IF(Q100>0.2,"20-30%",IF(Q100>0.1,"10-20%",IF(Q100<=0.1,"0-10%"))))))))," ") -> Negative | S100: =IFERROR(IF(A100="","",T100*N100)," ") -> 3310.32 | T100: =IFERROR(IF(A100="","",X100/AB100)," ") -> 551.72 | U100: 806XZ5 | V100: E | X100: 551.72 | Z100: 0 | AA100: EA | AB100: 1 | AC100: 3M DBI-SALA | AD100: 3100546 | AE100: PersonalSelfRetractLifeline,6 ft L,2Legs | AF100: Safety | AG100: Self-Retracting Lifelines | AH100: Fall Protection | AJ100: UOM Issue
A101: 130 | B101: 95 | F101: GLV GP GRIP 376 FM NTRL MD BLK/BLU 13 GA | G101: AIRGAS | H101: B13376M-07 | I101: FALSE | J101: 1 | K101: 4.24 | L101: 480 | M101: =IFERROR(IF(A101="","",K101/J101)," ") -> 4.24 | N101: =IFERROR(IF(A101="","",J101*L101)," ") -> 480 | O101: =IFERROR(M101*N101," ") -> 2035.2 | P101: =IFERROR(IF(A101="","",O101-S101)," ") -> -1939.2 | Q101: =IFERROR(IF(A101="","",P101/O101)," ") -> -0.95283019 | R101: =IFERROR(IF(A101="","",(IF(Q101<0,"Negative",IF(Q101=0,"Same",IF(Q101>0.3,"30+%",IF(Q101>0.2,"20-30%",IF(Q101>0.1,"10-20%",IF(Q101<=0.1,"0-10%"))))))))," ") -> Negative | S101: =IFERROR(IF(A101="","",T101*N101)," ") -> 3974.4 | T101: =IFERROR(IF(A101="","",X101/AB101)," ") -> 8.28 | U101: 18F250 | V101: E | X101: 8.28 | Z101: 0 | AA101: PR | AB101: 1 | AC101: SHOWA | AD101: 376M-07 | AE101: Coated Gloves,Black/Blue,M,PR | AF101: Safety | AG101: Knit Gloves and Mitts | AH101: Gloves and Hand Protection | AI101: TRUE | AJ101: UOM Issue
A102: 131 | B102: 310 | F102: GAITER NCK FR DES SND 1 LYR | G102: AIRGAS | H102: N33DF2-762SNG-DS | I102: FALSE | J102: 1 | K102: 16.21 | L102: 125 | M102: =IFERROR(IF(A102="","",K102/J102)," ") -> 16.21 | N102: =IFERROR(IF(A102="","",J102*L102)," ") -> 125 | O102: =IFERROR(M102*N102," ") -> 2026.25 | P102: =IFERROR(IF(A102="","",O102-S102)," ") -> -5090 | Q102: =IFERROR(IF(A102="","",P102/O102)," ") -> -2.5120296 | R102: =IFERROR(IF(A102="","",(IF(Q102<0,"Negative",IF(Q102=0,"Same",IF(Q102>0.3,"30+%",IF(Q102>0.2,"20-30%",IF(Q102>0.1,"10-20%",IF(Q102<=0.1,"0-10%"))))))))," ") -> Negative | S102: =IFERROR(IF(A102="","",T102*N102)," ") -> 7116.25 | T102: =IFERROR(IF(A102="","",X102/AB102)," ") -> 56.93 | U102: 60TR23 | V102: FE | X102: 56.93 | Z102: 0 | AA102: EA | AB102: 1 | AC102: ERGODYNE | AD102: 6962 | AE102: FR Neck Gaiter | AF102: Safety | AG102: Flame-Resistant and Arc Flash Neck Gaiters | AH102: Flame Resistant and Arc Flash Clothing | AJ102: UOM Issue
A103: 132 | B103: 483 | F103: GLV SZ SM WLDG CWHD BCK PRM MIG GN | G103: AIRGAS | H103: REVBM88-SM | I103: FALSE | J103: 1 | K103: 17.88 | L103: 112 | M103: =IFERROR(IF(A103="","",K103/J103)," ") -> 17.88 | N103: =IFERROR(IF(A103="","",J103*L103)," ") -> 112 | O103: =IFERROR(M103*N103," ") -> 2002.56 | P103: =IFERROR(IF(A103="","",O103-S103)," ") -> -1311.52 | Q103: =IFERROR(IF(A103="","",P103/O103)," ") -> -0.6549217 | R103: =IFERROR(IF(A103="","",(IF(Q103<0,"Negative",IF(Q103=0,"Same",IF(Q103>0.3,"30+%",IF(Q103>0.2,"20-30%",IF(Q103>0.1,"10-20%",IF(Q103<=0.1,"0-10%"))))))))," ") -> Negative | S103: =IFERROR(IF(A103="","",T103*N103)," ") -> 3314.08 | T103: =IFERROR(IF(A103="","",X103/AB103)," ") -> 29.59 | U103: 62XV01 | V103: FE | X103: 29.59 | Z103: 0 | AA103: PR | AB103: 1 | AC103: STEINER | AD103: 0216-S | AE103: Welding Gloves,S/7,PR | AF103: Safety | AG103: Welding Gloves | AH103: Gloves and Hand Protection | AJ103: UOM Issue
A104: 133 | B104: 206 | F104: TP BARICD 3"X500' YLW CAUT RFRCD GRDE | G104: AIRGAS | H104: ICMREBT2058 | I104: FALSE | J104: 1 | K104: 20.78 | L104: 96 | M104: =IFERROR(IF(A104="","",K104/J104)," ") -> 20.78 | N104: =IFERROR(IF(A104="","",J104*L104)," ") -> 96 | O104: =IFERROR(M104*N104," ") -> 1994.88 | P104: =IFERROR(IF(A104="","",O104-S104)," ") -> -2006.4 | Q104: =IFERROR(IF(A104="","",P104/O104)," ") -> -1.0057748 | R104: =IFERROR(IF(A104="","",(IF(Q104<0,"Negative",IF(Q104=0,"Same",IF(Q104>0.3,"30+%",IF(Q104>0.2,"20-30%",IF(Q104>0.1,"10-20%",IF(Q104<=0.1,"0-10%"))))))))," ") -> Negative | S104: =IFERROR(IF(A104="","",T104*N104)," ") -> 4001.28 | T104: =IFERROR(IF(A104="","",X104/AB104)," ") -> 41.68 | U104: 8RLR9 | V104: FE | X104: 41.68 | Z104: 0 | AA104: EA | AB104: 1 | AC104: APPROVED VENDOR | AD104: B3104Y16-200 | AE104: Barricade Tape, Yellow, 1,000 ft L, 3 in | AF104: Security | AG104: Barrier, Flagging and Underground Marking Tapes | AH104: Access Barriers and Crowd Control | AJ104: UOM Issue
A105: 135 | B105: 464 | F105: GLV LTHR LG SLCT W/RBZ SFTY CFF FUL LTHR | G105: AIRGAS | H105: RAD64057525 | I105: FALSE | J105: 1 | K105: 2.75 | L105: 720 | M105: =IFERROR(IF(A105="","",K105/J105)," ") -> 2.75 | N105: =IFERROR(IF(A105="","",J105*L105)," ") -> 720 | O105: =IFERROR(M105*N105," ") -> 1980 | P105: =IFERROR(IF(A105="","",O105-S105)," ") -> 0 | Q105: =IFERROR(IF(A105="","",P105/O105)," ") -> 0 | R105: =IFERROR(IF(A105="","",(IF(Q105<0,"Negative",IF(Q105=0,"Same",IF(Q105>0.3,"30+%",IF(Q105>0.2,"20-30%",IF(Q105>0.1,"10-20%",IF(Q105<=0.1,"0-10%"))))))))," ") -> Same | S105: =IFERROR(IF(A105="","",T105*N105)," ") -> 1980 | T105: =IFERROR(IF(A105="","",X105/AB105)," ") -> 2.75 | U105: 2AP24 | V105: FE | X105: 2.75 | Z105: 0 | AA105: PR | AB105: 1 | AC105: CONDOR | AD105: 2AP24 | AE105: Leather Gloves,Gray,L,PR | AF105: Safety | AG105: Leather Gloves and Mitts | AH105: Gloves and Hand Protection | AJ105: UOM Issue
A106: 137 | B106: 41 | F106: WNDW FCSHD TTL PRFRMN GLD-CTD PLYCRB CLR | G106: AIRGAS | H106: 3MR82602-00000 | I106: FALSE | J106: 1 | K106: 980.54 | L106: 2 | M106: =IFERROR(IF(A106="","",K106/J106)," ") -> 980.54 | N106: =IFERROR(IF(A106="","",J106*L106)," ") -> 2 | O106: =IFERROR(M106*N106," ") -> 1961.08 | P106: =IFERROR(IF(A106="","",O106-S106)," ") -> 1576.82 | Q106: =IFERROR(IF(A106="","",P106/O106)," ") -> 0.80405695 | R106: =IFERROR(IF(A106="","",(IF(Q106<0,"Negative",IF(Q106=0,"Same",IF(Q106>0.3,"30+%",IF(Q106>0.2,"20-30%",IF(Q106>0.1,"10-20%",IF(Q106<=0.1,"0-10%"))))))))," ") -> 30+% | S106: =IFERROR(IF(A106="","",T106*N106)," ") -> 384.26 | T106: =IFERROR(IF(A106="","",X106/AB106)," ") -> 192.13 | U106: 2ELX5 | V106: FE | X106: 192.13 | Z106: 0 | AA106: EA | AB106: 1 | AC106: 3M | AD106: 82602-00000 | AE106: Face Shield Visor, Clear, Polycarbonate | AF106: Safety | AG106: Face Shield Replacement Visors and Lenses | AH106: Face Protection | AJ106: UOM Issue
A107: 138 | B107: 513 | F107: BAT PX5 | G107: AIRGAS | H107: RPB03-855 | I107: FALSE | J107: 1 | K107: 214.71 | L107: 9 | M107: =IFERROR(IF(A107="","",K107/J107)," ") -> 214.71 | N107: =IFERROR(IF(A107="","",J107*L107)," ") -> 9 | O107: =IFERROR(M107*N107," ") -> 1932.39 | P107: =IFERROR(IF(A107="","",O107-S107)," ") -> -1318.68 | Q107: =IFERROR(IF(A107="","",P107/O107)," ") -> -0.68240883 | R107: =IFERROR(IF(A107="","",(IF(Q107<0,"Negative",IF(Q107=0,"Same",IF(Q107>0.3,"30+%",IF(Q107>0.2,"20-30%",IF(Q107>0.1,"10-20%",IF(Q107<=0.1,"0-10%"))))))))," ") -> Negative | S107: =IFERROR(IF(A107="","",T107*N107)," ") -> 3251.07 | T107: =IFERROR(IF(A107="","",X107/AB107)," ") -> 361.23 | U107: 61CX01 | V107: E | X107: 361.23 | Z107: 0 | AA107: EA | AB107: 1 | AC107: RPB SAFETY | AD107: 03-855 | AE107: Battery | AF107: Safety | AG107: Powered Air-Purifying Respirator Batteries | AH107: Respiratory | AJ107: UOM Issue
A108: 139 | B108: 86 | F108: GLV 18G GRY XL BLK HCT MICRO FM NTRL PLM | G108: AIRGAS | H108: AYI00-840-XL | I108: FALSE | J108: 1 | K108: 8.87 | L108: 216 | M108: =IFERROR(IF(A108="","",K108/J108)," ") -> 8.87 | N108: =IFERROR(IF(A108="","",J108*L108)," ") -> 216 | O108: =IFERROR(M108*N108," ") -> 1915.92 | P108: =IFERROR(IF(A108="","",O108-S108)," ") -> -1926.54 | Q108: =IFERROR(IF(A108="","",P108/O108)," ") -> -1.005543 | R108: =IFERROR(IF(A108="","",(IF(Q108<0,"Negative",IF(Q108=0,"Same",IF(Q108>0.3,"30+%",IF(Q108>0.2,"20-30%",IF(Q108>0.1,"10-20%",IF(Q108<=0.1,"0-10%"))))))))," ") -> Negative | S108: =IFERROR(IF(A108="","",T108*N108)," ") -> 3842.46 | T108: =IFERROR(IF(A108="","",X108/AB108)," ") -> 17.789167 | U108: 379AK8 | V108: E | X108: 213.47 | Z108: 0 | AA108: PK | AB108: 12 | AC108: ARMOR GUYS | AD108: 00-840-XL | AE108: Cut-Resistant Glove,ANSI A4,XL,PK12 | AF108: Safety | AG108: Knit Gloves and Mitts | AH108: Gloves and Hand Protection | AJ108: UOM Issue
A109: 141 | B109: 68 | F109: GLV CUT RES 11 KV/PL/CT LTHR PLM | G109: AIRGAS | H109: ANE70-765-11 | I109: FALSE | J109: 1 | K109: 18.95 | L109: 96 | M109: =IFERROR(IF(A109="","",K109/J109)," ") -> 18.95 | N109: =IFERROR(IF(A109="","",J109*L109)," ") -> 96 | O109: =IFERROR(M109*N109," ") -> 1819.2 | P109: =IFERROR(IF(A109="","",O109-S109)," ") -> -1086.72 | Q109: =IFERROR(IF(A109="","",P109/O109)," ") -> -0.59736148 | R109: =IFERROR(IF(A109="","",(IF(Q109<0,"Negative",IF(Q109=0,"Same",IF(Q109>0.3,"30+%",IF(Q109>0.2,"20-30%",IF(Q109>0.1,"10-20%",IF(Q109<=0.1,"0-10%"))))))))," ") -> Negative | S109: =IFERROR(IF(A109="","",T109*N109)," ") -> 2905.92 | T109: =IFERROR(IF(A109="","",X109/AB109)," ") -> 30.27 | U109: 2JBE1 | V109: E | X109: 30.27 | Z109: 0 | AA109: PR | AB109: 1 | AC109: ACTIVARMR | AD109: 70-765 | AE109: Leather Cut-Resistant Glove,2XL/11,PR | AF109: Safety | AG109: Knit Gloves and Mitts | AH109: Gloves and Hand Protection | AJ109: UOM Issue
A110: 144 | B110: 99 | F110: GLV CUT RES PU CTD SM WHT 13 GA HPPE | G110: AIRGAS | H110: B13540-S | I110: FALSE | J110: 1 | K110: 6.27 | L110: 288 | M110: =IFERROR(IF(A110="","",K110/J110)," ") -> 6.27 | N110: =IFERROR(IF(A110="","",J110*L110)," ") -> 288 | O110: =IFERROR(M110*N110," ") -> 1805.76 | P110: =IFERROR(IF(A110="","",O110-S110)," ") -> -2116.8 | Q110: =IFERROR(IF(A110="","",P110/O110)," ") -> -1.1722488 | R110: =IFERROR(IF(A110="","",(IF(Q110<0,"Negative",IF(Q110=0,"Same",IF(Q110>0.3,"30+%",IF(Q110>0.2,"20-30%",IF(Q110>0.1,"10-20%",IF(Q110<=0.1,"0-10%"))))))))," ") -> Negative | S110: =IFERROR(IF(A110="","",T110*N110)," ") -> 3922.56 | T110: =IFERROR(IF(A110="","",X110/AB110)," ") -> 13.62 | U110: 40LJ92 | V110: FE | X110: 13.62 | Z110: 0 | AA110: PR | AB110: 1 | AC110: HYFLEX | AD110: 11-727 | AE110: PR,Cut Resistant Gloves,Size 7,Gray | AF110: Safety | AG110: Knit Gloves and Mitts | AH110: Gloves and Hand Protection | AJ110: UOM Issue
A111: 149 | B111: 96 | F111: GLV GP GRIP 376 FM NTRL XL BLK/BLU 13 GA | G111: AIRGAS | H111: B13376XL-09 | I111: FALSE | J111: 1 | K111: 4.22 | L111: 384 | M111: =IFERROR(IF(A111="","",K111/J111)," ") -> 4.22 | N111: =IFERROR(IF(A111="","",J111*L111)," ") -> 384 | O111: =IFERROR(M111*N111," ") -> 1620.48 | P111: =IFERROR(IF(A111="","",O111-S111)," ") -> -1559.04 | Q111: =IFERROR(IF(A111="","",P111/O111)," ") -> -0.96208531 | R111: =IFERROR(IF(A111="","",(IF(Q111<0,"Negative",IF(Q111=0,"Same",IF(Q111>0.3,"30+%",IF(Q111>0.2,"20-30%",IF(Q111>0.1,"10-20%",IF(Q111<=0.1,"0-10%"))))))))," ") -> Negative | S111: =IFERROR(IF(A111="","",T111*N111)," ") -> 3179.52 | T111: =IFERROR(IF(A111="","",X111/AB111)," ") -> 8.28 | U111: 18F252 | V111: E | X111: 8.28 | Z111: 0 | AA111: PR | AB111: 1 | AC111: SHOWA | AD111: 376XL-09 | AE111: Coated Gloves,Black/Blue,XL,PR | AF111: Safety | AG111: Knit Gloves and Mitts | AH111: Gloves and Hand Protection | AI111: TRUE | AJ111: UOM Issue
A112: 153 | B112: 92 | F112: GLV CUT RES 15 GA ENGRD LNR XL ORG BLK | G112: AIRGAS | H112: AYI04-400MTN-XL | I112: FALSE | J112: 1 | K112: 8.21 | L112: 187 | M112: =IFERROR(IF(A112="","",K112/J112)," ") -> 8.21 | N112: =IFERROR(IF(A112="","",J112*L112)," ") -> 187 | O112: =IFERROR(M112*N112," ") -> 1535.27 | P112: =IFERROR(IF(A112="","",O112-S112)," ") -> -1631.4192 | Q112: =IFERROR(IF(A112="","",P112/O112)," ") -> -1.0626269 | R112: =IFERROR(IF(A112="","",(IF(Q112<0,"Negative",IF(Q112=0,"Same",IF(Q112>0.3,"30+%",IF(Q112>0.2,"20-30%",IF(Q112>0.1,"10-20%",IF(Q112<=0.1,"0-10%"))))))))," ") -> Negative | S112: =IFERROR(IF(A112="","",T112*N112)," ") -> 3166.6892 | T112: =IFERROR(IF(A112="","",X112/AB112)," ") -> 16.934167 | U112: 379AH4 | V112: E | X112: 203.21 | Z112: 0 | AA112: PK | AB112: 12 | AC112: ARMOR GUYS | AD112: 04-400MTN-XL | AE112: Cut-Resistant Glove,ANSI A4,XL,PK12 | AF112: Safety | AG112: Knit Gloves and Mitts | AH112: Gloves and Hand Protection | AJ112: UOM Issue
A113: 154 | B113: 55 | F113: SPRY SCK PAINTING HOOD 144 SOCKS/BX | G113: AIRGAS | H113: ALE1410 | I113: FALSE | J113: 1 | K113: 152.70 | L113: 10 | M113: =IFERROR(IF(A113="","",K113/J113)," ") -> 152.7 | N113: =IFERROR(IF(A113="","",J113*L113)," ") -> 10 | O113: =IFERROR(M113*N113," ") -> 1527 | P113: =IFERROR(IF(A113="","",O113-S113)," ") -> 1508.8167 | Q113: =IFERROR(IF(A113="","",P113/O113)," ") -> 0.98809212 | R113: =IFERROR(IF(A113="","",(IF(Q113<0,"Negative",IF(Q113=0,"Same",IF(Q113>0.3,"30+%",IF(Q113>0.2,"20-30%",IF(Q113>0.1,"10-20%",IF(Q113<=0.1,"0-10%"))))))))," ") -> 30+% | S113: =IFERROR(IF(A113="","",T113*N113)," ") -> 18.183333 | T113: =IFERROR(IF(A113="","",X113/AB113)," ") -> 1.8183333 | U113: 46W162 | V113: FE | X113: 21.82 | Z113: 0 | AA113: PK | AB113: 12 | AC113: CONDOR | AD113: 46W162 | AE113: Paint Spray Sock,Uni,White,Cotton,PK12 | AF113: Safety | AG113: Chemical and Particulate Protective Hoods | AH113: Chemical and Particulate Protective Clothing | AJ113: UOM Issue
A114: 160 | B114: 446 | F114: SLV 9OZ 18" GRN FR CTTN ELAS AT BTH ENDS | G114: AIRGAS | H114: RAD64054950 | I114: FALSE | J114: 1 | K114: 7.24 | L114: 190 | M114: =IFERROR(IF(A114="","",K114/J114)," ") -> 7.24 | N114: =IFERROR(IF(A114="","",J114*L114)," ") -> 190 | O114: =IFERROR(M114*N114," ") -> 1375.6 | P114: =IFERROR(IF(A114="","",O114-S114)," ") -> 68.4 | Q114: =IFERROR(IF(A114="","",P114/O114)," ") -> 0.049723757 | R114: =IFERROR(IF(A114="","",(IF(Q114<0,"Negative",IF(Q114=0,"Same",IF(Q114>0.3,"30+%",IF(Q114>0.2,"20-30%",IF(Q114>0.1,"10-20%",IF(Q114<=0.1,"0-10%"))))))))," ") -> 0-10% | S114: =IFERROR(IF(A114="","",T114*N114)," ") -> 1307.2 | T114: =IFERROR(IF(A114="","",X114/AB114)," ") -> 6.88 | U114: 6NE10 | V114: FE | X114: 6.88 | Z114: 0 | AA114: PR | AB114: 1 | AC114: CONDOR | AD114: 6NE10 | AE114: FR Treated Cotton Sleeve,21-1/2",Grn,PR | AF114: Safety | AG114: Welding Sleeves | AH114: Flame Resistant and Arc Flash Clothing | AJ114: UOM Issue
A115: 161 | B115: 371 | F115: GLS CLP ON BLU FLIP UP HALF EYE COB | G115: AIRGAS | H115: PHIWLD-CB8-HCO | I115: FALSE | J115: 1 | K115: 45.17 | L115: 30 | M115: =IFERROR(IF(A115="","",K115/J115)," ") -> 45.17 | N115: =IFERROR(IF(A115="","",J115*L115)," ") -> 30 | O115: =IFERROR(M115*N115," ") -> 1355.1 | P115: =IFERROR(IF(A115="","",O115-S115)," ") -> -2743.5 | Q115: =IFERROR(IF(A115="","",P115/O115)," ") -> -2.0245738 | R115: =IFERROR(IF(A115="","",(IF(Q115<0,"Negative",IF(Q115=0,"Same",IF(Q115>0.3,"30+%",IF(Q115>0.2,"20-30%",IF(Q115>0.1,"10-20%",IF(Q115<=0.1,"0-10%"))))))))," ") -> Negative | S115: =IFERROR(IF(A115="","",T115*N115)," ") -> 4098.6 | T115: =IFERROR(IF(A115="","",X115/AB115)," ") -> 136.62 | U115: 21UP15 | V115: FE | X115: 136.62 | Z115: 0 | AA115: EA | AB115: 1 | AC115: HONEYWELL UVEX | AD115: 32-8LFFB8-0000 | AE115: Clip-OnEyewear,BlueLens,FullFront,SS | AF115: Safety | AG115: Hard Hat Attachable Eyewear | AH115: Eye Protection and Accessories | AJ115: UOM Issue
A116: 162 | B116: 370 | F116: GLS SFTY BLU 8.0 HRD HAT CLP ON FUL EYE | G116: AIRGAS | H116: PHIWLD-CB8-FCOHH | I116: FALSE | J116: 1 | K116: 45.02 | L116: 30 | M116: =IFERROR(IF(A116="","",K116/J116)," ") -> 45.02 | N116: =IFERROR(IF(A116="","",J116*L116)," ") -> 30 | O116: =IFERROR(M116*N116," ") -> 1350.6 | P116: =IFERROR(IF(A116="","",O116-S116)," ") -> -2748 | Q116: =IFERROR(IF(A116="","",P116/O116)," ") -> -2.0346513 | R116: =IFERROR(IF(A116="","",(IF(Q116<0,"Negative",IF(Q116=0,"Same",IF(Q116>0.3,"30+%",IF(Q116>0.2,"20-30%",IF(Q116>0.1,"10-20%",IF(Q116<=0.1,"0-10%"))))))))," ") -> Negative | S116: =IFERROR(IF(A116="","",T116*N116)," ") -> 4098.6 | T116: =IFERROR(IF(A116="","",X116/AB116)," ") -> 136.62 | U116: 21UP15 | V116: FE | X116: 136.62 | Z116: 0 | AA116: EA | AB116: 1 | AC116: HONEYWELL UVEX | AD116: 32-8LFFB8-0000 | AE116: Clip-OnEyewear,BlueLens,FullFront,SS | AF116: Safety | AG116: Hard Hat Attachable Eyewear | AH116: Eye Protection and Accessories | AJ116: UOM Issue
...

Sheet Cust File
A2: Project Name | B2: Sequence Number | C2: Location | D2: Customer Internal Part Number | E2: Transaction Date | F2: Distributor Name | G2: Distributor Part Number | H2: Item Description | I2: Manufacturer | J2: Manufacturer Part Number | K2: Other Notes 1 | L2: Other Notes 2 | M2: Other Notes 3 | N2: UOM | O2: UOM Qty | P2: Pack Price | Q2: Qty | R2: Unit Price | S2: Total Baseline Units | T2: Extended Price
A3: BlueScope_IMT Airgas Safety Spend PA EXT | B3: 125 | D3: 45926 | F3: AIRGAS | G3: CB2GENERIC | H3: [DS] CHICAGO PROTECTIVE APPAREL/CPA | I3: CHICAGO PROTECTIVE APPAREL | J3: CB2GENERIC | N3: EA | O3: 1 | P3: 601.9006 | Q3: 144 | R3: 601.9006 | S3: 144 | T3: 86673.686
A4: BlueScope_IMT Airgas Safety Spend PA EXT | B4: 515 | D4: 45929 | F4: AIRGAS | G4: RPB03-892 | H4: FLTR HI EFNC (HE) PX5 | I4: RPB SAFETY | J4: RPB03-892 | N4: EA | O4: 1 | P4: 54.7469 | Q4: 1010 | R4: 54.7469 | S4: 1010 | T4: 55294.369
A5: BlueScope_IMT Airgas Safety Spend PA EXT | B5: 216 | D5: 45903 | F5: AIRGAS | G5: IS6PR05814B0A1 | H5: HRDHT BLK NCK CAPE HE FLTR INT&EXT SWCH | I5: INTERACTIVE SAFETY PROD | J5: IS6PR05814B0A1 | K5: COLOR: BLACK | N5: EA | O5: 1 | P5: 1758.5146 | Q5: 26 | R5: 1758.5146 | S5: 26 | T5: 45721.38
A6: BlueScope_IMT Airgas Safety Spend PA EXT | B6: 322 | D6: 45926 | F6: AIRGAS | G6: N33GENERIC | H6: [DS] NATIONAL SAFETY APPAREL INC | I6: NATIONAL SAFETY APPAREL INC | J6: N33GENERIC | N6: EA | O6: 1 | P6: 373.252 | Q6: 115 | R6: 373.252 | S6: 115 | T6: 42923.98
A7: BlueScope_IMT Airgas Safety Spend PA EXT | B7: 527 | D7: 45929 | F7: AIRGAS | G7: RPB16-078-21-FR | H7: RESP Z-LINK & RESP INCL 16-810 SFTY LENS | I7: RPB SAFETY | J7: RPB16-078-21-FR | K7: Type: CO Monitor Parts & Consumables, Package Quantity: 1, Description: Z Link Safety Lens, Intrinsically Safe: No, Series: Z-Link, Manufacturers Part Number: 16-810, Batteries: No | N7: EA | O7: 1 | P7: 2547.8493 | Q7: 14 | R7: 2547.8493 | S7: 14 | T7: 35669.89
A8: BlueScope_IMT Airgas Safety Spend PA EXT | B8: 16 | D8: 45915 | F8: AIRGAS | G8: 3MR15-0299-99X20 | H8: FLTR PAPR HI EFNC PRTCLT ADFLO 20/CA | I8: 3M COMPANY | J8: 3MR15-0299-99X20 | K8: TYPE: PAPR, USE: Particulate | N8: EA | O8: 1 | P8: 58.3169 | Q8: 600 | R8: 58.3169 | S8: 600 | T8: 34990.14
A9: BlueScope_IMT Airgas Safety Spend PA EXT | B9: 33 | D9: 45880 | F9: AIRGAS | G9: 3MR37-1101-30ISW | H9: >> PAPR SYS W/WLDG HLMT HE L-ION BAT | I9: 3M COMPANY | J9: 3MR37-1101-30ISW | K9: TYPE: PAPR System, USE: Welding | N9: CA | O9: 1 | P9: 1672.6299 | Q9: 18 | R9: 1672.6299 | S9: 18 | T9: 30107.338
A10: BlueScope_IMT Airgas Safety Spend PA EXT | B10: 565 | D10: 45919 | F10: AIRGAS | G10: SEL4125AFB | H10: FCSHD CLR GLD HT REFLV A/FG | I10: SELLSTROM MANUFACTURING | J10: SEL4125AFB | K10: COLOR: Clear/Gold | N10: EA | O10: 1 | P10: 147.3939 | Q10: 120 | R10: 147.3939 | S10: 120 | T10: 17687.268
A11: BlueScope_IMT Airgas Safety Spend PA EXT | B11: 461 | D11: 45926 | F11: AIRGAS | G11: RAD64057044 | H11: GLV DRVR LG GN CWHD HIVIS IMPRINTED | I11: AIRGAS (PRIVATE LABEL) / RADNOR | J11: RAD64057044 | K11: TYPE: Driver, MATERIAL: Cowhide, COLOR: Hi-Vis Green | N11: PR | O11: 1 | P11: 4.9564 | Q11: 3504 | R11: 4.9564 | S11: 3504 | T11: 17367.226
A12: BlueScope_IMT Airgas Safety Spend PA EXT | B12: 108 | D12: 45866 | F12: AIRGAS | G12: B86BWC2RM | H12: MNTR SNGL GAS BW CLP CO 35-200PPM RTD 2Y | I12: HONEYWELL SAFETY PRODUCTS | J12: B86BWC2RM | K12: RANGE: 35-200PPM | N12: EA | O12: 1 | P12: 211.9441 | Q12: 78 | R12: 211.9441 | S12: 78 | T12: 16531.64
A13: BlueScope_IMT Airgas Safety Spend PA EXT | B13: 266 | D13: 45924 | F13: AIRGAS | G13: MOL6645 | H13: DSPR FOR FM ERPG PLUGSTATION 500 PAIRS | I13: MOLDEX METRIC INC | J13: MOL6645 | N13: DI | O13: 1 | P13: 69.1572 | Q13: 232 | R13: 69.1572 | S13: 232 | T13: 16044.47
A14: BlueScope_IMT Airgas Safety Spend PA EXT | B14: 282 | D14: 45929 | F14: AIRGAS | G14: MSA475396 | H14: HDCP SKLGD WHT FAS-TRAC SUSP | I14: MSA (MINE SAFETY APPLIANCES CO) | J14: MSA475396 | K14: TYPE: Fas-Trac | N14: EA | O14: 1 | P14: 114.0985 | Q14: 140 | R14: 114.0985 | S14: 140 | T14: 15973.79
A15: BlueScope_IMT Airgas Safety Spend PA EXT | B15: 321 | D15: 45924 | F15: AIRGAS | G15: N33DJXG705185XL | H15: GLV 18.5" XL ALUMZD LTHR PLM PTCH CTTN | I15: NATIONAL SAFETY APPAREL INC | J15: N33DJXG705185XL | K15: SIZE: XL, LENGTH: 18.5", MATERIAL: Aluminized Leather, Cotton | N15: PR | O15: 1 | P15: 80.7292 | Q15: 192 | R15: 80.7292 | S15: 192 | T15: 15500.006
A16: BlueScope_IMT Airgas Safety Spend PA EXT | B16: 51 | D16: 45924 | F16: AIRGAS | G16: 3MRS1201SGAF-KT | H16: GLS KT FM STRP CLR A/FG LENS GRN/BLK FRM | I16: 3M COMPANY | J16: 3MRS1201SGAF-KT | K16: LENS COLOR: CLEAR, FRAME COLOR: GREEN/BLACK, ATTACHMENTS: STRAP | N16: KT | O16: 1 | P16: 14.3636 | Q16: 1040 | R16: 14.3636 | S16: 1040 | T16: 14938.144
A17: BlueScope_IMT Airgas Safety Spend PA EXT | B17: 295 | D17: 45925 | F17: AIRGAS | G17: N33C22CWXL48179 | H17: CT HT RES XL 12OZ OPF BLND FLCE CLTH | I17: NATIONAL SAFETY APPAREL INC | J17: N33C22CWXL48179 | K17: TYPE: Cloth, SIZE: 12 OZ, MATERIAL: Blended Fleece | N17: EA | O17: 1 | P17: 539.5015 | Q17: 24 | R17: 539.5015 | S17: 24 | T17: 12948.036
A18: BlueScope_IMT Airgas Safety Spend PA EXT | B18: 191 | D18: 45929 | F18: AIRGAS | G18: HONMXM-1-D | H18: ERPG UCRD SNGL USE MXM BL SHAPE PU FM | I18: HONEYWELL SAFETY PRODUCTS | J18: HONMXM-1-D | K18: MATERIAL: PU | N18: BX | O18: 1 | P18: 57.4451 | Q18: 216 | R18: 57.4451 | S18: 216 | T18: 12408.142
A19: BlueScope_IMT Airgas Safety Spend PA EXT | B19: 329 | D19: 45911 | F19: AIRGAS | G19: N33H74H3001 | H19: TALLYHOOD 8.6OZ OPF BLND RPSP TWLL | I19: NATIONAL SAFETY APPAREL INC | J19: N33H74H3001 | K19: TYPE: Twill, SIZE: 8.6 oz, MATERIAL: OPF Blend | N19: EA | O19: 1 | P19: 83.8061 | Q19: 144 | R19: 83.8061 | S19: 144 | T19: 12068.078
A20: BlueScope_IMT Airgas Safety Spend PA EXT | B20: 291 | D20: 45905 | F20: AIRGAS | G20: N33C22CW3X48179 | H20: CT HT RES 3X 12OZ OPF BLND FLCE CLTH | I20: NATIONAL SAFETY APPAREL INC | J20: N33C22CW3X48179 | K20: SIZE: 3X 12OZ, MATERIAL: BLEND FLEECE CLOTH | N20: EA | O20: 1 | P20: 593.4318 | Q20: 20 | R20: 593.4318 | S20: 20 | T20: 11868.636
A21: BlueScope_IMT Airgas Safety Spend PA EXT | B21: 511 | D21: 45916 | F21: AIRGAS | G21: RPB03-810 | H21: FAN HSNG | I21: RPB SAFETY | J21: RPB03-810 | N21: EA | O21: 1 | P21: 867.9772 | Q21: 13 | R21: 867.9772 | S21: 13 | T21: 11283.704
A22: BlueScope_IMT Airgas Safety Spend PA EXT | B22: 326 | D22: 45897 | F22: AIRGAS | G22: N33H31NK | H22: HOOD 6OZ UNIV NMX BIB WHT FR | I22: NATIONAL SAFETY APPAREL INC | J22: N33H31NK | K22: TYPE: Hood, SIZE: Universal, MATERIAL: Nomex, COLOR: White | N22: EA | O22: 1 | P22: 29.4522 | Q22: 384 | R22: 29.4522 | S22: 384 | T22: 11309.645
A23: BlueScope_IMT Airgas Safety Spend PA EXT | B23: 560 | D23: 45917 | F23: AIRGAS | G23: SEL24125AFB | H23: FACESHIELD ASSEMBLY | I23: SELLSTROM MANUFACTURING | J23: SEL24125AFB | N23: EA | O23: 1 | P23: 160.3324 | Q23: 70 | R23: 160.3324 | S23: 70 | T23: 11223.268
A24: BlueScope_IMT Airgas Safety Spend PA EXT | B24: 290 | D24: 45903 | F24: AIRGAS | G24: N33C22CW2X48179 | H24: CT ALUMZD 2X 48" LNG 14OZ CARBON-X | I24: NATIONAL SAFETY APPAREL INC | J24: N33C22CW2X48179 | K24: LENGTH: 48", MATERIAL: CARBON-X | N24: EA | O24: 1 | P24: 595.3713 | Q24: 18 | R24: 595.3713 | S24: 18 | T24: 10716.683
A25: BlueScope_IMT Airgas Safety Spend PA EXT | B25: 97 | D25: 45926 | F25: AIRGAS | G25: B13540-L | H25: GLV CUT RES PU CTD LG WHT 13 GA HPPE | I25: SHOWA BEST GLOVE INC | J25: B13540-L | K25: TYPE: Cut Resistant, SIZE: Large, MATERIAL: HPPE, COLOR: White | N25: PR | O25: 1 | P25: 6.2338 | Q25: 1680 | R25: 6.2338 | S25: 1680 | T25: 10472.784
A26: BlueScope_IMT Airgas Safety Spend PA EXT | B26: 450 | D26: 45915 | F26: AIRGAS | G26: RAD64055740 | H26: SRBNT UNIV PD HVY WGT 15"X17" EA=BG | I26: AIRGAS (PRIVATE LABEL) / RADNOR | J26: RAD64055740 | K26: TYPE: Universal, FORM: Pad, SIZE: 15" x 17" | N26: EA | O26: 1 | P26: 39.0227 | Q26: 270 | R26: 39.0227 | S26: 270 | T26: 10536.129
A27: BlueScope_IMT Airgas Safety Spend PA EXT | B27: 621 | D27: 45904 | F27: AIRGAS | G27: W67GENERIC | H27: [DS] WILSON BOHANNAN COMPANY | I27: WILSON BOHANNAN | J27: W67GENERIC | N27: EA | O27: 1 | P27: 23.0944 | Q27: 454 | R27: 23.0944 | S27: 454 | T27: 10484.858
A28: BlueScope_IMT Airgas Safety Spend PA EXT | B28: 601 | D28: 45926 | F28: AIRGAS | G28: TIL24DL | H28: GLV MIG/TIG PRM TOP GN KDSKN LTHR LG | I28: JOHN TILLMAN & CO | J28: TIL24DL | K28: TYPE: MIG/TIG, SIZE: LG, MATERIAL: Kidskin Leather, COLOR: Green, CUFF: Premium Top | N28: PR | O28: 1 | P28: 19.2085 | Q28: 540 | R28: 19.2085 | S28: 540 | T28: 10372.59
A29: BlueScope_IMT Airgas Safety Spend PA EXT | B29: 148 | D29: 45813 | F29: AIRGAS | G29: D623400135 | H29: LFLN SLF-RTRCTG 50' CL 1 SEALED-BLOK SS | I29: 3M COMPANY | J29: D623400135 | K29: MATERIAL: Stainless Steel, SIZE: 50' | N29: EA | O29: 1 | P29: 2062.9776 | Q29: 5 | R29: 2062.9776 | S29: 5 | T29: 10314.888
A30: BlueScope_IMT Airgas Safety Spend PA EXT | B30: 389 | D30: 45924 | F30: AIRGAS | G30: PIP16-377/L | H30: GLV CUT RES POLYKOR X7 BLND SHL LG GRY | I30: PROTECTIVE INDUSTRIAL PRODUCTS | J30: PIP16-377/L | K30: TYPE: Cut Resistant, SIZE: Large, MATERIAL: PolyKor Blend, COLOR: Gray | N30: PR | O30: 1 | P30: 14.241 | Q30: 720 | R30: 14.241 | S30: 720 | T30: 10253.52
A31: BlueScope_IMT Airgas Safety Spend PA EXT | B31: 537 | D31: 45929 | F31: AIRGAS | G31: RPB16-810 | H31: LENS SFTY Z-LNK A/FG A/SCRTCH | I31: RPB SAFETY | J31: RPB16-810 | K31: TYPE: Safety Lens | N31: EA | O31: 1 | P31: 29.9254 | Q31: 343 | R31: 29.9254 | S31: 343 | T31: 10264.412
A32: BlueScope_IMT Airgas Safety Spend PA EXT | B32: 145 | D32: 45897 | F32: AIRGAS | G32: D623100548 | H32: LFLN SLF RTRCTG 6' PERSL SWVL SNP HK | I32: 3M COMPANY | J32: D623100548 | K32: SIZE: 6' | L32: 806XZ7 | N32: EA | O32: 1 | P32: 496.1075 | Q32: 20 | R32: 496.1075 | S32: 20 | T32: 9922.15
A33: BlueScope_IMT Airgas Safety Spend PA EXT | B33: 98 | D33: 45924 | F33: AIRGAS | G33: B13540-M | H33: GLV CUT RES PU CTD MD WHT 13 GA HPPE | I33: SHOWA BEST GLOVE INC | J33: B13540-M | K33: TYPE: Cut Resistant, MATERIAL: HPPE, COLOR: White | N33: PR | O33: 1 | P33: 6.2563 | Q33: 1584 | R33: 6.2563 | S33: 1584 | T33: 9909.9792
A34: BlueScope_IMT Airgas Safety Spend PA EXT | B34: 70 | D34: 45926 | F34: AIRGAS | G34: ANE70-765-9 | H34: GLV CUT RES 9 KV/PL/CT LTHR PLM | I34: ANSELL | J34: ANE70-765-9 | K34: TYPE: Cut Resistant, SIZE: 9, MATERIAL: Leather Palm | N34: PR | O34: 1 | P34: 19.1027 | Q34: 504 | R34: 19.1027 | S34: 504 | T34: 9627.7608
A35: BlueScope_IMT Airgas Safety Spend PA EXT | B35: 31 | D35: 45922 | F35: AIRGAS | G35: 3MR35-1099-07 | H35: BAT RESPY PAPR LIION 35-1099-07 ADFLO | I35: 3M COMPANY | J35: 3MR35-1099-07 | K35: Brand: 3M, Battery Type: Rechargeable, Brand and Series: 3M Adflo 9100 FX-Air, 9100 MP, 9100-Air, System Type: PAPR System, Material: Lithium Ion Cell; Nylon, Maximum Operating Temperature: 129 °F, Minimum Operating Temperature: 23 °F | L35: 32NC27 | N35: EA | O35: 1 | P35: 389.8257 | Q35: 24 | R35: 389.8257 | S35: 24 | T35: 9355.8168
A36: BlueScope_IMT Airgas Safety Spend PA EXT | B36: 451 | D36: 45910 | F36: AIRGAS | G36: RAD64055742 | H36: SRBNT UNIV RL HVY WGT 30X150PRFRTD EA=BA | I36: AIRGAS (PRIVATE LABEL) / RADNOR | J36: RAD64055742 | K36: TYPE: UNIVERSAL, FORM: ROLL, SIZE: 30X150 | N36: EA | O36: 1 | P36: 89.2857 | Q36: 100 | R36: 89.2857 | S36: 100 | T36: 8928.57
A37: BlueScope_IMT Airgas Safety Spend PA EXT | B37: 18 | D37: 45870 | F37: AIRGAS | G37: 3MR27-0099-35SW | H37: HLMT WLDG 9100 MP W/HRDHT & SWS | I37: 3M COMPANY | J37: 3MR27-0099-35SW | N37: EA | O37: 1 | P37: 750.2512 | Q37: 11 | R37: 750.2512 | S37: 11 | T37: 8252.7632
A38: BlueScope_IMT Airgas Safety Spend PA EXT | B38: 209 | D38: 45861 | F38: AIRGAS | G38: IS6PR02026SP | H38: FLTR ESM WLDG HLMT HI EFNC | I38: INTERACTIVE SAFETY PROD | J38: IS6PR02026SP | N38: EA | O38: 1 | P38: 108.3009 | Q38: 76 | R38: 108.3009 | S38: 76 | T38: 8230.8684
A39: BlueScope_IMT Airgas Safety Spend PA EXT | B39: 514 | D39: 45929 | F39: AIRGAS | G39: RPB03-890 | H39: PRE-FILTER PX5 EA = PK/10 | I39: RPB SAFETY | J39: RPB03-890 | K39: TYPE: Pre-Filter | N39: EA | O39: 1 | P39: 21.8496 | Q39: 374 | R39: 21.8496 | S39: 374 | T39: 8171.7504
